{
  "type": "FeatureCollection",
  "name": "长沙市区及长沙县历史文化建筑点位数据_第一版",
  "crs": {
    "type": "name",
    "properties": {
      "name": "EPSG:4326"
    }
  },
  "features": [
    {
      "type": "Feature",
      "geometry": {
        "type": "Point",
        "coordinates": [
          112.96674294,
          28.17916444
        ]
      },
      "properties": {
        "标准名称": "湖南第一师范学院",
        "所在区县": "天心区",
        "分类类别": "文物保护单位",
        "单位等级层级": "国家级",
        "保护或认定名称": "湖南省立第一师范学校旧址",
        "坐标来源": "项目QGIS历史点位图层",
        "坐标精度": "项目图层坐标，WGS84，经纬度",
        "点位介绍": "一、区位与格局：位于天心区书院路、妙高峰下，西近湘江，北接南门口和文庙坪片区，是长沙古城南部书院文脉与红色教育空间的重要锚点。\n二、历史沿革：其前身可追溯至南宋城南书院，清末转为师范教育机构，民国时期形成现存校园格局。青年毛泽东曾在此求学和工作，2006年公布为第六批全国重点文物保护单位。\n三、空间与形制：建筑群采用院落式组织，长廊迂回连接教学、生活与纪念空间，青灰墙面与白色门窗檐饰形成清晰的近代学校建筑风貌。\n四、文化内涵：该点位同时承载湖湘书院传统、近代师范教育和红色革命记忆，是长沙历史步道中最能串联文教与革命叙事的复合节点。\n五、现状功能：现为高校校区和青年毛泽东纪念展示空间，具备研学、红色教育、城市导览和历史建筑展示功能。\n六、规划价值：适合作为书院文脉研学线和古城南部历史步道主节点，规划上可强化与西文庙坪、白沙古井、天心阁之间的步行连续性与讲解系统。",
        "资料来源": "湖南第一师范学院公告；湖南省文物局批复；中国百科/百科坐标",
        "数据状态": "已核验：名称、等级、坐标来自项目QGIS并与公开坐标接近",
        "备注": "",
        "资料来源URL": "https://zrzyt.hunan.gov.cn/zrzyt/dxjyjd/202104/t20210408_16453052.html"
      }
    },
    {
      "type": "Feature",
      "geometry": {
        "type": "Point",
        "coordinates": [
          112.97586211,
          28.18712553
        ]
      },
      "properties": {
        "标准名称": "天心阁",
        "所在区县": "天心区",
        "分类类别": "文物保护单位",
        "单位等级层级": "国家级",
        "保护或认定名称": "天心阁古城墙",
        "坐标来源": "项目QGIS历史点位图层",
        "坐标精度": "项目图层坐标，WGS84，经纬度",
        "点位介绍": "一、区位与格局：位于长沙古城南端高地，控制古城南部天际线与城墙遗存视点，是古城格局识别和城市眺望的重要节点。\n二、历史沿革：长沙城墙大部在二十世纪二十年代拆除，天心阁附近保留约二百余米城墙遗存。天心阁古城墙1993年列为湖南省文物保护单位，2013年列入第七批全国重点文物保护单位。\n三、空间与形制：现存空间由阁楼、城墙、月城和周边公园组成，形成登临、环游和城垣展示相结合的复合空间。\n四、文化内涵：天心阁是长沙古城可见度最高的城防记忆符号，连接古城格局、军事防御、城市眺望和市民集体记忆。\n五、现状功能：现为开放景区与城市公园节点，承担旅游参观、城市休闲、历史解说和形象展示功能。\n六、规划价值：适合作为历史步道的古城门户与汇报展示高点，可叠加城墙复原 AR、古城视廊解说和夜游光影场景。",
        "资料来源": "天心区各级文物保护单位列表；长沙城墙/天心阁公开资料；项目QGIS点位",
        "数据状态": "已核验：项目QGIS点位；等级按天心阁古城墙国保认定",
        "备注": "",
        "资料来源URL": "https://zh.wikipedia.org/wiki/%E9%95%BF%E6%B2%99%E5%B8%82%E6%96%87%E7%89%A9%E4%BF%9D%E6%8A%A4%E5%8D%95%E4%BD%8D"
      }
    },
    {
      "type": "Feature",
      "geometry": {
        "type": "Point",
        "coordinates": [
          112.9782,
          28.1849
        ]
      },
      "properties": {
        "标准名称": "白沙古井",
        "所在区县": "天心区",
        "分类类别": "文物保护单位",
        "单位等级层级": "省级",
        "保护或认定名称": "白沙古井",
        "坐标来源": "公开地图/百科坐标与人工核验",
        "坐标精度": "第一版核验坐标，建议后续以实测或官方地理编码复核",
        "点位介绍": "一、区位与格局：位于天心区白沙路一带，处在古城南部生活性街区内部，与天心阁、湖南第一师范和南门口空间关系紧密。\n二、历史沿革：白沙古井为长沙著名古井遗存，长期与居民取水、城市生活和地方传说相连，2006年列入湖南省文物保护单位。\n三、空间与形制：现状以井亭、井口及周边小尺度公共空间为核心，形成嵌入街区肌理的生活型文化节点。\n四、文化内涵：古井承载长沙市井生活记忆和水文化传统，是将宏大古城叙事转化为日常生活体验的重要媒介。\n五、现状功能：现为居民使用、游客参访和城市记忆展示兼具的开放空间，周边街巷尺度亲切但导览体系仍可加强。\n六、规划价值：适合作为古城步道中的慢停留节点，可设置 AR 古井记忆场景、饮水文化讲解和社区共治展示。",
        "资料来源": "天心区各级文物保护单位列表；湖南省文物保护单位公开资料",
        "数据状态": "已核验：等级与区位已核验，坐标需后续实测复核",
        "备注": "",
        "资料来源URL": "https://zh.wikipedia.org/wiki/%E5%A4%A9%E5%BF%83%E5%8C%BA%E5%90%84%E7%BA%A7%E6%96%87%E7%89%A9%E4%BF%9D%E6%8A%A4%E5%8D%95%E4%BD%8D%E5%88%97%E8%A1%A8"
      }
    },
    {
      "type": "Feature",
      "geometry": {
        "type": "Point",
        "coordinates": [
          112.96619835,
          28.18849955
        ]
      },
      "properties": {
        "标准名称": "西文庙坪牌坊",
        "所在区县": "天心区",
        "分类类别": "历史建筑",
        "单位等级层级": "市级",
        "保护或认定名称": "西文庙坪历史文化空间节点",
        "坐标来源": "项目QGIS历史点位图层",
        "坐标精度": "项目图层坐标，WGS84，经纬度",
        "点位介绍": "一、区位与格局：位于西文庙坪街巷片区，是连接南门口、书院路、白沙古井和天心阁的重要步行转折点。\n二、历史沿革：文庙坪片区与长沙传统教育、礼制空间和老城街巷生活长期相关，牌坊作为街巷识别物强化了片区入口意象。\n三、空间与形制：牌坊与周边小尺度街巷共同构成可步行、可停留、可辨识的传统街区节点，适合进行微更新和导视整合。\n四、文化内涵：该点位强调文庙、书院、街巷和生活记忆之间的连续关系，是历史步道从景点串联转向片区体验的关键节点。\n五、现状功能：现状更接近日常街区空间，文化解说、夜间识别和与周边节点的路径组织仍有提升空间。\n六、规划价值：建议作为 AI 生成西文庙坪支线的起止门户，配置街巷导览牌、历史建筑编号说明和社区口述史采集点。",
        "资料来源": "项目QGIS历史点位图层；长沙第四批历史建筑报道中西文庙坪片区线索",
        "数据状态": "项目资料已核验，法定名录等级待继续向官方历史建筑名录逐项核对",
        "备注": "",
        "资料来源URL": "https://www.sohu.com/a/954260068_121106908"
      }
    },
    {
      "type": "Feature",
      "geometry": {
        "type": "Point",
        "coordinates": [
          112.96319779,
          28.18847641
        ]
      },
      "properties": {
        "标准名称": "杜甫江阁",
        "所在区县": "天心区",
        "分类类别": "历史文化遗址",
        "单位等级层级": "市级",
        "保护或认定名称": "杜甫江阁历史文化景观节点",
        "坐标来源": "项目QGIS历史点位图层",
        "坐标精度": "项目图层坐标，WGS84，经纬度",
        "点位介绍": "一、区位与格局：位于湘江东岸，临近西湖桥、书院路与古城南部文化片区，是长沙山水洲城视廊中的滨江节点。\n二、历史沿革：节点以杜甫流寓湖湘与诗歌记忆为文化背景，虽为当代重建景观建筑，但承接了湘江、古城和诗史文化之间的叙事关系。\n三、空间与形制：建筑面江而立，形成楼阁观景、滨江漫步和城市夜景展示相结合的开敞空间。\n四、文化内涵：该节点将唐诗文化、湘江景观和长沙夜游形象结合，是历史步道连接古城内街巷与滨江视廊的界面。\n五、现状功能：现为重要滨江游览点和夜景观赏地，人流集聚度较高，适合承接夜游和诗歌导览活动。\n六、规划价值：可作为山水洲城视廊线的核心节点，叠加诗词语音导览、夜游消费联动和滨江慢行换乘提示。",
        "资料来源": "项目QGIS重要历史点位图层；长沙滨江文化旅游公开资料",
        "数据状态": "项目资料已核验，非文保等级对象，按历史文化景观节点纳入",
        "备注": "",
        "资料来源URL": "https://whhlyt.hunan.gov.cn/whhlyt/news/sxxw/202407/t20240726_33364941.html"
      }
    },
    {
      "type": "Feature",
      "geometry": {
        "type": "Point",
        "coordinates": [
          112.97239516,
          28.22804573
        ]
      },
      "properties": {
        "标准名称": "开福寺",
        "所在区县": "开福区",
        "分类类别": "文物保护单位",
        "单位等级层级": "省级",
        "保护或认定名称": "开福寺",
        "坐标来源": "项目QGIS历史点位图层",
        "坐标精度": "项目图层坐标，WGS84，经纬度",
        "点位介绍": "一、区位与格局：位于长沙开福区湘江东岸、开福寺路一带，北接城市居住区，南联古城核心区，是长沙北部重要的历史文化节点与宗教空间核心。\n二、历史沿革：开福寺始建于五代后唐时期，距今已有千余年历史，为湖湘地区著名古刹之一。历经宋、元、明、清多次修缮扩建，现存建筑多为清代及近现代重建。\n三、空间与形制：寺院整体依中轴线展开，形成山门、天王殿、大雄宝殿、藏经阁等递进式空间序列，两侧辅以钟鼓楼、厢房等附属建筑。\n四、文化内涵：开福寺为湖湘佛教文化重要载体，保有佛教造像、碑刻和宗教仪式空间，是宗教信仰、文化传承与地方精神的复合节点。\n五、现状功能：现为开放宗教活动场所，同时兼具文化旅游与市民参访功能，寺院环境清幽，与周边城市空间形成节奏转换。\n六、规划价值：可作为历史步道北向延展节点，强化静态文化体验、数字导览和与潮宗街、湘江滨水步道之间的文化串联。",
        "资料来源": "项目QGIS重要历史点位图层；公开百科与宗教文化资料",
        "数据状态": "已核验：坐标来自项目QGIS，等级需以最新省保名录继续复核",
        "备注": "",
        "资料来源URL": "https://zh.wikipedia.org/wiki/%E5%BC%80%E7%A6%8F%E5%AF%BA"
      }
    },
    {
      "type": "Feature",
      "geometry": {
        "type": "Point",
        "coordinates": [
          112.972,
          28.1926
        ]
      },
      "properties": {
        "标准名称": "贾谊故居",
        "所在区县": "天心区",
        "分类类别": "文物保护单位",
        "单位等级层级": "省级",
        "保护或认定名称": "贾谊故居",
        "坐标来源": "公开地图/百科坐标与人工核验",
        "坐标精度": "第一版核验坐标，建议后续以实测或官方地理编码复核",
        "点位介绍": "一、区位与格局：位于太平街与解放西路交汇附近，处在长沙古城商业街巷与历史文化展示最密集的区域。\n二、历史沿革：贾谊故居相传为西汉政论家、文学家贾谊任长沙王太傅期间居住之地，历代屡毁屡建，1983年列入湖南省文物保护单位。\n三、空间与形制：现状以院落、祠堂、太傅井和陈列空间组织参观流线，形成小尺度、内向型的纪念建筑空间。\n四、文化内涵：该点位是长沙“屈贾之乡”叙事的重要载体，连接汉代长沙国、文学传统和太平街商业街巷记忆。\n五、现状功能：现为免费开放的文化展示空间，与太平街游客流线紧密叠合，适合短时参观和专题讲解。\n六、规划价值：适合作为古城文脉主线的核心解释节点，可配置汉长沙国、贾谊文学和太平街街巷更新的复合导览内容。",
        "资料来源": "天心区各级文物保护单位列表；Wikimedia Commons 坐标；公开景区资料",
        "数据状态": "已核验：等级与公开坐标已核验",
        "备注": "",
        "资料来源URL": "https://zh.wikipedia.org/wiki/%E8%B4%BE%E8%B0%8A%E6%95%85%E5%B1%85"
      }
    },
    {
      "type": "Feature",
      "geometry": {
        "type": "Point",
        "coordinates": [
          112.9764,
          28.1996
        ]
      },
      "properties": {
        "标准名称": "潮宗街教堂",
        "所在区县": "开福区",
        "分类类别": "文物保护单位",
        "单位等级层级": "省级",
        "保护或认定名称": "潮宗街基督教堂",
        "坐标来源": "公开地图/百科坐标与人工核验",
        "坐标精度": "第一版核验坐标，建议后续以实测或官方地理编码复核",
        "点位介绍": "一、区位与格局：位于开福区潮宗街143号，处在潮宗街历史文化街区内部，是近代宗教建筑与街巷更新交汇节点。\n二、历史沿革：教堂始建于二十世纪二十年代，原为真耶稣教会长沙分会，2019年公布为湖南省第十批省级文物保护单位。\n三、空间与形制：建筑为砖木结构，清水砖墙、坡屋顶、木楼梯和礼拜空间共同体现中西合璧的近代宗教建筑特征。\n四、文化内涵：该点位体现近代长沙宗教传播、中西文化交流和潮宗街近代街区生活，是古城北部近现代文脉的重要组成。\n五、现状功能：现已恢复宗教与文化展示功能，所在片区街巷活力较强，适合与潮宗街慢行导览结合。\n六、规划价值：可作为潮宗街近代建筑支线节点，叠加建筑细部识别、宗教文化说明和历史街区更新案例展示。",
        "资料来源": "湖南省文旅厅第十批省保新闻；潮宗街教堂公开资料",
        "数据状态": "已核验：等级与地址已核验，坐标需现场或官方地理编码复核",
        "备注": "",
        "资料来源URL": "https://whhlyt.hunan.gov.cn/news/sxxw/201903/t20190306_5378104.html"
      }
    },
    {
      "type": "Feature",
      "geometry": {
        "type": "Point",
        "coordinates": [
          112.93537,
          28.18409
        ]
      },
      "properties": {
        "标准名称": "岳麓书院",
        "所在区县": "岳麓区",
        "分类类别": "文物保护单位",
        "单位等级层级": "国家级",
        "保护或认定名称": "岳麓书院",
        "坐标来源": "公开地图/百科坐标与人工核验",
        "坐标精度": "第一版核验坐标，建议后续以实测或官方地理编码复核",
        "点位介绍": "一、区位与格局：位于岳麓山下、湖南大学校园内，隔湘江与长沙古城相望，是山水洲城格局中最重要的书院文化核心。\n二、历史沿革：岳麓书院创建于北宋开宝九年，历经宋元明清持续办学，1988年列入第三批全国重点文物保护单位。\n三、空间与形制：书院以中轴对称、多进院落组织，讲堂、御书楼、文庙、斋舍和园林空间共同构成完整的传统书院建筑群。\n四、文化内涵：岳麓书院是湖湘文化、书院教育和近现代大学传承的核心符号，具有跨越千年的连续教育文脉。\n五、现状功能：现为湖南大学下属书院和开放景区，兼具教育、研究、展示和旅游功能。\n六、规划价值：适合作为跨江文化延展线的西岸核心，可与第一师范、西文庙坪共同组织“书院文脉研学线”。",
        "资料来源": "岳麓区政府门户网站；岳麓区各级文物保护单位列表；公开坐标",
        "数据状态": "已核验：等级、地址与坐标已公开核验",
        "备注": "",
        "资料来源URL": "https://zrzyt.hunan.gov.cn/zrzyt/dxjyjd/202104/t20210408_16453052.html"
      }
    },
    {
      "type": "Feature",
      "geometry": {
        "type": "Point",
        "coordinates": [
          112.932044,
          28.184114
        ]
      },
      "properties": {
        "标准名称": "爱晚亭",
        "所在区县": "岳麓区",
        "分类类别": "文物保护单位",
        "单位等级层级": "国家级",
        "保护或认定名称": "爱晚亭",
        "坐标来源": "公开地图/百科坐标与人工核验",
        "坐标精度": "第一版核验坐标，建议后续以实测或官方地理编码复核",
        "点位介绍": "一、区位与格局：位于岳麓山清风峡，是岳麓山风景区和岳麓书院文化游线中的标志性亭台节点。\n二、历史沿革：爱晚亭始建于清乾隆五十七年，原名红叶亭、爱枫亭，2013年列入第七批全国重点文物保护单位。\n三、空间与形制：亭体依山就势，与山径、溪谷、枫林和书院环境共同构成小尺度观景与停留空间。\n四、文化内涵：该亭以杜牧诗意、湖湘书院文脉和毛泽东青年时代活动记忆叠合，形成诗意景观与红色记忆并置的节点。\n五、现状功能：现为高知名度景观节点，游客停留与摄影需求旺盛，节假日承载压力较大。\n六、规划价值：可作为山水视廊与研学路线节点，通过时段分流、诗词讲解和秋季专题活动提升体验质量。",
        "资料来源": "Wikimedia Commons 坐标；中新网/湖南日报第七批国保报道；岳麓区各级文保列表",
        "数据状态": "已核验：等级与公开坐标已核验",
        "备注": "",
        "资料来源URL": "https://zh.wikipedia.org/wiki/%E7%88%B1%E6%99%9A%E4%BA%AD"
      }
    },
    {
      "type": "Feature",
      "geometry": {
        "type": "Point",
        "coordinates": [
          112.946761,
          28.196869
        ]
      },
      "properties": {
        "标准名称": "新民学会旧址",
        "所在区县": "岳麓区",
        "分类类别": "文物保护单位",
        "单位等级层级": "国家级",
        "保护或认定名称": "新民学会旧址",
        "坐标来源": "公开地图/百科坐标与人工核验",
        "坐标精度": "第一版核验坐标，建议后续以实测或官方地理编码复核",
        "点位介绍": "一、区位与格局：位于岳麓区新民路一带，近湘江西岸与岳麓山脚，是岳麓山红色文化与城市街区连接点。\n二、历史沿革：1918年，毛泽东、蔡和森等人在此成立新民学会，旧址后经重建并作为革命纪念场所开放，2013年列入全国重点文物保护单位。\n三、空间与形制：现状为纪念性院落空间，陈列展示与庭院参观结合，尺度适中，适合开展专题研学。\n四、文化内涵：该点位是中国近代青年社团、思想启蒙和早期革命活动的重要见证，与第一师范、清水塘形成红色叙事链条。\n五、现状功能：现为红色教育和文化参访场所，参观节奏相对安静，可承接研学团体。\n六、规划价值：适合纳入“青年长沙”主题路线，强化从书院教育到革命组织形成的历史逻辑。",
        "资料来源": "Wikimedia Commons 坐标；岳麓区各级文物保护单位列表；红色教育公开资料",
        "数据状态": "已核验：等级与公开坐标已核验",
        "备注": "",
        "资料来源URL": "https://zrzyt.hunan.gov.cn/zrzyt/dxjyjd/202104/t20210408_16453052.html"
      }
    },
    {
      "type": "Feature",
      "geometry": {
        "type": "Point",
        "coordinates": [
          113.021667,
          28.208611
        ]
      },
      "properties": {
        "标准名称": "马王堆汉墓",
        "所在区县": "芙蓉区",
        "分类类别": "文物保护单位",
        "单位等级层级": "国家级",
        "保护或认定名称": "马王堆汉墓",
        "坐标来源": "公开地图/百科坐标与人工核验",
        "坐标精度": "第一版核验坐标，建议后续以实测或官方地理编码复核",
        "点位介绍": "一、区位与格局：位于芙蓉区古汉路、浏阳河附近，是长沙汉代历史和考古展示的重要遗址节点。\n二、历史沿革：马王堆汉墓为西汉初期长沙国丞相轪侯利苍家族墓地，二十世纪七十年代发掘出大量重要文物，2013年列入第七批全国重点文物保护单位。\n三、空间与形制：遗址以墓葬封土、纪念展示和周边公共空间为主要构成，与湖南博物院藏品展示形成空间与内容分工。\n四、文化内涵：该点位集中体现汉代长沙国制度、丧葬文化、工艺水平和生活史信息，是长沙早期城市文明的重要窗口。\n五、现状功能：现为考古遗址参观点，部分核心文物在湖南博物院展示，遗址现场更强调原址感知与教育功能。\n六、规划价值：可作为古城外围汉代文明专题节点，与贾谊故居共同构成汉长沙国历史解释框架。",
        "资料来源": "Wikimedia Commons 坐标；公开百科；第七批全国重点文物保护单位报道",
        "数据状态": "已核验：等级与公开坐标已核验",
        "备注": "",
        "资料来源URL": "https://zh.wikipedia.org/wiki/%E9%A9%AC%E7%8E%8B%E5%A0%86%E6%B1%89%E5%A2%93"
      }
    },
    {
      "type": "Feature",
      "geometry": {
        "type": "Point",
        "coordinates": [
          112.9863,
          28.2022
        ]
      },
      "properties": {
        "标准名称": "中共湘区委员会旧址",
        "所在区县": "开福区",
        "分类类别": "文物保护单位",
        "单位等级层级": "国家级",
        "保护或认定名称": "中共湘区委员会旧址",
        "坐标来源": "公开地图/百科坐标与人工核验",
        "坐标精度": "第一版核验坐标，建议后续以实测或官方地理编码复核",
        "点位介绍": "一、区位与格局：位于开福区八一路清水塘中国共产党长沙历史馆内，是古城东北部红色文化与近代街区记忆的重要节点。\n二、历史沿革：1921年至1923年前后，毛泽东、何叔衡等曾在此开展中共湖南支部和中共湘区委员会活动，2006年列入全国重点文物保护单位。\n三、空间与形制：旧址为典型江南民居式小院，建筑尺度较小，周边配套长沙党史陈列展馆，形成旧址本体与展陈建筑结合的空间格局。\n四、文化内涵：该点位是中国共产党早期地方组织建设的重要见证，也是毛泽东、杨开慧在长沙生活与工作的历史空间。\n五、现状功能：现为红色教育基地和党史展陈场所，组织参观、研学与主题教育活动频繁。\n六、规划价值：适合与第一师范、新民学会旧址组织红色步道或公交接驳式专题路线，强化青年革命网络叙事。",
        "资料来源": "湖南省自然资源厅红色遗址表；中南大学现场教学资料；公开百科",
        "数据状态": "已核验：等级与地址已核验，坐标按八一路538号清水塘位置待官方地理编码复核",
        "备注": "",
        "资料来源URL": "https://zrzyt.hunan.gov.cn/zrzyt/dxjyjd/202104/t20210408_16453052.html"
      }
    },
    {
      "type": "Feature",
      "geometry": {
        "type": "Point",
        "coordinates": [
          113.098911,
          28.120161
        ]
      },
      "properties": {
        "标准名称": "黄兴故居",
        "所在区县": "长沙县",
        "分类类别": "文物保护单位",
        "单位等级层级": "国家级",
        "保护或认定名称": "黄兴故居、墓",
        "坐标来源": "公开地图/百科坐标与人工核验",
        "坐标精度": "第一版核验坐标，建议后续以实测或官方地理编码复核",
        "点位介绍": "一、区位与格局：位于长沙县黄兴镇黄兴新村一带，是长沙县南部重要的辛亥革命纪念空间。\n二、历史沿革：黄兴故居建于清同治年间，辛亥革命元勋黄兴1874年诞生于此，1988年与岳麓山黄兴墓一并公布为全国重点文物保护单位。\n三、空间与形制：故居为传统湖南民居形制，保留堂屋、厢房、天井和陈列空间，院落与田垄环境共同呈现乡土居住格局。\n四、文化内涵：该点位承载辛亥革命、近代民主革命和长沙县名人故里叙事，是长沙县红色与近代历史资源的核心。\n五、现状功能：现为纪念参观和红色教育场所，具备团体研学、名人故居展示和乡村文旅功能。\n六、规划价值：可作为长沙县历史文化资源向历史步道系统外延拓展的关键节点，形成城区古城步道与县域红色线路联动。",
        "资料来源": "Wikimedia Commons 坐标；湖南省自然资源厅红色遗址表；长沙县公开资料",
        "数据状态": "已核验：等级与公开坐标已核验",
        "备注": "",
        "资料来源URL": "https://zrzyt.hunan.gov.cn/zrzyt/dxjyjd/202104/t20210408_16453052.html"
      }
    },
    {
      "type": "Feature",
      "geometry": {
        "type": "Point",
        "coordinates": [
          113.2108,
          28.0647
        ]
      },
      "properties": {
        "标准名称": "徐特立故居",
        "所在区县": "长沙县",
        "分类类别": "文物保护单位",
        "单位等级层级": "国家级",
        "保护或认定名称": "徐特立故居",
        "坐标来源": "公开地图/百科坐标与人工核验",
        "坐标精度": "第一版核验坐标，建议后续以实测或官方地理编码复核",
        "点位介绍": "一、区位与格局：位于长沙县江背镇特立村观音塘组，处在长沙县东南部乡村聚落环境中，是县域红色教育和教育家故里资源。\n二、历史沿革：故居始建于清朝晚期，是徐特立生活、成长和早期从事教育活动的地方，2013年列入全国重点文物保护单位。\n三、空间与形制：建筑为典型南方四合院式民居，砖木结构，前临田野、后靠小山，院落、教室和居住空间共同反映乡村教育场景。\n四、文化内涵：徐特立是著名无产阶级革命家、教育家，被尊为延安五老之一，该点位体现教育救国、平民教育和革命人生历程。\n五、现状功能：现为爱国主义教育基地和红色研学空间，近年来与江背镇乡村振兴和红色美丽村庄建设结合。\n六、规划价值：适合作为长沙县研学支线核心节点，与黄兴故居、杨开慧故居组成县域红色文化廊道。",
        "资料来源": "湖南省自然资源厅红色遗址表；新湖南报道；公开百科",
        "数据状态": "等级与地址已核验，坐标为第一版地图核验值，需后续以官方地理编码或实测复核",
        "备注": "",
        "资料来源URL": "https://zrzyt.hunan.gov.cn/zrzyt/dxjyjd/202104/t20210408_16453052.html"
      }
    },
    {
      "type": "Feature",
      "geometry": {
        "type": "Point",
        "coordinates": [
          113.2918,
          28.5436
        ]
      },
      "properties": {
        "标准名称": "杨开慧故居",
        "所在区县": "长沙县",
        "分类类别": "文物保护单位",
        "单位等级层级": "省级",
        "保护或认定名称": "杨开慧故居",
        "坐标来源": "公开地图/百科坐标与人工核验",
        "坐标精度": "第一版核验坐标，建议后续以实测或官方地理编码复核",
        "点位介绍": "一、区位与格局：位于长沙县开慧镇开慧村板仓屋场，地处长沙县北部红色文化资源集中区域。\n二、历史沿革：故居始建于清代乾隆末年，是杨开慧出生、成长和开展革命活动的重要场所，1983年列为湖南省文物保护单位。\n三、空间与形制：故居为土砖木结构农舍，以上、中、下三栋平行排列，形成院落、天井和生活用房组合的传统乡村居住格局。\n四、文化内涵：该点位承载杨开慧烈士革命精神、毛泽东家庭记忆和女性革命者叙事，是长沙县最具代表性的红色文化节点之一。\n五、现状功能：现与纪念馆、陵园、杨公庙共同构成红色旅游和爱国主义教育场所。\n六、规划价值：可作为县域红色研学线北部节点，通过任务卡、口述史和家庭家风主题导览增强体验深度。",
        "资料来源": "杨开慧纪念馆/红色教育公开资料；长沙县各级文保列表；公开百科",
        "数据状态": "等级与地址已核验，坐标为第一版地图核验值，需后续实测复核",
        "备注": "",
        "资料来源URL": "https://zrzyt.hunan.gov.cn/zrzyt/dxjyjd/202104/t20210408_16453424.html"
      }
    },
    {
      "type": "Feature",
      "geometry": {
        "type": "Point",
        "coordinates": [
          113.117925,
          28.186772
        ]
      },
      "properties": {
        "标准名称": "陶公庙",
        "所在区县": "长沙县",
        "分类类别": "文物保护单位",
        "单位等级层级": "省级",
        "保护或认定名称": "陶公庙",
        "坐标来源": "公开地图/百科坐标与人工核验",
        "坐标精度": "第一版核验坐标，建议后续以实测或官方地理编码复核",
        "点位介绍": "一、区位与格局：位于长沙县榔梨镇临湘山、浏阳河畔，是长沙县西部重要的道教宫观和传统庙会空间。\n二、历史沿革：陶公庙相传始建于南朝梁天监年间，祀陶淡、陶烜叔侄，1996年列入湖南省文物保护单位。\n三、空间与形制：庙宇由山门、戏楼、石级、正殿和配殿等组成，依山临水，形成宗教祭祀、戏台活动和庙会集散复合空间。\n四、文化内涵：陶公庙以道教信仰、地方庙会和浏阳河民俗文化见长，是长沙县传统民间信仰和公共活动的重要载体。\n五、现状功能：现为开放宗教文化和民俗活动空间，陶公庙文化庙会具有持续影响力。\n六、规划价值：可作为县域民俗体验线节点，与城区古城步道形成“古城文脉+县域民俗”的互补展示。",
        "资料来源": "Wikimedia Commons 坐标；公开百科；长沙县各级文保列表",
        "数据状态": "已核验：等级与公开坐标已核验",
        "备注": "",
        "资料来源URL": "https://zh.wikipedia.org/wiki/%E9%99%B6%E5%85%AC%E5%BA%99"
      }
    },
    {
      "type": "Feature",
      "geometry": {
        "type": "Point",
        "coordinates": [
          112.92667,
          28.18389
        ]
      },
      "properties": {
        "标准名称": "黄兴墓",
        "所在区县": "岳麓区",
        "分类类别": "文物保护单位",
        "单位等级层级": "国家级",
        "保护或认定名称": "黄兴故居、墓",
        "坐标来源": "公开地图/百科坐标与人工核验",
        "坐标精度": "第一版核验坐标，建议后续以实测或官方地理编码复核",
        "点位介绍": "一、区位与格局：位于岳麓山上，与岳麓书院、爱晚亭等节点共同构成岳麓山历史文化密集区。\n二、历史沿革：黄兴墓1917年建成，用以纪念辛亥革命重要领导人黄兴，1988年与长沙县黄兴故居共同公布为全国重点文物保护单位。\n三、空间与形制：墓地依山布局，由墓冢、墓碑、台阶和纪念空间组成，具有庄重的纪念性景观特征。\n四、文化内涵：该点位连接长沙县黄兴故居和岳麓山近代革命纪念体系，是辛亥革命叙事在长沙城市空间中的重要落点。\n五、现状功能：现为岳麓山景区内纪念参观点，兼具瞻仰、研学和历史游览功能。\n六、规划价值：可与黄兴故居形成跨区联动路线，强化“出生地—纪念地”的人物叙事闭环。",
        "资料来源": "Wikimedia Commons/百科坐标；岳麓区各级文物保护单位列表",
        "数据状态": "已核验：等级与公开坐标已核验",
        "备注": "",
        "资料来源URL": "https://zrzyt.hunan.gov.cn/zrzyt/dxjyjd/202104/t20210408_16453052.html"
      }
    },
    {
      "type": "Feature",
      "geometry": {
        "type": "Point",
        "coordinates": [
          112.92806,
          28.18389
        ]
      },
      "properties": {
        "标准名称": "蔡锷墓",
        "所在区县": "岳麓区",
        "分类类别": "文物保护单位",
        "单位等级层级": "国家级",
        "保护或认定名称": "蔡锷故居、公馆和墓",
        "坐标来源": "公开地图/百科坐标与人工核验",
        "坐标精度": "第一版核验坐标，建议后续以实测或官方地理编码复核",
        "点位介绍": "一、区位与格局：位于岳麓山白鹤泉附近山腰，与黄兴墓、爱晚亭等近代纪念节点相邻。\n二、历史沿革：蔡锷墓为纪念护国战争领导者蔡锷而建，2006年列入全国重点文物保护单位。\n三、空间与形制：墓地由墓冢、墓塔、栏杆和登山路径组成，整体以石材铺砌，空间形制庄重。\n四、文化内涵：该点位承载护国运动、民国政治变革和湖湘人物精神，是岳麓山近代纪念空间的重要组成。\n五、现状功能：现为景区纪念参观点，适合结合岳麓山步行游线开展近代人物专题讲解。\n六、规划价值：可纳入“近代风云岳麓线”，与黄兴墓、新民学会旧址和湖南大学早期建筑群形成近代历史连续叙事。",
        "资料来源": "Wikimedia Commons/百科坐标；岳麓区各级文物保护单位列表",
        "数据状态": "已核验：等级与公开坐标已核验",
        "备注": "",
        "资料来源URL": "https://zrzyt.hunan.gov.cn/zrzyt/dxjyjd/202104/t20210408_16453071.html"
      }
    },
    {
      "type": "Feature",
      "geometry": {
        "type": "Point",
        "coordinates": [
          112.936,
          28.1838
        ]
      },
      "properties": {
        "标准名称": "湖南大学早期建筑群",
        "所在区县": "岳麓区",
        "分类类别": "文物保护单位",
        "单位等级层级": "国家级",
        "保护或认定名称": "湖南大学早期建筑群",
        "坐标来源": "公开地图/百科坐标与人工核验",
        "坐标精度": "第一版核验坐标，建议后续以实测或官方地理编码复核",
        "点位介绍": "一、区位与格局：位于岳麓区湖南大学校园内，紧邻岳麓书院和岳麓山，是长沙近现代高等教育空间的重要集中片区。\n二、历史沿革：建筑群主要形成于二十世纪二十年代至五十年代，包括二院、科学馆、工程馆、大礼堂、老图书馆等九栋建筑，2013年列入全国重点文物保护单位。\n三、空间与形制：建筑群包含折中主义、早期现代主义和中国传统大屋顶等多种风格，形成与岳麓书院相互呼应的校园历史空间序列。\n四、文化内涵：该点位呈现传统书院向现代大学转型的空间证据，是长沙教育文脉从古代书院延续至现代高等教育的重要见证。\n五、现状功能：现仍作为湖南大学校园建筑和公共文化空间使用，承担教学、办公、纪念和游览等复合功能。\n六、规划价值：适合作为书院文脉研学线的重要扩展节点，后续应将九栋单体分别建点并与岳麓书院、爱晚亭形成精细化校园导览。",
        "资料来源": "湖南省自然资源厅国保红色遗址表；湖南大学早期建筑群公开资料；岳麓区公开资料",
        "数据状态": "等级与地址已核验，坐标为建筑群中心点，正式测绘应拆分九栋单体",
        "备注": "",
        "资料来源URL": "https://zrzyt.hunan.gov.cn/zrzyt/dxjyjd/202104/t20210408_16453052.html"
      }
    },
    {
      "type": "Feature",
      "geometry": {
        "type": "Point",
        "coordinates": [
          112.9872,
          28.2065
        ]
      },
      "properties": {
        "标准名称": "湘雅医院及医学院早期建筑",
        "所在区县": "开福区",
        "分类类别": "文物保护单位",
        "单位等级层级": "国家级",
        "保护或认定名称": "湘雅医院及医学院早期建筑",
        "坐标来源": "公开地图/百科坐标与人工核验",
        "坐标精度": "第一版核验坐标，建议后续以实测或官方地理编码复核",
        "点位介绍": "一、区位与格局：位于开福区湘雅路两侧的中南大学湘雅医院和湘雅医学院内，是长沙近代医疗教育空间的核心遗存。\n二、历史沿革：建筑群始建于1914年前后，由中美合作创办湘雅医学教育时期形成，2019年列入第八批全国重点文物保护单位。\n三、空间与形制：包括湘雅医院病栋楼、办公大楼、湘雅医学院小礼堂、外籍教师楼和办公楼等，红砖墙面、歇山屋顶和西式平面共同构成中西合璧风貌。\n四、文化内涵：湘雅早期建筑群见证中国近代医学教育和公共医疗体系发展，承载“南湘雅”的医学文化和城市公共服务记忆。\n五、现状功能：现仍处在医院和医学院高强度使用环境中，兼具医疗、教学、科研和文物保护功能。\n六、规划价值：适合纳入近现代公共建筑与城市服务主题线路，规划上应强化可参观界面、医疗文化解说和保护利用边界管理。",
        "资料来源": "湖南省文物局修缮批复；红网第八批国保报道；湖南省自然资源厅国保红色遗址表",
        "数据状态": "等级与地址已核验，坐标为建筑群中心点，正式测绘应拆分五处单体",
        "备注": "",
        "资料来源URL": "https://wwj.hunan.gov.cn/wwj/c100310/c100313/202003/t20200304_11720185.html"
      }
    },
    {
      "type": "Feature",
      "geometry": {
        "type": "Point",
        "coordinates": [
          112.9779,
          28.1916
        ]
      },
      "properties": {
        "标准名称": "程潜公馆",
        "所在区县": "芙蓉区",
        "分类类别": "文物保护单位",
        "单位等级层级": "国家级",
        "保护或认定名称": "程潜公馆",
        "坐标来源": "公开地图/百科坐标与人工核验",
        "坐标精度": "第一版核验坐标，建议后续以实测或官方地理编码复核",
        "点位介绍": "一、区位与格局：位于芙蓉区人民西路白果园19号，处在长沙古城核心区与白果园历史文化街巷内部。\n二、历史沿革：程潜公馆为民国时期重要人物程潜在长沙的居住与活动空间，2019年列入第八批全国重点文物保护单位。\n三、空间与形制：建筑以近代公馆院落格局为主，保留民国时期居住建筑的尺度、院落组织和街巷界面特征。\n四、文化内涵：该点位连接民国政治人物、长沙和平解放记忆与白果园近代街区生活，是古城近现代政治史的重要实物见证。\n五、现状功能：现处于历史街区保护与城市更新环境中，适合作为街巷游线中的静态展示节点。\n六、规划价值：可作为白果园、太平街、贾谊故居之间的近现代历史补充节点，强化古城多时段叙事和街巷微更新展示。",
        "资料来源": "红网第八批国保报道；湖南省自然资源厅国保红色遗址表；白果园历史街区公开资料",
        "数据状态": "等级与地址已核验，坐标按人民西路白果园19号第一版核验，需后续现场复核",
        "备注": "",
        "资料来源URL": "https://www.icswb.com/h/152/20191016/625060.html"
      }
    },
    {
      "type": "Feature",
      "geometry": {
        "type": "Point",
        "coordinates": [
          112.9786,
          28.1912
        ]
      },
      "properties": {
        "标准名称": "湖南和平解放秘密电台工作旧址",
        "所在区县": "芙蓉区",
        "分类类别": "文物保护单位",
        "单位等级层级": "省级",
        "保护或认定名称": "湖南和平解放秘密电台工作旧址",
        "坐标来源": "公开名录地址+街区级人工定位",
        "坐标精度": "街巷级/片区级坐标，需后续用高德、百度、ArcGIS 或现场 GPS 精确复核",
        "点位介绍": "一、区位与格局：位于芙蓉区白果园片区，处在芙蓉区历史文化资源网络之中，是长沙历史步道资源库中需要被识别、分级和联动展示的近现代革命旧址节点。\n二、历史沿革：该点位年代为1949年前后，已见于湖南省自然资源厅省级文物保护单位红色遗址表，属于省级文物保护单位体系中的组成部分，反映长沙城市历史在不同街区、不同年代和不同功能类型中的延续。\n三、空间与形制：空间形态以近现代革命旧址为主，通常包含本体建筑、院落或遗址范围、街巷界面及周边缓冲空间，需要在后续测绘中进一步明确保护范围和建设控制地带。\n四、文化内涵：该点位补足了长沙历史文化资源中“小而密”的基层单元，有助于从少数地标走向成片街巷、校园、宗教、工业、烈士纪念和生活记忆的综合叙事。\n五、现状功能：现阶段可作为 AI 智能体的历史点位图层纳入识别与筛选，部分点位需继续核验门牌、边界、本体保存状况和开放条件。\n六、规划价值：规划上建议先纳入历史文化建筑基础数据库，结合步道半径、公众反馈、街巷可达性和运营潜力，判断是否进入主题线路、导览节点或保护更新任务清单。",
        "资料来源": "湖南省自然资源厅省级文物保护单位红色遗址表",
        "数据状态": "等级与片区已核验，坐标为街区级定位",
        "备注": "",
        "资料来源URL": ""
      }
    },
    {
      "type": "Feature",
      "geometry": {
        "type": "Point",
        "coordinates": [
          112.982,
          28.1998
        ]
      },
      "properties": {
        "标准名称": "湖南自修大学旧址",
        "所在区县": "芙蓉区",
        "分类类别": "文物保护单位",
        "单位等级层级": "省级",
        "保护或认定名称": "湖南自修大学旧址",
        "坐标来源": "公开名录地址+街区级人工定位",
        "坐标精度": "街巷级/片区级坐标，需后续用高德、百度、ArcGIS 或现场 GPS 精确复核",
        "点位介绍": "一、区位与格局：位于芙蓉区中山路片区，处在芙蓉区历史文化资源网络之中，是长沙历史步道资源库中需要被识别、分级和联动展示的近现代教育与革命旧址节点。\n二、历史沿革：该点位年代为1921年前后，已见于各级文物保护单位公开列表；红色遗址资料，属于省级文物保护单位体系中的组成部分，反映长沙城市历史在不同街区、不同年代和不同功能类型中的延续。\n三、空间与形制：空间形态以近现代教育与革命旧址为主，通常包含本体建筑、院落或遗址范围、街巷界面及周边缓冲空间，需要在后续测绘中进一步明确保护范围和建设控制地带。\n四、文化内涵：该点位补足了长沙历史文化资源中“小而密”的基层单元，有助于从少数地标走向成片街巷、校园、宗教、工业、烈士纪念和生活记忆的综合叙事。\n五、现状功能：现阶段可作为 AI 智能体的历史点位图层纳入识别与筛选，部分点位需继续核验门牌、边界、本体保存状况和开放条件。\n六、规划价值：规划上建议先纳入历史文化建筑基础数据库，结合步道半径、公众反馈、街巷可达性和运营潜力，判断是否进入主题线路、导览节点或保护更新任务清单。",
        "资料来源": "各级文物保护单位公开列表；红色遗址资料",
        "数据状态": "等级与名称已核验，坐标为片区级定位",
        "备注": "",
        "资料来源URL": ""
      }
    },
    {
      "type": "Feature",
      "geometry": {
        "type": "Point",
        "coordinates": [
          112.9829,
          28.1982
        ]
      },
      "properties": {
        "标准名称": "八路军驻湘通讯处旧址",
        "所在区县": "芙蓉区",
        "分类类别": "文物保护单位",
        "单位等级层级": "省级",
        "保护或认定名称": "八路军驻湘通讯处旧址",
        "坐标来源": "公开名录地址+街区级人工定位",
        "坐标精度": "街巷级/片区级坐标，需后续用高德、百度、ArcGIS 或现场 GPS 精确复核",
        "点位介绍": "一、区位与格局：位于芙蓉区蔡锷路、中山路周边，处在芙蓉区历史文化资源网络之中，是长沙历史步道资源库中需要被识别、分级和联动展示的近现代革命旧址节点。\n二、历史沿革：该点位年代为抗日战争时期，已见于各级文物保护单位公开列表；红色遗址资料，属于省级文物保护单位体系中的组成部分，反映长沙城市历史在不同街区、不同年代和不同功能类型中的延续。\n三、空间与形制：空间形态以近现代革命旧址为主，通常包含本体建筑、院落或遗址范围、街巷界面及周边缓冲空间，需要在后续测绘中进一步明确保护范围和建设控制地带。\n四、文化内涵：该点位补足了长沙历史文化资源中“小而密”的基层单元，有助于从少数地标走向成片街巷、校园、宗教、工业、烈士纪念和生活记忆的综合叙事。\n五、现状功能：现阶段可作为 AI 智能体的历史点位图层纳入识别与筛选，部分点位需继续核验门牌、边界、本体保存状况和开放条件。\n六、规划价值：规划上建议先纳入历史文化建筑基础数据库，结合步道半径、公众反馈、街巷可达性和运营潜力，判断是否进入主题线路、导览节点或保护更新任务清单。",
        "资料来源": "各级文物保护单位公开列表；红色遗址资料",
        "数据状态": "名称和类型已核验，坐标需二次复核",
        "备注": "",
        "资料来源URL": ""
      }
    },
    {
      "type": "Feature",
      "geometry": {
        "type": "Point",
        "coordinates": [
          112.9848,
          28.1978
        ]
      },
      "properties": {
        "标准名称": "湖南省苏维埃政府旧址",
        "所在区县": "芙蓉区",
        "分类类别": "文物保护单位",
        "单位等级层级": "省级",
        "保护或认定名称": "湖南省苏维埃政府旧址",
        "坐标来源": "公开名录地址+街区级人工定位",
        "坐标精度": "街巷级/片区级坐标，需后续用高德、百度、ArcGIS 或现场 GPS 精确复核",
        "点位介绍": "一、区位与格局：位于芙蓉区老城核心片区，处在芙蓉区历史文化资源网络之中，是长沙历史步道资源库中需要被识别、分级和联动展示的近现代革命旧址节点。\n二、历史沿革：该点位年代为土地革命战争时期，已见于各级文物保护单位公开列表；红色遗址资料，属于省级文物保护单位体系中的组成部分，反映长沙城市历史在不同街区、不同年代和不同功能类型中的延续。\n三、空间与形制：空间形态以近现代革命旧址为主，通常包含本体建筑、院落或遗址范围、街巷界面及周边缓冲空间，需要在后续测绘中进一步明确保护范围和建设控制地带。\n四、文化内涵：该点位补足了长沙历史文化资源中“小而密”的基层单元，有助于从少数地标走向成片街巷、校园、宗教、工业、烈士纪念和生活记忆的综合叙事。\n五、现状功能：现阶段可作为 AI 智能体的历史点位图层纳入识别与筛选，部分点位需继续核验门牌、边界、本体保存状况和开放条件。\n六、规划价值：规划上建议先纳入历史文化建筑基础数据库，结合步道半径、公众反馈、街巷可达性和运营潜力，判断是否进入主题线路、导览节点或保护更新任务清单。",
        "资料来源": "各级文物保护单位公开列表；红色遗址资料",
        "数据状态": "名称和类型已核验，坐标需二次复核",
        "备注": "",
        "资料来源URL": ""
      }
    },
    {
      "type": "Feature",
      "geometry": {
        "type": "Point",
        "coordinates": [
          112.9797,
          28.2001
        ]
      },
      "properties": {
        "标准名称": "中山亭",
        "所在区县": "芙蓉区",
        "分类类别": "文物保护单位",
        "单位等级层级": "市级",
        "保护或认定名称": "中山亭",
        "坐标来源": "公开名录地址+街区级人工定位",
        "坐标精度": "街巷级/片区级坐标，需后续用高德、百度、ArcGIS 或现场 GPS 精确复核",
        "点位介绍": "一、区位与格局：位于五一广场、中山路片区，处在芙蓉区历史文化资源网络之中，是长沙历史步道资源库中需要被识别、分级和联动展示的近现代纪念建筑节点。\n二、历史沿革：该点位年代为民国时期，已见于长沙市各级文物保护单位公开列表，属于市级文物保护单位体系中的组成部分，反映长沙城市历史在不同街区、不同年代和不同功能类型中的延续。\n三、空间与形制：空间形态以近现代纪念建筑为主，通常包含本体建筑、院落或遗址范围、街巷界面及周边缓冲空间，需要在后续测绘中进一步明确保护范围和建设控制地带。\n四、文化内涵：该点位补足了长沙历史文化资源中“小而密”的基层单元，有助于从少数地标走向成片街巷、校园、宗教、工业、烈士纪念和生活记忆的综合叙事。\n五、现状功能：现阶段可作为 AI 智能体的历史点位图层纳入识别与筛选，部分点位需继续核验门牌、边界、本体保存状况和开放条件。\n六、规划价值：规划上建议先纳入历史文化建筑基础数据库，结合步道半径、公众反馈、街巷可达性和运营潜力，判断是否进入主题线路、导览节点或保护更新任务清单。",
        "资料来源": "长沙市各级文物保护单位公开列表",
        "数据状态": "名称和区位已核验，坐标为公开地图定位",
        "备注": "",
        "资料来源URL": ""
      }
    },
    {
      "type": "Feature",
      "geometry": {
        "type": "Point",
        "coordinates": [
          112.9837,
          28.1949
        ]
      },
      "properties": {
        "标准名称": "定王台",
        "所在区县": "芙蓉区",
        "分类类别": "历史文化遗址",
        "单位等级层级": "市级",
        "保护或认定名称": "定王台遗址",
        "坐标来源": "公开名录地址+街区级人工定位",
        "坐标精度": "街巷级/片区级坐标，需后续用高德、百度、ArcGIS 或现场 GPS 精确复核",
        "点位介绍": "一、区位与格局：位于芙蓉区定王台街道，处在芙蓉区历史文化资源网络之中，是长沙历史步道资源库中需要被识别、分级和联动展示的古代台址与城市记忆节点节点。\n二、历史沿革：该点位年代为西汉及后世叠加，已见于长沙市各级文物保护单位与地名公开资料，属于市级历史文化遗址体系中的组成部分，反映长沙城市历史在不同街区、不同年代和不同功能类型中的延续。\n三、空间与形制：空间形态以古代台址与城市记忆节点为主，通常包含本体建筑、院落或遗址范围、街巷界面及周边缓冲空间，需要在后续测绘中进一步明确保护范围和建设控制地带。\n四、文化内涵：该点位补足了长沙历史文化资源中“小而密”的基层单元，有助于从少数地标走向成片街巷、校园、宗教、工业、烈士纪念和生活记忆的综合叙事。\n五、现状功能：现阶段可作为 AI 智能体的历史点位图层纳入识别与筛选，部分点位需继续核验门牌、边界、本体保存状况和开放条件。\n六、规划价值：规划上建议先纳入历史文化建筑基础数据库，结合步道半径、公众反馈、街巷可达性和运营潜力，判断是否进入主题线路、导览节点或保护更新任务清单。",
        "资料来源": "长沙市各级文物保护单位与地名公开资料",
        "数据状态": "名称和区位已核验，坐标为街区级定位",
        "备注": "",
        "资料来源URL": ""
      }
    },
    {
      "type": "Feature",
      "geometry": {
        "type": "Point",
        "coordinates": [
          112.9756,
          28.1967
        ]
      },
      "properties": {
        "标准名称": "走马楼吴简出土遗址",
        "所在区县": "芙蓉区",
        "分类类别": "历史文化遗址",
        "单位等级层级": "市级",
        "保护或认定名称": "走马楼吴简出土遗址",
        "坐标来源": "公开名录地址+街区级人工定位",
        "坐标精度": "街巷级/片区级坐标，需后续用高德、百度、ArcGIS 或现场 GPS 精确复核",
        "点位介绍": "一、区位与格局：位于五一广场、走马楼片区，处在芙蓉区历史文化资源网络之中，是长沙历史步道资源库中需要被识别、分级和联动展示的考古发现地节点。\n二、历史沿革：该点位年代为三国吴简出土地点，已见于长沙考古与公开百科资料，属于市级历史文化遗址体系中的组成部分，反映长沙城市历史在不同街区、不同年代和不同功能类型中的延续。\n三、空间与形制：空间形态以考古发现地为主，通常包含本体建筑、院落或遗址范围、街巷界面及周边缓冲空间，需要在后续测绘中进一步明确保护范围和建设控制地带。\n四、文化内涵：该点位补足了长沙历史文化资源中“小而密”的基层单元，有助于从少数地标走向成片街巷、校园、宗教、工业、烈士纪念和生活记忆的综合叙事。\n五、现状功能：现阶段可作为 AI 智能体的历史点位图层纳入识别与筛选，部分点位需继续核验门牌、边界、本体保存状况和开放条件。\n六、规划价值：规划上建议先纳入历史文化建筑基础数据库，结合步道半径、公众反馈、街巷可达性和运营潜力，判断是否进入主题线路、导览节点或保护更新任务清单。",
        "资料来源": "长沙考古与公开百科资料",
        "数据状态": "名称和片区已核验，坐标为街区级定位",
        "备注": "",
        "资料来源URL": ""
      }
    },
    {
      "type": "Feature",
      "geometry": {
        "type": "Point",
        "coordinates": [
          112.9788,
          28.1906
        ]
      },
      "properties": {
        "标准名称": "李富春故居",
        "所在区县": "天心区",
        "分类类别": "文物保护单位",
        "单位等级层级": "省级",
        "保护或认定名称": "李富春故居",
        "坐标来源": "公开名录地址+街区级人工定位",
        "坐标精度": "街巷级/片区级坐标，需后续用高德、百度、ArcGIS 或现场 GPS 精确复核",
        "点位介绍": "一、区位与格局：位于天心区三兴街、坡子街周边，处在天心区历史文化资源网络之中，是长沙历史步道资源库中需要被识别、分级和联动展示的近现代名人故居节点。\n二、历史沿革：该点位年代为清末民国，已见于湖南省自然资源厅省级文物保护单位红色遗址表，属于省级文物保护单位体系中的组成部分，反映长沙城市历史在不同街区、不同年代和不同功能类型中的延续。\n三、空间与形制：空间形态以近现代名人故居为主，通常包含本体建筑、院落或遗址范围、街巷界面及周边缓冲空间，需要在后续测绘中进一步明确保护范围和建设控制地带。\n四、文化内涵：该点位补足了长沙历史文化资源中“小而密”的基层单元，有助于从少数地标走向成片街巷、校园、宗教、工业、烈士纪念和生活记忆的综合叙事。\n五、现状功能：现阶段可作为 AI 智能体的历史点位图层纳入识别与筛选，部分点位需继续核验门牌、边界、本体保存状况和开放条件。\n六、规划价值：规划上建议先纳入历史文化建筑基础数据库，结合步道半径、公众反馈、街巷可达性和运营潜力，判断是否进入主题线路、导览节点或保护更新任务清单。",
        "资料来源": "湖南省自然资源厅省级文物保护单位红色遗址表",
        "数据状态": "等级与片区已核验，坐标为街区级定位",
        "备注": "",
        "资料来源URL": ""
      }
    },
    {
      "type": "Feature",
      "geometry": {
        "type": "Point",
        "coordinates": [
          112.9737,
          28.1898
        ]
      },
      "properties": {
        "标准名称": "何叔衡故居",
        "所在区县": "天心区",
        "分类类别": "文物保护单位",
        "单位等级层级": "省级",
        "保护或认定名称": "何叔衡故居",
        "坐标来源": "公开名录地址+街区级人工定位",
        "坐标精度": "街巷级/片区级坐标，需后续用高德、百度、ArcGIS 或现场 GPS 精确复核",
        "点位介绍": "一、区位与格局：位于天心区老城南部街巷，处在天心区历史文化资源网络之中，是长沙历史步道资源库中需要被识别、分级和联动展示的近现代革命人物故居节点。\n二、历史沿革：该点位年代为清末民国，已见于湖南省自然资源厅省级文物保护单位红色遗址表，属于省级文物保护单位体系中的组成部分，反映长沙城市历史在不同街区、不同年代和不同功能类型中的延续。\n三、空间与形制：空间形态以近现代革命人物故居为主，通常包含本体建筑、院落或遗址范围、街巷界面及周边缓冲空间，需要在后续测绘中进一步明确保护范围和建设控制地带。\n四、文化内涵：该点位补足了长沙历史文化资源中“小而密”的基层单元，有助于从少数地标走向成片街巷、校园、宗教、工业、烈士纪念和生活记忆的综合叙事。\n五、现状功能：现阶段可作为 AI 智能体的历史点位图层纳入识别与筛选，部分点位需继续核验门牌、边界、本体保存状况和开放条件。\n六、规划价值：规划上建议先纳入历史文化建筑基础数据库，结合步道半径、公众反馈、街巷可达性和运营潜力，判断是否进入主题线路、导览节点或保护更新任务清单。",
        "资料来源": "湖南省自然资源厅省级文物保护单位红色遗址表",
        "数据状态": "等级与人物关系已核验，坐标为街区级定位",
        "备注": "",
        "资料来源URL": ""
      }
    },
    {
      "type": "Feature",
      "geometry": {
        "type": "Point",
        "coordinates": [
          112.9662,
          28.181
        ]
      },
      "properties": {
        "标准名称": "妙高峰禹王碑",
        "所在区县": "天心区",
        "分类类别": "文物保护单位",
        "单位等级层级": "市级",
        "保护或认定名称": "妙高峰禹王碑",
        "坐标来源": "公开名录地址+街区级人工定位",
        "坐标精度": "街巷级/片区级坐标，需后续用高德、百度、ArcGIS 或现场 GPS 精确复核",
        "点位介绍": "一、区位与格局：位于天心区妙高峰、书院路片区，处在天心区历史文化资源网络之中，是长沙历史步道资源库中需要被识别、分级和联动展示的碑刻遗存节点。\n二、历史沿革：该点位年代为清代及后世传拓，已见于长沙市各级文物保护单位公开列表，属于市级文物保护单位体系中的组成部分，反映长沙城市历史在不同街区、不同年代和不同功能类型中的延续。\n三、空间与形制：空间形态以碑刻遗存为主，通常包含本体建筑、院落或遗址范围、街巷界面及周边缓冲空间，需要在后续测绘中进一步明确保护范围和建设控制地带。\n四、文化内涵：该点位补足了长沙历史文化资源中“小而密”的基层单元，有助于从少数地标走向成片街巷、校园、宗教、工业、烈士纪念和生活记忆的综合叙事。\n五、现状功能：现阶段可作为 AI 智能体的历史点位图层纳入识别与筛选，部分点位需继续核验门牌、边界、本体保存状况和开放条件。\n六、规划价值：规划上建议先纳入历史文化建筑基础数据库，结合步道半径、公众反馈、街巷可达性和运营潜力，判断是否进入主题线路、导览节点或保护更新任务清单。",
        "资料来源": "长沙市各级文物保护单位公开列表",
        "数据状态": "名称和片区已核验，坐标为片区级定位",
        "备注": "",
        "资料来源URL": ""
      }
    },
    {
      "type": "Feature",
      "geometry": {
        "type": "Point",
        "coordinates": [
          112.9731,
          28.1949
        ]
      },
      "properties": {
        "标准名称": "火宫殿",
        "所在区县": "天心区",
        "分类类别": "历史建筑",
        "单位等级层级": "市级",
        "保护或认定名称": "火宫殿历史建筑",
        "坐标来源": "公开名录地址+街区级人工定位",
        "坐标精度": "街巷级/片区级坐标，需后续用高德、百度、ArcGIS 或现场 GPS 精确复核",
        "点位介绍": "一、区位与格局：位于天心区坡子街，处在天心区历史文化资源网络之中，是长沙历史步道资源库中需要被识别、分级和联动展示的传统商业与庙会建筑节点。\n二、历史沿革：该点位年代为清末至近现代，已见于长沙历史建筑与街区公开资料，属于市级历史建筑体系中的组成部分，反映长沙城市历史在不同街区、不同年代和不同功能类型中的延续。\n三、空间与形制：空间形态以传统商业与庙会建筑为主，通常包含本体建筑、院落或遗址范围、街巷界面及周边缓冲空间，需要在后续测绘中进一步明确保护范围和建设控制地带。\n四、文化内涵：该点位补足了长沙历史文化资源中“小而密”的基层单元，有助于从少数地标走向成片街巷、校园、宗教、工业、烈士纪念和生活记忆的综合叙事。\n五、现状功能：现阶段可作为 AI 智能体的历史点位图层纳入识别与筛选，部分点位需继续核验门牌、边界、本体保存状况和开放条件。\n六、规划价值：规划上建议先纳入历史文化建筑基础数据库，结合步道半径、公众反馈、街巷可达性和运营潜力，判断是否进入主题线路、导览节点或保护更新任务清单。",
        "资料来源": "长沙历史建筑与街区公开资料",
        "数据状态": "名称和区位已核验，历史建筑批次需继续核对",
        "备注": "",
        "资料来源URL": ""
      }
    },
    {
      "type": "Feature",
      "geometry": {
        "type": "Point",
        "coordinates": [
          112.9724,
          28.1982
        ]
      },
      "properties": {
        "标准名称": "太平街历史文化街区",
        "所在区县": "天心区",
        "分类类别": "历史文化遗址",
        "单位等级层级": "市级",
        "保护或认定名称": "太平街历史文化街区",
        "坐标来源": "公开名录地址+街区级人工定位",
        "坐标精度": "街巷级/片区级坐标，需后续用高德、百度、ArcGIS 或现场 GPS 精确复核",
        "点位介绍": "一、区位与格局：位于天心区太平街，处在天心区历史文化资源网络之中，是长沙历史步道资源库中需要被识别、分级和联动展示的历史文化街区节点。\n二、历史沿革：该点位年代为明清至近现代，已见于长沙历史文化名城保护资料，属于市级历史文化遗址体系中的组成部分，反映长沙城市历史在不同街区、不同年代和不同功能类型中的延续。\n三、空间与形制：空间形态以历史文化街区为主，通常包含本体建筑、院落或遗址范围、街巷界面及周边缓冲空间，需要在后续测绘中进一步明确保护范围和建设控制地带。\n四、文化内涵：该点位补足了长沙历史文化资源中“小而密”的基层单元，有助于从少数地标走向成片街巷、校园、宗教、工业、烈士纪念和生活记忆的综合叙事。\n五、现状功能：现阶段可作为 AI 智能体的历史点位图层纳入识别与筛选，部分点位需继续核验门牌、边界、本体保存状况和开放条件。\n六、规划价值：规划上建议先纳入历史文化建筑基础数据库，结合步道半径、公众反馈、街巷可达性和运营潜力，判断是否进入主题线路、导览节点或保护更新任务清单。",
        "资料来源": "长沙历史文化名城保护资料",
        "数据状态": "街区级对象，坐标取街区中心",
        "备注": "",
        "资料来源URL": ""
      }
    },
    {
      "type": "Feature",
      "geometry": {
        "type": "Point",
        "coordinates": [
          112.9746,
          28.1953
        ]
      },
      "properties": {
        "标准名称": "坡子街历史街巷",
        "所在区县": "天心区",
        "分类类别": "历史文化遗址",
        "单位等级层级": "市级",
        "保护或认定名称": "坡子街历史街巷",
        "坐标来源": "公开名录地址+街区级人工定位",
        "坐标精度": "街巷级/片区级坐标，需后续用高德、百度、ArcGIS 或现场 GPS 精确复核",
        "点位介绍": "一、区位与格局：位于天心区坡子街，处在天心区历史文化资源网络之中，是长沙历史步道资源库中需要被识别、分级和联动展示的传统商业街巷节点。\n二、历史沿革：该点位年代为明清至近现代，已见于长沙历史文化名城保护资料，属于市级历史文化遗址体系中的组成部分，反映长沙城市历史在不同街区、不同年代和不同功能类型中的延续。\n三、空间与形制：空间形态以传统商业街巷为主，通常包含本体建筑、院落或遗址范围、街巷界面及周边缓冲空间，需要在后续测绘中进一步明确保护范围和建设控制地带。\n四、文化内涵：该点位补足了长沙历史文化资源中“小而密”的基层单元，有助于从少数地标走向成片街巷、校园、宗教、工业、烈士纪念和生活记忆的综合叙事。\n五、现状功能：现阶段可作为 AI 智能体的历史点位图层纳入识别与筛选，部分点位需继续核验门牌、边界、本体保存状况和开放条件。\n六、规划价值：规划上建议先纳入历史文化建筑基础数据库，结合步道半径、公众反馈、街巷可达性和运营潜力，判断是否进入主题线路、导览节点或保护更新任务清单。",
        "资料来源": "长沙历史文化名城保护资料",
        "数据状态": "街巷级对象，坐标取街巷中心",
        "备注": "",
        "资料来源URL": ""
      }
    },
    {
      "type": "Feature",
      "geometry": {
        "type": "Point",
        "coordinates": [
          112.9765,
          28.1894
        ]
      },
      "properties": {
        "标准名称": "南门口历史门户",
        "所在区县": "天心区",
        "分类类别": "历史文化遗址",
        "单位等级层级": "市级",
        "保护或认定名称": "南门口历史门户",
        "坐标来源": "公开名录地址+街区级人工定位",
        "坐标精度": "街巷级/片区级坐标，需后续用高德、百度、ArcGIS 或现场 GPS 精确复核",
        "点位介绍": "一、区位与格局：位于天心区南门口，处在天心区历史文化资源网络之中，是长沙历史步道资源库中需要被识别、分级和联动展示的古城门户与街巷节点节点。\n二、历史沿革：该点位年代为古城格局延续，已见于长沙古城历史街巷公开资料，属于市级历史文化遗址体系中的组成部分，反映长沙城市历史在不同街区、不同年代和不同功能类型中的延续。\n三、空间与形制：空间形态以古城门户与街巷节点为主，通常包含本体建筑、院落或遗址范围、街巷界面及周边缓冲空间，需要在后续测绘中进一步明确保护范围和建设控制地带。\n四、文化内涵：该点位补足了长沙历史文化资源中“小而密”的基层单元，有助于从少数地标走向成片街巷、校园、宗教、工业、烈士纪念和生活记忆的综合叙事。\n五、现状功能：现阶段可作为 AI 智能体的历史点位图层纳入识别与筛选，部分点位需继续核验门牌、边界、本体保存状况和开放条件。\n六、规划价值：规划上建议先纳入历史文化建筑基础数据库，结合步道半径、公众反馈、街巷可达性和运营潜力，判断是否进入主题线路、导览节点或保护更新任务清单。",
        "资料来源": "长沙古城历史街巷公开资料",
        "数据状态": "街区门户节点，坐标取路口中心",
        "备注": "",
        "资料来源URL": ""
      }
    },
    {
      "type": "Feature",
      "geometry": {
        "type": "Point",
        "coordinates": [
          112.9772,
          28.1934
        ]
      },
      "properties": {
        "标准名称": "化龙池历史街巷",
        "所在区县": "天心区",
        "分类类别": "历史文化遗址",
        "单位等级层级": "市级",
        "保护或认定名称": "化龙池历史街巷",
        "坐标来源": "公开名录地址+街区级人工定位",
        "坐标精度": "街巷级/片区级坐标，需后续用高德、百度、ArcGIS 或现场 GPS 精确复核",
        "点位介绍": "一、区位与格局：位于天心区化龙池，处在天心区历史文化资源网络之中，是长沙历史步道资源库中需要被识别、分级和联动展示的生活性历史街巷节点。\n二、历史沿革：该点位年代为明清至近现代，已见于长沙历史文化名城保护资料，属于市级历史文化遗址体系中的组成部分，反映长沙城市历史在不同街区、不同年代和不同功能类型中的延续。\n三、空间与形制：空间形态以生活性历史街巷为主，通常包含本体建筑、院落或遗址范围、街巷界面及周边缓冲空间，需要在后续测绘中进一步明确保护范围和建设控制地带。\n四、文化内涵：该点位补足了长沙历史文化资源中“小而密”的基层单元，有助于从少数地标走向成片街巷、校园、宗教、工业、烈士纪念和生活记忆的综合叙事。\n五、现状功能：现阶段可作为 AI 智能体的历史点位图层纳入识别与筛选，部分点位需继续核验门牌、边界、本体保存状况和开放条件。\n六、规划价值：规划上建议先纳入历史文化建筑基础数据库，结合步道半径、公众反馈、街巷可达性和运营潜力，判断是否进入主题线路、导览节点或保护更新任务清单。",
        "资料来源": "长沙历史文化名城保护资料",
        "数据状态": "街巷级对象，坐标取街巷中心",
        "备注": "",
        "资料来源URL": ""
      }
    },
    {
      "type": "Feature",
      "geometry": {
        "type": "Point",
        "coordinates": [
          112.9726,
          28.2282
        ]
      },
      "properties": {
        "标准名称": "古开福寺山门及周边古建筑",
        "所在区县": "开福区",
        "分类类别": "文物保护单位",
        "单位等级层级": "市级",
        "保护或认定名称": "开福寺相关古建筑",
        "坐标来源": "公开名录地址+街区级人工定位",
        "坐标精度": "街巷级/片区级坐标，需后续用高德、百度、ArcGIS 或现场 GPS 精确复核",
        "点位介绍": "一、区位与格局：位于开福区开福寺路，处在开福区历史文化资源网络之中，是长沙历史步道资源库中需要被识别、分级和联动展示的宗教建筑附属遗存节点。\n二、历史沿革：该点位年代为清代至近现代，已见于开福区各级文物保护单位公开列表，属于市级文物保护单位体系中的组成部分，反映长沙城市历史在不同街区、不同年代和不同功能类型中的延续。\n三、空间与形制：空间形态以宗教建筑附属遗存为主，通常包含本体建筑、院落或遗址范围、街巷界面及周边缓冲空间，需要在后续测绘中进一步明确保护范围和建设控制地带。\n四、文化内涵：该点位补足了长沙历史文化资源中“小而密”的基层单元，有助于从少数地标走向成片街巷、校园、宗教、工业、烈士纪念和生活记忆的综合叙事。\n五、现状功能：现阶段可作为 AI 智能体的历史点位图层纳入识别与筛选，部分点位需继续核验门牌、边界、本体保存状况和开放条件。\n六、规划价值：规划上建议先纳入历史文化建筑基础数据库，结合步道半径、公众反馈、街巷可达性和运营潜力，判断是否进入主题线路、导览节点或保护更新任务清单。",
        "资料来源": "开福区各级文物保护单位公开列表",
        "数据状态": "名称和空间关系已核验，需与开福寺本体边界区分",
        "备注": "",
        "资料来源URL": ""
      }
    },
    {
      "type": "Feature",
      "geometry": {
        "type": "Point",
        "coordinates": [
          112.9896,
          28.2096
        ]
      },
      "properties": {
        "标准名称": "湖南烈士公园纪念塔",
        "所在区县": "开福区",
        "分类类别": "文物保护单位",
        "单位等级层级": "市级",
        "保护或认定名称": "湖南烈士公园纪念塔",
        "坐标来源": "公开名录地址+街区级人工定位",
        "坐标精度": "街巷级/片区级坐标，需后续用高德、百度、ArcGIS 或现场 GPS 精确复核",
        "点位介绍": "一、区位与格局：位于开福区烈士公园，处在开福区历史文化资源网络之中，是长沙历史步道资源库中需要被识别、分级和联动展示的革命纪念建筑节点。\n二、历史沿革：该点位年代为20世纪50年代，已见于长沙市各级文物保护单位与红色遗址资料，属于市级文物保护单位体系中的组成部分，反映长沙城市历史在不同街区、不同年代和不同功能类型中的延续。\n三、空间与形制：空间形态以革命纪念建筑为主，通常包含本体建筑、院落或遗址范围、街巷界面及周边缓冲空间，需要在后续测绘中进一步明确保护范围和建设控制地带。\n四、文化内涵：该点位补足了长沙历史文化资源中“小而密”的基层单元，有助于从少数地标走向成片街巷、校园、宗教、工业、烈士纪念和生活记忆的综合叙事。\n五、现状功能：现阶段可作为 AI 智能体的历史点位图层纳入识别与筛选，部分点位需继续核验门牌、边界、本体保存状况和开放条件。\n六、规划价值：规划上建议先纳入历史文化建筑基础数据库，结合步道半径、公众反馈、街巷可达性和运营潜力，判断是否进入主题线路、导览节点或保护更新任务清单。",
        "资料来源": "长沙市各级文物保护单位与红色遗址资料",
        "数据状态": "名称和区位已核验，坐标为公园内纪念区定位",
        "备注": "",
        "资料来源URL": ""
      }
    },
    {
      "type": "Feature",
      "geometry": {
        "type": "Point",
        "coordinates": [
          112.9835,
          28.2012
        ]
      },
      "properties": {
        "标准名称": "船山学社旧址",
        "所在区县": "开福区",
        "分类类别": "文物保护单位",
        "单位等级层级": "省级",
        "保护或认定名称": "船山学社旧址",
        "坐标来源": "公开名录地址+街区级人工定位",
        "坐标精度": "街巷级/片区级坐标，需后续用高德、百度、ArcGIS 或现场 GPS 精确复核",
        "点位介绍": "一、区位与格局：位于开福区中山路、营盘路片区，处在开福区历史文化资源网络之中，是长沙历史步道资源库中需要被识别、分级和联动展示的近现代教育与社团旧址节点。\n二、历史沿革：该点位年代为民国时期，已见于湖南省各级文物保护单位公开资料，属于省级文物保护单位体系中的组成部分，反映长沙城市历史在不同街区、不同年代和不同功能类型中的延续。\n三、空间与形制：空间形态以近现代教育与社团旧址为主，通常包含本体建筑、院落或遗址范围、街巷界面及周边缓冲空间，需要在后续测绘中进一步明确保护范围和建设控制地带。\n四、文化内涵：该点位补足了长沙历史文化资源中“小而密”的基层单元，有助于从少数地标走向成片街巷、校园、宗教、工业、烈士纪念和生活记忆的综合叙事。\n五、现状功能：现阶段可作为 AI 智能体的历史点位图层纳入识别与筛选，部分点位需继续核验门牌、边界、本体保存状况和开放条件。\n六、规划价值：规划上建议先纳入历史文化建筑基础数据库，结合步道半径、公众反馈、街巷可达性和运营潜力，判断是否进入主题线路、导览节点或保护更新任务清单。",
        "资料来源": "湖南省各级文物保护单位公开资料",
        "数据状态": "等级和名称已核验，坐标需二次复核",
        "备注": "",
        "资料来源URL": ""
      }
    },
    {
      "type": "Feature",
      "geometry": {
        "type": "Point",
        "coordinates": [
          112.9861,
          28.202
        ]
      },
      "properties": {
        "标准名称": "毛泽东杨开慧故居旧址清水塘",
        "所在区县": "开福区",
        "分类类别": "文物保护单位",
        "单位等级层级": "省级",
        "保护或认定名称": "毛泽东杨开慧故居旧址",
        "坐标来源": "公开名录地址+街区级人工定位",
        "坐标精度": "街巷级/片区级坐标，需后续用高德、百度、ArcGIS 或现场 GPS 精确复核",
        "点位介绍": "一、区位与格局：位于开福区清水塘，处在开福区历史文化资源网络之中，是长沙历史步道资源库中需要被识别、分级和联动展示的近现代革命生活旧址节点。\n二、历史沿革：该点位年代为1920年代，已见于湖南省自然资源厅省级文物保护单位红色遗址表，属于省级文物保护单位体系中的组成部分，反映长沙城市历史在不同街区、不同年代和不同功能类型中的延续。\n三、空间与形制：空间形态以近现代革命生活旧址为主，通常包含本体建筑、院落或遗址范围、街巷界面及周边缓冲空间，需要在后续测绘中进一步明确保护范围和建设控制地带。\n四、文化内涵：该点位补足了长沙历史文化资源中“小而密”的基层单元，有助于从少数地标走向成片街巷、校园、宗教、工业、烈士纪念和生活记忆的综合叙事。\n五、现状功能：现阶段可作为 AI 智能体的历史点位图层纳入识别与筛选，部分点位需继续核验门牌、边界、本体保存状况和开放条件。\n六、规划价值：规划上建议先纳入历史文化建筑基础数据库，结合步道半径、公众反馈、街巷可达性和运营潜力，判断是否进入主题线路、导览节点或保护更新任务清单。",
        "资料来源": "湖南省自然资源厅省级文物保护单位红色遗址表",
        "数据状态": "与中共湘区委员会旧址空间相邻，坐标为片区级定位",
        "备注": "",
        "资料来源URL": ""
      }
    },
    {
      "type": "Feature",
      "geometry": {
        "type": "Point",
        "coordinates": [
          112.9791,
          28.2047
        ]
      },
      "properties": {
        "标准名称": "北正街基督教堂",
        "所在区县": "开福区",
        "分类类别": "历史建筑",
        "单位等级层级": "市级",
        "保护或认定名称": "北正街基督教堂历史建筑",
        "坐标来源": "公开名录地址+街区级人工定位",
        "坐标精度": "街巷级/片区级坐标，需后续用高德、百度、ArcGIS 或现场 GPS 精确复核",
        "点位介绍": "一、区位与格局：位于开福区北正街，处在开福区历史文化资源网络之中，是长沙历史步道资源库中需要被识别、分级和联动展示的近代宗教建筑节点。\n二、历史沿革：该点位年代为民国时期，已见于长沙历史建筑与街区公开资料，属于市级历史建筑体系中的组成部分，反映长沙城市历史在不同街区、不同年代和不同功能类型中的延续。\n三、空间与形制：空间形态以近代宗教建筑为主，通常包含本体建筑、院落或遗址范围、街巷界面及周边缓冲空间，需要在后续测绘中进一步明确保护范围和建设控制地带。\n四、文化内涵：该点位补足了长沙历史文化资源中“小而密”的基层单元，有助于从少数地标走向成片街巷、校园、宗教、工业、烈士纪念和生活记忆的综合叙事。\n五、现状功能：现阶段可作为 AI 智能体的历史点位图层纳入识别与筛选，部分点位需继续核验门牌、边界、本体保存状况和开放条件。\n六、规划价值：规划上建议先纳入历史文化建筑基础数据库，结合步道半径、公众反馈、街巷可达性和运营潜力，判断是否进入主题线路、导览节点或保护更新任务清单。",
        "资料来源": "长沙历史建筑与街区公开资料",
        "数据状态": "名称和片区已核验，历史建筑批次需继续核对",
        "备注": "",
        "资料来源URL": ""
      }
    },
    {
      "type": "Feature",
      "geometry": {
        "type": "Point",
        "coordinates": [
          112.9764,
          28.2045
        ]
      },
      "properties": {
        "标准名称": "潮宗街历史文化街区",
        "所在区县": "开福区",
        "分类类别": "历史文化遗址",
        "单位等级层级": "市级",
        "保护或认定名称": "潮宗街历史文化街区",
        "坐标来源": "公开名录地址+街区级人工定位",
        "坐标精度": "街巷级/片区级坐标，需后续用高德、百度、ArcGIS 或现场 GPS 精确复核",
        "点位介绍": "一、区位与格局：位于开福区潮宗街，处在开福区历史文化资源网络之中，是长沙历史步道资源库中需要被识别、分级和联动展示的历史文化街区节点。\n二、历史沿革：该点位年代为清末至近现代，已见于长沙历史文化名城保护资料，属于市级历史文化遗址体系中的组成部分，反映长沙城市历史在不同街区、不同年代和不同功能类型中的延续。\n三、空间与形制：空间形态以历史文化街区为主，通常包含本体建筑、院落或遗址范围、街巷界面及周边缓冲空间，需要在后续测绘中进一步明确保护范围和建设控制地带。\n四、文化内涵：该点位补足了长沙历史文化资源中“小而密”的基层单元，有助于从少数地标走向成片街巷、校园、宗教、工业、烈士纪念和生活记忆的综合叙事。\n五、现状功能：现阶段可作为 AI 智能体的历史点位图层纳入识别与筛选，部分点位需继续核验门牌、边界、本体保存状况和开放条件。\n六、规划价值：规划上建议先纳入历史文化建筑基础数据库，结合步道半径、公众反馈、街巷可达性和运营潜力，判断是否进入主题线路、导览节点或保护更新任务清单。",
        "资料来源": "长沙历史文化名城保护资料",
        "数据状态": "街区级对象，坐标取街区中心",
        "备注": "",
        "资料来源URL": ""
      }
    },
    {
      "type": "Feature",
      "geometry": {
        "type": "Point",
        "coordinates": [
          112.979,
          28.2055
        ]
      },
      "properties": {
        "标准名称": "北正街历史街巷",
        "所在区县": "开福区",
        "分类类别": "历史文化遗址",
        "单位等级层级": "市级",
        "保护或认定名称": "北正街历史街巷",
        "坐标来源": "公开名录地址+街区级人工定位",
        "坐标精度": "街巷级/片区级坐标，需后续用高德、百度、ArcGIS 或现场 GPS 精确复核",
        "点位介绍": "一、区位与格局：位于开福区北正街，处在开福区历史文化资源网络之中，是长沙历史步道资源库中需要被识别、分级和联动展示的历史街巷节点。\n二、历史沿革：该点位年代为清末至近现代，已见于长沙历史文化名城保护资料，属于市级历史文化遗址体系中的组成部分，反映长沙城市历史在不同街区、不同年代和不同功能类型中的延续。\n三、空间与形制：空间形态以历史街巷为主，通常包含本体建筑、院落或遗址范围、街巷界面及周边缓冲空间，需要在后续测绘中进一步明确保护范围和建设控制地带。\n四、文化内涵：该点位补足了长沙历史文化资源中“小而密”的基层单元，有助于从少数地标走向成片街巷、校园、宗教、工业、烈士纪念和生活记忆的综合叙事。\n五、现状功能：现阶段可作为 AI 智能体的历史点位图层纳入识别与筛选，部分点位需继续核验门牌、边界、本体保存状况和开放条件。\n六、规划价值：规划上建议先纳入历史文化建筑基础数据库，结合步道半径、公众反馈、街巷可达性和运营潜力，判断是否进入主题线路、导览节点或保护更新任务清单。",
        "资料来源": "长沙历史文化名城保护资料",
        "数据状态": "街巷级对象，坐标取街巷中心",
        "备注": "",
        "资料来源URL": ""
      }
    },
    {
      "type": "Feature",
      "geometry": {
        "type": "Point",
        "coordinates": [
          112.871,
          28.096
        ]
      },
      "properties": {
        "标准名称": "曾国藩墓",
        "所在区县": "岳麓区",
        "分类类别": "文物保护单位",
        "单位等级层级": "省级",
        "保护或认定名称": "曾国藩墓",
        "坐标来源": "公开名录地址+街区级人工定位",
        "坐标精度": "街巷级/片区级坐标，需后续用高德、百度、ArcGIS 或现场 GPS 精确复核",
        "点位介绍": "一、区位与格局：位于岳麓区坪塘街道桐溪寺附近，处在岳麓区历史文化资源网络之中，是长沙历史步道资源库中需要被识别、分级和联动展示的近代名人墓葬节点。\n二、历史沿革：该点位年代为清代，已见于岳麓区各级文物保护单位公开列表，属于省级文物保护单位体系中的组成部分，反映长沙城市历史在不同街区、不同年代和不同功能类型中的延续。\n三、空间与形制：空间形态以近代名人墓葬为主，通常包含本体建筑、院落或遗址范围、街巷界面及周边缓冲空间，需要在后续测绘中进一步明确保护范围和建设控制地带。\n四、文化内涵：该点位补足了长沙历史文化资源中“小而密”的基层单元，有助于从少数地标走向成片街巷、校园、宗教、工业、烈士纪念和生活记忆的综合叙事。\n五、现状功能：现阶段可作为 AI 智能体的历史点位图层纳入识别与筛选，部分点位需继续核验门牌、边界、本体保存状况和开放条件。\n六、规划价值：规划上建议先纳入历史文化建筑基础数据库，结合步道半径、公众反馈、街巷可达性和运营潜力，判断是否进入主题线路、导览节点或保护更新任务清单。",
        "资料来源": "岳麓区各级文物保护单位公开列表",
        "数据状态": "名称和片区已核验，坐标为第一版核验值",
        "备注": "",
        "资料来源URL": ""
      }
    },
    {
      "type": "Feature",
      "geometry": {
        "type": "Point",
        "coordinates": [
          112.9273,
          28.1848
        ]
      },
      "properties": {
        "标准名称": "禹之谟墓",
        "所在区县": "岳麓区",
        "分类类别": "文物保护单位",
        "单位等级层级": "省级",
        "保护或认定名称": "禹之谟墓",
        "坐标来源": "公开名录地址+街区级人工定位",
        "坐标精度": "街巷级/片区级坐标，需后续用高德、百度、ArcGIS 或现场 GPS 精确复核",
        "点位介绍": "一、区位与格局：位于岳麓山，处在岳麓区历史文化资源网络之中，是长沙历史步道资源库中需要被识别、分级和联动展示的近代革命人物墓葬节点。\n二、历史沿革：该点位年代为民国初年，已见于岳麓区各级文物保护单位公开列表，属于省级文物保护单位体系中的组成部分，反映长沙城市历史在不同街区、不同年代和不同功能类型中的延续。\n三、空间与形制：空间形态以近代革命人物墓葬为主，通常包含本体建筑、院落或遗址范围、街巷界面及周边缓冲空间，需要在后续测绘中进一步明确保护范围和建设控制地带。\n四、文化内涵：该点位补足了长沙历史文化资源中“小而密”的基层单元，有助于从少数地标走向成片街巷、校园、宗教、工业、烈士纪念和生活记忆的综合叙事。\n五、现状功能：现阶段可作为 AI 智能体的历史点位图层纳入识别与筛选，部分点位需继续核验门牌、边界、本体保存状况和开放条件。\n六、规划价值：规划上建议先纳入历史文化建筑基础数据库，结合步道半径、公众反馈、街巷可达性和运营潜力，判断是否进入主题线路、导览节点或保护更新任务清单。",
        "资料来源": "岳麓区各级文物保护单位公开列表",
        "数据状态": "名称和片区已核验，坐标为山体片区定位",
        "备注": "",
        "资料来源URL": ""
      }
    },
    {
      "type": "Feature",
      "geometry": {
        "type": "Point",
        "coordinates": [
          112.9335,
          28.1832
        ]
      },
      "properties": {
        "标准名称": "麓山寺",
        "所在区县": "岳麓区",
        "分类类别": "文物保护单位",
        "单位等级层级": "省级",
        "保护或认定名称": "麓山寺",
        "坐标来源": "公开名录地址+街区级人工定位",
        "坐标精度": "街巷级/片区级坐标，需后续用高德、百度、ArcGIS 或现场 GPS 精确复核",
        "点位介绍": "一、区位与格局：位于岳麓山景区，处在岳麓区历史文化资源网络之中，是长沙历史步道资源库中需要被识别、分级和联动展示的佛教寺院建筑节点。\n二、历史沿革：该点位年代为魏晋以来，现存多为后期修复，已见于岳麓区各级文物保护单位公开列表，属于省级文物保护单位体系中的组成部分，反映长沙城市历史在不同街区、不同年代和不同功能类型中的延续。\n三、空间与形制：空间形态以佛教寺院建筑为主，通常包含本体建筑、院落或遗址范围、街巷界面及周边缓冲空间，需要在后续测绘中进一步明确保护范围和建设控制地带。\n四、文化内涵：该点位补足了长沙历史文化资源中“小而密”的基层单元，有助于从少数地标走向成片街巷、校园、宗教、工业、烈士纪念和生活记忆的综合叙事。\n五、现状功能：现阶段可作为 AI 智能体的历史点位图层纳入识别与筛选，部分点位需继续核验门牌、边界、本体保存状况和开放条件。\n六、规划价值：规划上建议先纳入历史文化建筑基础数据库，结合步道半径、公众反馈、街巷可达性和运营潜力，判断是否进入主题线路、导览节点或保护更新任务清单。",
        "资料来源": "岳麓区各级文物保护单位公开列表",
        "数据状态": "名称和景区位置已核验，坐标为寺院中心定位",
        "备注": "",
        "资料来源URL": ""
      }
    },
    {
      "type": "Feature",
      "geometry": {
        "type": "Point",
        "coordinates": [
          112.9309,
          28.1874
        ]
      },
      "properties": {
        "标准名称": "云麓宫",
        "所在区县": "岳麓区",
        "分类类别": "文物保护单位",
        "单位等级层级": "省级",
        "保护或认定名称": "云麓宫",
        "坐标来源": "公开名录地址+街区级人工定位",
        "坐标精度": "街巷级/片区级坐标，需后续用高德、百度、ArcGIS 或现场 GPS 精确复核",
        "点位介绍": "一、区位与格局：位于岳麓山景区，处在岳麓区历史文化资源网络之中，是长沙历史步道资源库中需要被识别、分级和联动展示的道教宫观建筑节点。\n二、历史沿革：该点位年代为明清及后世修复，已见于岳麓区各级文物保护单位公开列表，属于省级文物保护单位体系中的组成部分，反映长沙城市历史在不同街区、不同年代和不同功能类型中的延续。\n三、空间与形制：空间形态以道教宫观建筑为主，通常包含本体建筑、院落或遗址范围、街巷界面及周边缓冲空间，需要在后续测绘中进一步明确保护范围和建设控制地带。\n四、文化内涵：该点位补足了长沙历史文化资源中“小而密”的基层单元，有助于从少数地标走向成片街巷、校园、宗教、工业、烈士纪念和生活记忆的综合叙事。\n五、现状功能：现阶段可作为 AI 智能体的历史点位图层纳入识别与筛选，部分点位需继续核验门牌、边界、本体保存状况和开放条件。\n六、规划价值：规划上建议先纳入历史文化建筑基础数据库，结合步道半径、公众反馈、街巷可达性和运营潜力，判断是否进入主题线路、导览节点或保护更新任务清单。",
        "资料来源": "岳麓区各级文物保护单位公开列表",
        "数据状态": "名称和景区位置已核验，坐标为宫观中心定位",
        "备注": "",
        "资料来源URL": ""
      }
    },
    {
      "type": "Feature",
      "geometry": {
        "type": "Point",
        "coordinates": [
          112.938,
          28.207
        ]
      },
      "properties": {
        "标准名称": "肖劲光故居",
        "所在区县": "岳麓区",
        "分类类别": "文物保护单位",
        "单位等级层级": "省级",
        "保护或认定名称": "肖劲光故居",
        "坐标来源": "公开名录地址+街区级人工定位",
        "坐标精度": "街巷级/片区级坐标，需后续用高德、百度、ArcGIS 或现场 GPS 精确复核",
        "点位介绍": "一、区位与格局：位于岳麓区赵洲港、银盆岭片区，处在岳麓区历史文化资源网络之中，是长沙历史步道资源库中需要被识别、分级和联动展示的近现代人物故居节点。\n二、历史沿革：该点位年代为清末民国，已见于湖南省自然资源厅省级文保红色遗址表，属于省级文物保护单位体系中的组成部分，反映长沙城市历史在不同街区、不同年代和不同功能类型中的延续。\n三、空间与形制：空间形态以近现代人物故居为主，通常包含本体建筑、院落或遗址范围、街巷界面及周边缓冲空间，需要在后续测绘中进一步明确保护范围和建设控制地带。\n四、文化内涵：该点位补足了长沙历史文化资源中“小而密”的基层单元，有助于从少数地标走向成片街巷、校园、宗教、工业、烈士纪念和生活记忆的综合叙事。\n五、现状功能：现阶段可作为 AI 智能体的历史点位图层纳入识别与筛选，部分点位需继续核验门牌、边界、本体保存状况和开放条件。\n六、规划价值：规划上建议先纳入历史文化建筑基础数据库，结合步道半径、公众反馈、街巷可达性和运营潜力，判断是否进入主题线路、导览节点或保护更新任务清单。",
        "资料来源": "湖南省自然资源厅省级文保红色遗址表",
        "数据状态": "等级与人物关系已核验，坐标为片区级定位",
        "备注": "",
        "资料来源URL": ""
      }
    },
    {
      "type": "Feature",
      "geometry": {
        "type": "Point",
        "coordinates": [
          112.9285,
          28.1857
        ]
      },
      "properties": {
        "标准名称": "七十三军抗战阵亡将士公墓",
        "所在区县": "岳麓区",
        "分类类别": "文物保护单位",
        "单位等级层级": "省级",
        "保护或认定名称": "七十三军抗战阵亡将士公墓",
        "坐标来源": "公开名录地址+街区级人工定位",
        "坐标精度": "街巷级/片区级坐标，需后续用高德、百度、ArcGIS 或现场 GPS 精确复核",
        "点位介绍": "一、区位与格局：位于岳麓山，处在岳麓区历史文化资源网络之中，是长沙历史步道资源库中需要被识别、分级和联动展示的抗战纪念墓园节点。\n二、历史沿革：该点位年代为抗日战争时期，已见于岳麓区各级文物保护单位公开列表，属于省级文物保护单位体系中的组成部分，反映长沙城市历史在不同街区、不同年代和不同功能类型中的延续。\n三、空间与形制：空间形态以抗战纪念墓园为主，通常包含本体建筑、院落或遗址范围、街巷界面及周边缓冲空间，需要在后续测绘中进一步明确保护范围和建设控制地带。\n四、文化内涵：该点位补足了长沙历史文化资源中“小而密”的基层单元，有助于从少数地标走向成片街巷、校园、宗教、工业、烈士纪念和生活记忆的综合叙事。\n五、现状功能：现阶段可作为 AI 智能体的历史点位图层纳入识别与筛选，部分点位需继续核验门牌、边界、本体保存状况和开放条件。\n六、规划价值：规划上建议先纳入历史文化建筑基础数据库，结合步道半径、公众反馈、街巷可达性和运营潜力，判断是否进入主题线路、导览节点或保护更新任务清单。",
        "资料来源": "岳麓区各级文物保护单位公开列表",
        "数据状态": "名称和片区已核验，坐标为墓园片区定位",
        "备注": "",
        "资料来源URL": ""
      }
    },
    {
      "type": "Feature",
      "geometry": {
        "type": "Point",
        "coordinates": [
          112.9424,
          28.1867
        ]
      },
      "properties": {
        "标准名称": "湖南师范大学早期建筑",
        "所在区县": "岳麓区",
        "分类类别": "历史建筑",
        "单位等级层级": "市级",
        "保护或认定名称": "湖南师范大学早期建筑",
        "坐标来源": "公开名录地址+街区级人工定位",
        "坐标精度": "街巷级/片区级坐标，需后续用高德、百度、ArcGIS 或现场 GPS 精确复核",
        "点位介绍": "一、区位与格局：位于岳麓区湖南师范大学校园，处在岳麓区历史文化资源网络之中，是长沙历史步道资源库中需要被识别、分级和联动展示的近现代校园建筑节点。\n二、历史沿革：该点位年代为20世纪中期，已见于长沙历史建筑批次公开资料，属于市级历史建筑体系中的组成部分，反映长沙城市历史在不同街区、不同年代和不同功能类型中的延续。\n三、空间与形制：空间形态以近现代校园建筑为主，通常包含本体建筑、院落或遗址范围、街巷界面及周边缓冲空间，需要在后续测绘中进一步明确保护范围和建设控制地带。\n四、文化内涵：该点位补足了长沙历史文化资源中“小而密”的基层单元，有助于从少数地标走向成片街巷、校园、宗教、工业、烈士纪念和生活记忆的综合叙事。\n五、现状功能：现阶段可作为 AI 智能体的历史点位图层纳入识别与筛选，部分点位需继续核验门牌、边界、本体保存状况和开放条件。\n六、规划价值：规划上建议先纳入历史文化建筑基础数据库，结合步道半径、公众反馈、街巷可达性和运营潜力，判断是否进入主题线路、导览节点或保护更新任务清单。",
        "资料来源": "长沙历史建筑批次公开资料",
        "数据状态": "名称和校园片区已核验，坐标为建筑群中心",
        "备注": "",
        "资料来源URL": ""
      }
    },
    {
      "type": "Feature",
      "geometry": {
        "type": "Point",
        "coordinates": [
          112.933,
          28.1715
        ]
      },
      "properties": {
        "标准名称": "中南大学苏联专家公寓",
        "所在区县": "岳麓区",
        "分类类别": "历史建筑",
        "单位等级层级": "市级",
        "保护或认定名称": "中南大学苏联专家公寓",
        "坐标来源": "公开名录地址+街区级人工定位",
        "坐标精度": "街巷级/片区级坐标，需后续用高德、百度、ArcGIS 或现场 GPS 精确复核",
        "点位介绍": "一、区位与格局：位于岳麓区中南大学校本部，处在岳麓区历史文化资源网络之中，是长沙历史步道资源库中需要被识别、分级和联动展示的近现代校园居住建筑节点。\n二、历史沿革：该点位年代为20世纪50年代，已见于长沙第三批历史建筑名单，属于市级历史建筑体系中的组成部分，反映长沙城市历史在不同街区、不同年代和不同功能类型中的延续。\n三、空间与形制：空间形态以近现代校园居住建筑为主，通常包含本体建筑、院落或遗址范围、街巷界面及周边缓冲空间，需要在后续测绘中进一步明确保护范围和建设控制地带。\n四、文化内涵：该点位补足了长沙历史文化资源中“小而密”的基层单元，有助于从少数地标走向成片街巷、校园、宗教、工业、烈士纪念和生活记忆的综合叙事。\n五、现状功能：现阶段可作为 AI 智能体的历史点位图层纳入识别与筛选，部分点位需继续核验门牌、边界、本体保存状况和开放条件。\n六、规划价值：规划上建议先纳入历史文化建筑基础数据库，结合步道半径、公众反馈、街巷可达性和运营潜力，判断是否进入主题线路、导览节点或保护更新任务清单。",
        "资料来源": "长沙第三批历史建筑名单",
        "数据状态": "第三批历史建筑已核验，坐标为校园片区定位",
        "备注": "",
        "资料来源URL": ""
      }
    },
    {
      "type": "Feature",
      "geometry": {
        "type": "Point",
        "coordinates": [
          112.9341,
          28.1706
        ]
      },
      "properties": {
        "标准名称": "中南大学教学办公建筑群",
        "所在区县": "岳麓区",
        "分类类别": "历史建筑",
        "单位等级层级": "市级",
        "保护或认定名称": "中南大学教学办公建筑群",
        "坐标来源": "公开名录地址+街区级人工定位",
        "坐标精度": "街巷级/片区级坐标，需后续用高德、百度、ArcGIS 或现场 GPS 精确复核",
        "点位介绍": "一、区位与格局：位于岳麓区中南大学校本部，处在岳麓区历史文化资源网络之中，是长沙历史步道资源库中需要被识别、分级和联动展示的近现代校园建筑群节点。\n二、历史沿革：该点位年代为20世纪50年代，已见于长沙第三批历史建筑名单，属于市级历史建筑体系中的组成部分，反映长沙城市历史在不同街区、不同年代和不同功能类型中的延续。\n三、空间与形制：空间形态以近现代校园建筑群为主，通常包含本体建筑、院落或遗址范围、街巷界面及周边缓冲空间，需要在后续测绘中进一步明确保护范围和建设控制地带。\n四、文化内涵：该点位补足了长沙历史文化资源中“小而密”的基层单元，有助于从少数地标走向成片街巷、校园、宗教、工业、烈士纪念和生活记忆的综合叙事。\n五、现状功能：现阶段可作为 AI 智能体的历史点位图层纳入识别与筛选，部分点位需继续核验门牌、边界、本体保存状况和开放条件。\n六、规划价值：规划上建议先纳入历史文化建筑基础数据库，结合步道半径、公众反馈、街巷可达性和运营潜力，判断是否进入主题线路、导览节点或保护更新任务清单。",
        "资料来源": "长沙第三批历史建筑名单",
        "数据状态": "第三批历史建筑已核验，坐标为校园片区定位",
        "备注": "",
        "资料来源URL": ""
      }
    },
    {
      "type": "Feature",
      "geometry": {
        "type": "Point",
        "coordinates": [
          112.941,
          28.244
        ]
      },
      "properties": {
        "标准名称": "长沙锌厂",
        "所在区县": "岳麓区",
        "分类类别": "历史建筑",
        "单位等级层级": "市级",
        "保护或认定名称": "长沙锌厂",
        "坐标来源": "公开名录地址+街区级人工定位",
        "坐标精度": "街巷级/片区级坐标，需后续用高德、百度、ArcGIS 或现场 GPS 精确复核",
        "点位介绍": "一、区位与格局：位于岳麓区三汊矶片区，处在岳麓区历史文化资源网络之中，是长沙历史步道资源库中需要被识别、分级和联动展示的近现代工业建筑节点。\n二、历史沿革：该点位年代为20世纪，已见于长沙第三批历史建筑名单，属于市级历史建筑体系中的组成部分，反映长沙城市历史在不同街区、不同年代和不同功能类型中的延续。\n三、空间与形制：空间形态以近现代工业建筑为主，通常包含本体建筑、院落或遗址范围、街巷界面及周边缓冲空间，需要在后续测绘中进一步明确保护范围和建设控制地带。\n四、文化内涵：该点位补足了长沙历史文化资源中“小而密”的基层单元，有助于从少数地标走向成片街巷、校园、宗教、工业、烈士纪念和生活记忆的综合叙事。\n五、现状功能：现阶段可作为 AI 智能体的历史点位图层纳入识别与筛选，部分点位需继续核验门牌、边界、本体保存状况和开放条件。\n六、规划价值：规划上建议先纳入历史文化建筑基础数据库，结合步道半径、公众反馈、街巷可达性和运营潜力，判断是否进入主题线路、导览节点或保护更新任务清单。",
        "资料来源": "长沙第三批历史建筑名单",
        "数据状态": "第三批历史建筑已核验，坐标为片区级定位",
        "备注": "",
        "资料来源URL": ""
      }
    },
    {
      "type": "Feature",
      "geometry": {
        "type": "Point",
        "coordinates": [
          112.953,
          28.177
        ]
      },
      "properties": {
        "标准名称": "潇湘路水泵站房",
        "所在区县": "岳麓区",
        "分类类别": "历史建筑",
        "单位等级层级": "市级",
        "保护或认定名称": "潇湘路水泵站房",
        "坐标来源": "公开名录地址+街区级人工定位",
        "坐标精度": "街巷级/片区级坐标，需后续用高德、百度、ArcGIS 或现场 GPS 精确复核",
        "点位介绍": "一、区位与格局：位于岳麓区潇湘路沿线，处在岳麓区历史文化资源网络之中，是长沙历史步道资源库中需要被识别、分级和联动展示的近现代市政工业建筑节点。\n二、历史沿革：该点位年代为20世纪，已见于长沙第三批历史建筑名单，属于市级历史建筑体系中的组成部分，反映长沙城市历史在不同街区、不同年代和不同功能类型中的延续。\n三、空间与形制：空间形态以近现代市政工业建筑为主，通常包含本体建筑、院落或遗址范围、街巷界面及周边缓冲空间，需要在后续测绘中进一步明确保护范围和建设控制地带。\n四、文化内涵：该点位补足了长沙历史文化资源中“小而密”的基层单元，有助于从少数地标走向成片街巷、校园、宗教、工业、烈士纪念和生活记忆的综合叙事。\n五、现状功能：现阶段可作为 AI 智能体的历史点位图层纳入识别与筛选，部分点位需继续核验门牌、边界、本体保存状况和开放条件。\n六、规划价值：规划上建议先纳入历史文化建筑基础数据库，结合步道半径、公众反馈、街巷可达性和运营潜力，判断是否进入主题线路、导览节点或保护更新任务清单。",
        "资料来源": "长沙第三批历史建筑名单",
        "数据状态": "第三批历史建筑已核验，坐标为道路沿线定位",
        "备注": "",
        "资料来源URL": ""
      }
    },
    {
      "type": "Feature",
      "geometry": {
        "type": "Point",
        "coordinates": [
          112.976,
          28.176
        ]
      },
      "properties": {
        "标准名称": "长沙机床厂",
        "所在区县": "天心区",
        "分类类别": "历史建筑",
        "单位等级层级": "市级",
        "保护或认定名称": "长沙机床厂",
        "坐标来源": "公开名录地址+街区级人工定位",
        "坐标精度": "街巷级/片区级坐标，需后续用高德、百度、ArcGIS 或现场 GPS 精确复核",
        "点位介绍": "一、区位与格局：位于天心区南湖路、书院路片区，处在天心区历史文化资源网络之中，是长沙历史步道资源库中需要被识别、分级和联动展示的近现代工业建筑节点。\n二、历史沿革：该点位年代为20世纪，已见于长沙第三批历史建筑名单，属于市级历史建筑体系中的组成部分，反映长沙城市历史在不同街区、不同年代和不同功能类型中的延续。\n三、空间与形制：空间形态以近现代工业建筑为主，通常包含本体建筑、院落或遗址范围、街巷界面及周边缓冲空间，需要在后续测绘中进一步明确保护范围和建设控制地带。\n四、文化内涵：该点位补足了长沙历史文化资源中“小而密”的基层单元，有助于从少数地标走向成片街巷、校园、宗教、工业、烈士纪念和生活记忆的综合叙事。\n五、现状功能：现阶段可作为 AI 智能体的历史点位图层纳入识别与筛选，部分点位需继续核验门牌、边界、本体保存状况和开放条件。\n六、规划价值：规划上建议先纳入历史文化建筑基础数据库，结合步道半径、公众反馈、街巷可达性和运营潜力，判断是否进入主题线路、导览节点或保护更新任务清单。",
        "资料来源": "长沙第三批历史建筑名单",
        "数据状态": "第三批历史建筑已核验，坐标为片区级定位",
        "备注": "",
        "资料来源URL": ""
      }
    },
    {
      "type": "Feature",
      "geometry": {
        "type": "Point",
        "coordinates": [
          113.016,
          28.151
        ]
      },
      "properties": {
        "标准名称": "长沙肉类联合加工厂",
        "所在区县": "雨花区",
        "分类类别": "历史建筑",
        "单位等级层级": "市级",
        "保护或认定名称": "长沙肉类联合加工厂",
        "坐标来源": "公开名录地址+街区级人工定位",
        "坐标精度": "街巷级/片区级坐标，需后续用高德、百度、ArcGIS 或现场 GPS 精确复核",
        "点位介绍": "一、区位与格局：位于雨花区原长沙肉联厂片区，处在雨花区历史文化资源网络之中，是长沙历史步道资源库中需要被识别、分级和联动展示的近现代工业建筑节点。\n二、历史沿革：该点位年代为20世纪，已见于长沙第三批历史建筑名单，属于市级历史建筑体系中的组成部分，反映长沙城市历史在不同街区、不同年代和不同功能类型中的延续。\n三、空间与形制：空间形态以近现代工业建筑为主，通常包含本体建筑、院落或遗址范围、街巷界面及周边缓冲空间，需要在后续测绘中进一步明确保护范围和建设控制地带。\n四、文化内涵：该点位补足了长沙历史文化资源中“小而密”的基层单元，有助于从少数地标走向成片街巷、校园、宗教、工业、烈士纪念和生活记忆的综合叙事。\n五、现状功能：现阶段可作为 AI 智能体的历史点位图层纳入识别与筛选，部分点位需继续核验门牌、边界、本体保存状况和开放条件。\n六、规划价值：规划上建议先纳入历史文化建筑基础数据库，结合步道半径、公众反馈、街巷可达性和运营潜力，判断是否进入主题线路、导览节点或保护更新任务清单。",
        "资料来源": "长沙第三批历史建筑名单",
        "数据状态": "第三批历史建筑已核验，坐标为片区级定位",
        "备注": "",
        "资料来源URL": ""
      }
    },
    {
      "type": "Feature",
      "geometry": {
        "type": "Point",
        "coordinates": [
          113.088,
          28.056
        ]
      },
      "properties": {
        "标准名称": "左宗棠墓",
        "所在区县": "雨花区",
        "分类类别": "文物保护单位",
        "单位等级层级": "省级",
        "保护或认定名称": "左宗棠墓",
        "坐标来源": "公开名录地址+街区级人工定位",
        "坐标精度": "街巷级/片区级坐标，需后续用高德、百度、ArcGIS 或现场 GPS 精确复核",
        "点位介绍": "一、区位与格局：位于雨花区跳马镇白竹村一带，处在雨花区历史文化资源网络之中，是长沙历史步道资源库中需要被识别、分级和联动展示的近代名人墓葬节点。\n二、历史沿革：该点位年代为清代，已见于雨花区各级文物保护单位公开列表，属于省级文物保护单位体系中的组成部分，反映长沙城市历史在不同街区、不同年代和不同功能类型中的延续。\n三、空间与形制：空间形态以近代名人墓葬为主，通常包含本体建筑、院落或遗址范围、街巷界面及周边缓冲空间，需要在后续测绘中进一步明确保护范围和建设控制地带。\n四、文化内涵：该点位补足了长沙历史文化资源中“小而密”的基层单元，有助于从少数地标走向成片街巷、校园、宗教、工业、烈士纪念和生活记忆的综合叙事。\n五、现状功能：现阶段可作为 AI 智能体的历史点位图层纳入识别与筛选，部分点位需继续核验门牌、边界、本体保存状况和开放条件。\n六、规划价值：规划上建议先纳入历史文化建筑基础数据库，结合步道半径、公众反馈、街巷可达性和运营潜力，判断是否进入主题线路、导览节点或保护更新任务清单。",
        "资料来源": "雨花区各级文物保护单位公开列表",
        "数据状态": "名称和片区已核验，坐标为第一版核验值",
        "备注": "",
        "资料来源URL": ""
      }
    },
    {
      "type": "Feature",
      "geometry": {
        "type": "Point",
        "coordinates": [
          113.001,
          28.162
        ]
      },
      "properties": {
        "标准名称": "陈明仁公馆",
        "所在区县": "雨花区",
        "分类类别": "文物保护单位",
        "单位等级层级": "市级",
        "保护或认定名称": "陈明仁公馆",
        "坐标来源": "公开名录地址+街区级人工定位",
        "坐标精度": "街巷级/片区级坐标，需后续用高德、百度、ArcGIS 或现场 GPS 精确复核",
        "点位介绍": "一、区位与格局：位于雨花区侯家塘、劳动路片区，处在雨花区历史文化资源网络之中，是长沙历史步道资源库中需要被识别、分级和联动展示的近现代公馆建筑节点。\n二、历史沿革：该点位年代为民国时期，已见于长沙市各级文物保护单位公开列表，属于市级文物保护单位体系中的组成部分，反映长沙城市历史在不同街区、不同年代和不同功能类型中的延续。\n三、空间与形制：空间形态以近现代公馆建筑为主，通常包含本体建筑、院落或遗址范围、街巷界面及周边缓冲空间，需要在后续测绘中进一步明确保护范围和建设控制地带。\n四、文化内涵：该点位补足了长沙历史文化资源中“小而密”的基层单元，有助于从少数地标走向成片街巷、校园、宗教、工业、烈士纪念和生活记忆的综合叙事。\n五、现状功能：现阶段可作为 AI 智能体的历史点位图层纳入识别与筛选，部分点位需继续核验门牌、边界、本体保存状况和开放条件。\n六、规划价值：规划上建议先纳入历史文化建筑基础数据库，结合步道半径、公众反馈、街巷可达性和运营潜力，判断是否进入主题线路、导览节点或保护更新任务清单。",
        "资料来源": "长沙市各级文物保护单位公开列表",
        "数据状态": "名称已核验，坐标需二次复核",
        "备注": "",
        "资料来源URL": ""
      }
    },
    {
      "type": "Feature",
      "geometry": {
        "type": "Point",
        "coordinates": [
          113.038,
          28.092
        ]
      },
      "properties": {
        "标准名称": "湖南省森林植物园抗战遗址",
        "所在区县": "雨花区",
        "分类类别": "历史文化遗址",
        "单位等级层级": "市级",
        "保护或认定名称": "湖南省森林植物园抗战遗址",
        "坐标来源": "公开名录地址+街区级人工定位",
        "坐标精度": "街巷级/片区级坐标，需后续用高德、百度、ArcGIS 或现场 GPS 精确复核",
        "点位介绍": "一、区位与格局：位于雨花区湖南省森林植物园，处在雨花区历史文化资源网络之中，是长沙历史步道资源库中需要被识别、分级和联动展示的抗战遗址节点。\n二、历史沿革：该点位年代为抗日战争时期，已见于雨花区历史文化与抗战遗址公开资料，属于市级历史文化遗址体系中的组成部分，反映长沙城市历史在不同街区、不同年代和不同功能类型中的延续。\n三、空间与形制：空间形态以抗战遗址为主，通常包含本体建筑、院落或遗址范围、街巷界面及周边缓冲空间，需要在后续测绘中进一步明确保护范围和建设控制地带。\n四、文化内涵：该点位补足了长沙历史文化资源中“小而密”的基层单元，有助于从少数地标走向成片街巷、校园、宗教、工业、烈士纪念和生活记忆的综合叙事。\n五、现状功能：现阶段可作为 AI 智能体的历史点位图层纳入识别与筛选，部分点位需继续核验门牌、边界、本体保存状况和开放条件。\n六、规划价值：规划上建议先纳入历史文化建筑基础数据库，结合步道半径、公众反馈、街巷可达性和运营潜力，判断是否进入主题线路、导览节点或保护更新任务清单。",
        "资料来源": "雨花区历史文化与抗战遗址公开资料",
        "数据状态": "名称和片区已核验，坐标为园区级定位",
        "备注": "",
        "资料来源URL": ""
      }
    },
    {
      "type": "Feature",
      "geometry": {
        "type": "Point",
        "coordinates": [
          112.809,
          28.356
        ]
      },
      "properties": {
        "标准名称": "欧阳询文化园遗址",
        "所在区县": "望城区",
        "分类类别": "历史文化遗址",
        "单位等级层级": "区级",
        "保护或认定名称": "欧阳询故里相关遗址",
        "坐标来源": "公开名录地址+街区级人工定位",
        "坐标精度": "街巷级/片区级坐标，需后续用高德、百度、ArcGIS 或现场 GPS 精确复核",
        "点位介绍": "一、区位与格局：位于望城区书堂山街道，处在望城区历史文化资源网络之中，是长沙历史步道资源库中需要被识别、分级和联动展示的名人故里与文化遗址节点。\n二、历史沿革：该点位年代为唐代人物纪念，现当代展示，已见于望城区历史文化资源公开资料，属于区级历史文化遗址体系中的组成部分，反映长沙城市历史在不同街区、不同年代和不同功能类型中的延续。\n三、空间与形制：空间形态以名人故里与文化遗址为主，通常包含本体建筑、院落或遗址范围、街巷界面及周边缓冲空间，需要在后续测绘中进一步明确保护范围和建设控制地带。\n四、文化内涵：该点位补足了长沙历史文化资源中“小而密”的基层单元，有助于从少数地标走向成片街巷、校园、宗教、工业、烈士纪念和生活记忆的综合叙事。\n五、现状功能：现阶段可作为 AI 智能体的历史点位图层纳入识别与筛选，部分点位需继续核验门牌、边界、本体保存状况和开放条件。\n六、规划价值：规划上建议先纳入历史文化建筑基础数据库，结合步道半径、公众反馈、街巷可达性和运营潜力，判断是否进入主题线路、导览节点或保护更新任务清单。",
        "资料来源": "望城区历史文化资源公开资料",
        "数据状态": "区位已核验，坐标为景区级定位",
        "备注": "",
        "资料来源URL": ""
      }
    },
    {
      "type": "Feature",
      "geometry": {
        "type": "Point",
        "coordinates": [
          112.706,
          28.357
        ]
      },
      "properties": {
        "标准名称": "靖港古镇宏泰坊",
        "所在区县": "望城区",
        "分类类别": "历史建筑",
        "单位等级层级": "市级",
        "保护或认定名称": "靖港古镇传统建筑",
        "坐标来源": "公开名录地址+街区级人工定位",
        "坐标精度": "街巷级/片区级坐标，需后续用高德、百度、ArcGIS 或现场 GPS 精确复核",
        "点位介绍": "一、区位与格局：位于望城区靖港古镇，处在望城区历史文化资源网络之中，是长沙历史步道资源库中需要被识别、分级和联动展示的传统商贸街巷建筑节点。\n二、历史沿革：该点位年代为明清至近现代，已见于长沙历史建筑与望城区保护建筑资料，属于市级历史建筑体系中的组成部分，反映长沙城市历史在不同街区、不同年代和不同功能类型中的延续。\n三、空间与形制：空间形态以传统商贸街巷建筑为主，通常包含本体建筑、院落或遗址范围、街巷界面及周边缓冲空间，需要在后续测绘中进一步明确保护范围和建设控制地带。\n四、文化内涵：该点位补足了长沙历史文化资源中“小而密”的基层单元，有助于从少数地标走向成片街巷、校园、宗教、工业、烈士纪念和生活记忆的综合叙事。\n五、现状功能：现阶段可作为 AI 智能体的历史点位图层纳入识别与筛选，部分点位需继续核验门牌、边界、本体保存状况和开放条件。\n六、规划价值：规划上建议先纳入历史文化建筑基础数据库，结合步道半径、公众反馈、街巷可达性和运营潜力，判断是否进入主题线路、导览节点或保护更新任务清单。",
        "资料来源": "长沙历史建筑与望城区保护建筑资料",
        "数据状态": "名称和古镇区位已核验，坐标为街区级定位",
        "备注": "",
        "资料来源URL": ""
      }
    },
    {
      "type": "Feature",
      "geometry": {
        "type": "Point",
        "coordinates": [
          112.704,
          28.358
        ]
      },
      "properties": {
        "标准名称": "望江楼布鞋厂厂门",
        "所在区县": "望城区",
        "分类类别": "历史建筑",
        "单位等级层级": "市级",
        "保护或认定名称": "望江楼布鞋厂厂门",
        "坐标来源": "公开名录地址+街区级人工定位",
        "坐标精度": "街巷级/片区级坐标，需后续用高德、百度、ArcGIS 或现场 GPS 精确复核",
        "点位介绍": "一、区位与格局：位于望城区靖港镇，处在望城区历史文化资源网络之中，是长沙历史步道资源库中需要被识别、分级和联动展示的近现代工业门楼节点。\n二、历史沿革：该点位年代为20世纪，已见于长沙第三批历史建筑名单，属于市级历史建筑体系中的组成部分，反映长沙城市历史在不同街区、不同年代和不同功能类型中的延续。\n三、空间与形制：空间形态以近现代工业门楼为主，通常包含本体建筑、院落或遗址范围、街巷界面及周边缓冲空间，需要在后续测绘中进一步明确保护范围和建设控制地带。\n四、文化内涵：该点位补足了长沙历史文化资源中“小而密”的基层单元，有助于从少数地标走向成片街巷、校园、宗教、工业、烈士纪念和生活记忆的综合叙事。\n五、现状功能：现阶段可作为 AI 智能体的历史点位图层纳入识别与筛选，部分点位需继续核验门牌、边界、本体保存状况和开放条件。\n六、规划价值：规划上建议先纳入历史文化建筑基础数据库，结合步道半径、公众反馈、街巷可达性和运营潜力，判断是否进入主题线路、导览节点或保护更新任务清单。",
        "资料来源": "长沙第三批历史建筑名单",
        "数据状态": "第三批历史建筑已核验，坐标为街区级定位",
        "备注": "",
        "资料来源URL": ""
      }
    },
    {
      "type": "Feature",
      "geometry": {
        "type": "Point",
        "coordinates": [
          112.7405,
          28.396
        ]
      },
      "properties": {
        "标准名称": "刘宜民故居",
        "所在区县": "望城区",
        "分类类别": "历史建筑",
        "单位等级层级": "市级",
        "保护或认定名称": "刘宜民故居",
        "坐标来源": "公开名录地址+街区级人工定位",
        "坐标精度": "街巷级/片区级坐标，需后续用高德、百度、ArcGIS 或现场 GPS 精确复核",
        "点位介绍": "一、区位与格局：位于望城区乔口镇，处在望城区历史文化资源网络之中，是长沙历史步道资源库中需要被识别、分级和联动展示的近现代名人故居节点。\n二、历史沿革：该点位年代为近现代，已见于长沙第三批历史建筑名单，属于市级历史建筑体系中的组成部分，反映长沙城市历史在不同街区、不同年代和不同功能类型中的延续。\n三、空间与形制：空间形态以近现代名人故居为主，通常包含本体建筑、院落或遗址范围、街巷界面及周边缓冲空间，需要在后续测绘中进一步明确保护范围和建设控制地带。\n四、文化内涵：该点位补足了长沙历史文化资源中“小而密”的基层单元，有助于从少数地标走向成片街巷、校园、宗教、工业、烈士纪念和生活记忆的综合叙事。\n五、现状功能：现阶段可作为 AI 智能体的历史点位图层纳入识别与筛选，部分点位需继续核验门牌、边界、本体保存状况和开放条件。\n六、规划价值：规划上建议先纳入历史文化建筑基础数据库，结合步道半径、公众反馈、街巷可达性和运营潜力，判断是否进入主题线路、导览节点或保护更新任务清单。",
        "资料来源": "长沙第三批历史建筑名单",
        "数据状态": "第三批历史建筑已核验，坐标为镇域级定位",
        "备注": "",
        "资料来源URL": ""
      }
    },
    {
      "type": "Feature",
      "geometry": {
        "type": "Point",
        "coordinates": [
          112.819,
          28.354
        ]
      },
      "properties": {
        "标准名称": "中共湖南省工委机关办公旧址",
        "所在区县": "望城区",
        "分类类别": "历史建筑",
        "单位等级层级": "市级",
        "保护或认定名称": "中共湖南省工委机关办公旧址",
        "坐标来源": "公开名录地址+街区级人工定位",
        "坐标精度": "街巷级/片区级坐标，需后续用高德、百度、ArcGIS 或现场 GPS 精确复核",
        "点位介绍": "一、区位与格局：位于望城区，处在望城区历史文化资源网络之中，是长沙历史步道资源库中需要被识别、分级和联动展示的近现代革命旧址节点。\n二、历史沿革：该点位年代为抗战及解放战争时期，已见于长沙第三批历史建筑名单，属于市级历史建筑体系中的组成部分，反映长沙城市历史在不同街区、不同年代和不同功能类型中的延续。\n三、空间与形制：空间形态以近现代革命旧址为主，通常包含本体建筑、院落或遗址范围、街巷界面及周边缓冲空间，需要在后续测绘中进一步明确保护范围和建设控制地带。\n四、文化内涵：该点位补足了长沙历史文化资源中“小而密”的基层单元，有助于从少数地标走向成片街巷、校园、宗教、工业、烈士纪念和生活记忆的综合叙事。\n五、现状功能：现阶段可作为 AI 智能体的历史点位图层纳入识别与筛选，部分点位需继续核验门牌、边界、本体保存状况和开放条件。\n六、规划价值：规划上建议先纳入历史文化建筑基础数据库，结合步道半径、公众反馈、街巷可达性和运营潜力，判断是否进入主题线路、导览节点或保护更新任务清单。",
        "资料来源": "长沙第三批历史建筑名单",
        "数据状态": "第三批历史建筑已核验，坐标为区级线索定位",
        "备注": "",
        "资料来源URL": ""
      }
    },
    {
      "type": "Feature",
      "geometry": {
        "type": "Point",
        "coordinates": [
          112.78,
          28.44
        ]
      },
      "properties": {
        "标准名称": "玉江村渡水槽",
        "所在区县": "望城区",
        "分类类别": "历史建筑",
        "单位等级层级": "市级",
        "保护或认定名称": "玉江村渡水槽",
        "坐标来源": "公开名录地址+街区级人工定位",
        "坐标精度": "街巷级/片区级坐标，需后续用高德、百度、ArcGIS 或现场 GPS 精确复核",
        "点位介绍": "一、区位与格局：位于望城区玉江村，处在望城区历史文化资源网络之中，是长沙历史步道资源库中需要被识别、分级和联动展示的近现代水利设施节点。\n二、历史沿革：该点位年代为20世纪，已见于长沙第三批历史建筑名单，属于市级历史建筑体系中的组成部分，反映长沙城市历史在不同街区、不同年代和不同功能类型中的延续。\n三、空间与形制：空间形态以近现代水利设施为主，通常包含本体建筑、院落或遗址范围、街巷界面及周边缓冲空间，需要在后续测绘中进一步明确保护范围和建设控制地带。\n四、文化内涵：该点位补足了长沙历史文化资源中“小而密”的基层单元，有助于从少数地标走向成片街巷、校园、宗教、工业、烈士纪念和生活记忆的综合叙事。\n五、现状功能：现阶段可作为 AI 智能体的历史点位图层纳入识别与筛选，部分点位需继续核验门牌、边界、本体保存状况和开放条件。\n六、规划价值：规划上建议先纳入历史文化建筑基础数据库，结合步道半径、公众反馈、街巷可达性和运营潜力，判断是否进入主题线路、导览节点或保护更新任务清单。",
        "资料来源": "长沙第三批历史建筑名单",
        "数据状态": "第三批历史建筑已核验，坐标为村域级定位",
        "备注": "",
        "资料来源URL": ""
      }
    },
    {
      "type": "Feature",
      "geometry": {
        "type": "Point",
        "coordinates": [
          112.84,
          28.36
        ]
      },
      "properties": {
        "标准名称": "郭亮墓",
        "所在区县": "望城区",
        "分类类别": "文物保护单位",
        "单位等级层级": "省级",
        "保护或认定名称": "郭亮墓",
        "坐标来源": "公开名录地址+街区级人工定位",
        "坐标精度": "街巷级/片区级坐标，需后续用高德、百度、ArcGIS 或现场 GPS 精确复核",
        "点位介绍": "一、区位与格局：位于望城区铜官、书堂山片区，处在望城区历史文化资源网络之中，是长沙历史步道资源库中需要被识别、分级和联动展示的革命烈士墓葬节点。\n二、历史沿革：该点位年代为近现代，已见于湖南省自然资源厅省级文保红色遗址表，属于省级文物保护单位体系中的组成部分，反映长沙城市历史在不同街区、不同年代和不同功能类型中的延续。\n三、空间与形制：空间形态以革命烈士墓葬为主，通常包含本体建筑、院落或遗址范围、街巷界面及周边缓冲空间，需要在后续测绘中进一步明确保护范围和建设控制地带。\n四、文化内涵：该点位补足了长沙历史文化资源中“小而密”的基层单元，有助于从少数地标走向成片街巷、校园、宗教、工业、烈士纪念和生活记忆的综合叙事。\n五、现状功能：现阶段可作为 AI 智能体的历史点位图层纳入识别与筛选，部分点位需继续核验门牌、边界、本体保存状况和开放条件。\n六、规划价值：规划上建议先纳入历史文化建筑基础数据库，结合步道半径、公众反馈、街巷可达性和运营潜力，判断是否进入主题线路、导览节点或保护更新任务清单。",
        "资料来源": "湖南省自然资源厅省级文保红色遗址表",
        "数据状态": "等级与人物关系已核验，坐标为片区级定位",
        "备注": "",
        "资料来源URL": ""
      }
    },
    {
      "type": "Feature",
      "geometry": {
        "type": "Point",
        "coordinates": [
          112.828,
          28.245
        ]
      },
      "properties": {
        "标准名称": "雷锋纪念馆旧址",
        "所在区县": "望城区",
        "分类类别": "文物保护单位",
        "单位等级层级": "省级",
        "保护或认定名称": "雷锋纪念馆相关遗址",
        "坐标来源": "公开名录地址+街区级人工定位",
        "坐标精度": "街巷级/片区级坐标，需后续用高德、百度、ArcGIS 或现场 GPS 精确复核",
        "点位介绍": "一、区位与格局：位于望城区雷锋街道，处在望城区历史文化资源网络之中，是长沙历史步道资源库中需要被识别、分级和联动展示的红色纪念空间节点。\n二、历史沿革：该点位年代为20世纪，已见于湖南省自然资源厅省级文保红色遗址表，属于省级文物保护单位体系中的组成部分，反映长沙城市历史在不同街区、不同年代和不同功能类型中的延续。\n三、空间与形制：空间形态以红色纪念空间为主，通常包含本体建筑、院落或遗址范围、街巷界面及周边缓冲空间，需要在后续测绘中进一步明确保护范围和建设控制地带。\n四、文化内涵：该点位补足了长沙历史文化资源中“小而密”的基层单元，有助于从少数地标走向成片街巷、校园、宗教、工业、烈士纪念和生活记忆的综合叙事。\n五、现状功能：现阶段可作为 AI 智能体的历史点位图层纳入识别与筛选，部分点位需继续核验门牌、边界、本体保存状况和开放条件。\n六、规划价值：规划上建议先纳入历史文化建筑基础数据库，结合步道半径、公众反馈、街巷可达性和运营潜力，判断是否进入主题线路、导览节点或保护更新任务清单。",
        "资料来源": "湖南省自然资源厅省级文保红色遗址表",
        "数据状态": "等级与区位已核验，坐标为纪念馆片区定位",
        "备注": "",
        "资料来源URL": ""
      }
    },
    {
      "type": "Feature",
      "geometry": {
        "type": "Point",
        "coordinates": [
          112.86,
          28.47
        ]
      },
      "properties": {
        "标准名称": "长沙铜官窑遗址",
        "所在区县": "望城区",
        "分类类别": "文物保护单位",
        "单位等级层级": "国家级",
        "保护或认定名称": "长沙铜官窑遗址",
        "坐标来源": "公开名录地址+街区级人工定位",
        "坐标精度": "街巷级/片区级坐标，需后续用高德、百度、ArcGIS 或现场 GPS 精确复核",
        "点位介绍": "一、区位与格局：位于望城区铜官街道、湘江东岸，处在望城区历史文化资源网络之中，是长沙历史步道资源库中需要被识别、分级和联动展示的古窑址节点。\n二、历史沿革：该点位年代为唐代，已见于全国重点文物保护单位公开资料，属于国家级文物保护单位体系中的组成部分，反映长沙城市历史在不同街区、不同年代和不同功能类型中的延续。\n三、空间与形制：空间形态以古窑址为主，通常包含本体建筑、院落或遗址范围、街巷界面及周边缓冲空间，需要在后续测绘中进一步明确保护范围和建设控制地带。\n四、文化内涵：该点位补足了长沙历史文化资源中“小而密”的基层单元，有助于从少数地标走向成片街巷、校园、宗教、工业、烈士纪念和生活记忆的综合叙事。\n五、现状功能：现阶段可作为 AI 智能体的历史点位图层纳入识别与筛选，部分点位需继续核验门牌、边界、本体保存状况和开放条件。\n六、规划价值：规划上建议先纳入历史文化建筑基础数据库，结合步道半径、公众反馈、街巷可达性和运营潜力，判断是否进入主题线路、导览节点或保护更新任务清单。",
        "资料来源": "全国重点文物保护单位公开资料",
        "数据状态": "等级与片区已核验，坐标为遗址区中心定位",
        "备注": "",
        "资料来源URL": ""
      }
    },
    {
      "type": "Feature",
      "geometry": {
        "type": "Point",
        "coordinates": [
          112.7045,
          28.3585
        ]
      },
      "properties": {
        "标准名称": "谭国斌当铺",
        "所在区县": "望城区",
        "分类类别": "文物保护单位",
        "单位等级层级": "省级",
        "保护或认定名称": "谭国斌当铺",
        "坐标来源": "公开名录地址+街区级人工定位",
        "坐标精度": "街巷级/片区级坐标，需后续用高德、百度、ArcGIS 或现场 GPS 精确复核",
        "点位介绍": "一、区位与格局：位于望城区靖港古镇，处在望城区历史文化资源网络之中，是长沙历史步道资源库中需要被识别、分级和联动展示的传统商贸建筑节点。\n二、历史沿革：该点位年代为清末民国，已见于湖南省文物保护单位公开资料，属于省级文物保护单位体系中的组成部分，反映长沙城市历史在不同街区、不同年代和不同功能类型中的延续。\n三、空间与形制：空间形态以传统商贸建筑为主，通常包含本体建筑、院落或遗址范围、街巷界面及周边缓冲空间，需要在后续测绘中进一步明确保护范围和建设控制地带。\n四、文化内涵：该点位补足了长沙历史文化资源中“小而密”的基层单元，有助于从少数地标走向成片街巷、校园、宗教、工业、烈士纪念和生活记忆的综合叙事。\n五、现状功能：现阶段可作为 AI 智能体的历史点位图层纳入识别与筛选，部分点位需继续核验门牌、边界、本体保存状况和开放条件。\n六、规划价值：规划上建议先纳入历史文化建筑基础数据库，结合步道半径、公众反馈、街巷可达性和运营潜力，判断是否进入主题线路、导览节点或保护更新任务清单。",
        "资料来源": "湖南省文物保护单位公开资料",
        "数据状态": "名称和古镇片区已核验，坐标为街区级定位",
        "备注": "",
        "资料来源URL": ""
      }
    },
    {
      "type": "Feature",
      "geometry": {
        "type": "Point",
        "coordinates": [
          112.77,
          28.32
        ]
      },
      "properties": {
        "标准名称": "何绍基墓",
        "所在区县": "望城区",
        "分类类别": "文物保护单位",
        "单位等级层级": "省级",
        "保护或认定名称": "何绍基墓",
        "坐标来源": "公开名录地址+街区级人工定位",
        "坐标精度": "街巷级/片区级坐标，需后续用高德、百度、ArcGIS 或现场 GPS 精确复核",
        "点位介绍": "一、区位与格局：位于望城区，处在望城区历史文化资源网络之中，是长沙历史步道资源库中需要被识别、分级和联动展示的清代名人墓葬节点。\n二、历史沿革：该点位年代为清代，已见于湖南省文物保护单位公开资料，属于省级文物保护单位体系中的组成部分，反映长沙城市历史在不同街区、不同年代和不同功能类型中的延续。\n三、空间与形制：空间形态以清代名人墓葬为主，通常包含本体建筑、院落或遗址范围、街巷界面及周边缓冲空间，需要在后续测绘中进一步明确保护范围和建设控制地带。\n四、文化内涵：该点位补足了长沙历史文化资源中“小而密”的基层单元，有助于从少数地标走向成片街巷、校园、宗教、工业、烈士纪念和生活记忆的综合叙事。\n五、现状功能：现阶段可作为 AI 智能体的历史点位图层纳入识别与筛选，部分点位需继续核验门牌、边界、本体保存状况和开放条件。\n六、规划价值：规划上建议先纳入历史文化建筑基础数据库，结合步道半径、公众反馈、街巷可达性和运营潜力，判断是否进入主题线路、导览节点或保护更新任务清单。",
        "资料来源": "湖南省文物保护单位公开资料",
        "数据状态": "名称已核验，坐标需二次复核",
        "备注": "",
        "资料来源URL": ""
      }
    },
    {
      "type": "Feature",
      "geometry": {
        "type": "Point",
        "coordinates": [
          113.292,
          28.542
        ]
      },
      "properties": {
        "标准名称": "许光达故居",
        "所在区县": "长沙县",
        "分类类别": "文物保护单位",
        "单位等级层级": "省级",
        "保护或认定名称": "许光达故居",
        "坐标来源": "公开名录地址+街区级人工定位",
        "坐标精度": "街巷级/片区级坐标，需后续用高德、百度、ArcGIS 或现场 GPS 精确复核",
        "点位介绍": "一、区位与格局：位于长沙县黄兴会展经济区/黄兴镇一带，处在长沙县历史文化资源网络之中，是长沙历史步道资源库中需要被识别、分级和联动展示的近现代革命人物故居节点。\n二、历史沿革：该点位年代为清末民国，已见于湖南省自然资源厅省级文保红色遗址表，属于省级文物保护单位体系中的组成部分，反映长沙城市历史在不同街区、不同年代和不同功能类型中的延续。\n三、空间与形制：空间形态以近现代革命人物故居为主，通常包含本体建筑、院落或遗址范围、街巷界面及周边缓冲空间，需要在后续测绘中进一步明确保护范围和建设控制地带。\n四、文化内涵：该点位补足了长沙历史文化资源中“小而密”的基层单元，有助于从少数地标走向成片街巷、校园、宗教、工业、烈士纪念和生活记忆的综合叙事。\n五、现状功能：现阶段可作为 AI 智能体的历史点位图层纳入识别与筛选，部分点位需继续核验门牌、边界、本体保存状况和开放条件。\n六、规划价值：规划上建议先纳入历史文化建筑基础数据库，结合步道半径、公众反馈、街巷可达性和运营潜力，判断是否进入主题线路、导览节点或保护更新任务清单。",
        "资料来源": "湖南省自然资源厅省级文保红色遗址表",
        "数据状态": "等级和人物关系已核验，坐标需结合官方地址复核",
        "备注": "",
        "资料来源URL": ""
      }
    },
    {
      "type": "Feature",
      "geometry": {
        "type": "Point",
        "coordinates": [
          113.291,
          28.543
        ]
      },
      "properties": {
        "标准名称": "缪伯英故居",
        "所在区县": "长沙县",
        "分类类别": "文物保护单位",
        "单位等级层级": "省级",
        "保护或认定名称": "缪伯英故居",
        "坐标来源": "公开名录地址+街区级人工定位",
        "坐标精度": "街巷级/片区级坐标，需后续用高德、百度、ArcGIS 或现场 GPS 精确复核",
        "点位介绍": "一、区位与格局：位于长沙县开慧镇，处在长沙县历史文化资源网络之中，是长沙历史步道资源库中需要被识别、分级和联动展示的近现代革命人物故居节点。\n二、历史沿革：该点位年代为清末民国，已见于湖南省自然资源厅省级文保红色遗址表，属于省级文物保护单位体系中的组成部分，反映长沙城市历史在不同街区、不同年代和不同功能类型中的延续。\n三、空间与形制：空间形态以近现代革命人物故居为主，通常包含本体建筑、院落或遗址范围、街巷界面及周边缓冲空间，需要在后续测绘中进一步明确保护范围和建设控制地带。\n四、文化内涵：该点位补足了长沙历史文化资源中“小而密”的基层单元，有助于从少数地标走向成片街巷、校园、宗教、工业、烈士纪念和生活记忆的综合叙事。\n五、现状功能：现阶段可作为 AI 智能体的历史点位图层纳入识别与筛选，部分点位需继续核验门牌、边界、本体保存状况和开放条件。\n六、规划价值：规划上建议先纳入历史文化建筑基础数据库，结合步道半径、公众反馈、街巷可达性和运营潜力，判断是否进入主题线路、导览节点或保护更新任务清单。",
        "资料来源": "湖南省自然资源厅省级文保红色遗址表",
        "数据状态": "等级与人物关系已核验，坐标为镇域级定位",
        "备注": "",
        "资料来源URL": ""
      }
    },
    {
      "type": "Feature",
      "geometry": {
        "type": "Point",
        "coordinates": [
          113.35,
          28.34
        ]
      },
      "properties": {
        "标准名称": "影珠山抗战遗址",
        "所在区县": "长沙县",
        "分类类别": "文物保护单位",
        "单位等级层级": "省级",
        "保护或认定名称": "影珠山抗战遗址",
        "坐标来源": "公开名录地址+街区级人工定位",
        "坐标精度": "街巷级/片区级坐标，需后续用高德、百度、ArcGIS 或现场 GPS 精确复核",
        "点位介绍": "一、区位与格局：位于长沙县福临镇影珠山，处在长沙县历史文化资源网络之中，是长沙历史步道资源库中需要被识别、分级和联动展示的抗战遗址节点。\n二、历史沿革：该点位年代为抗日战争时期，已见于长沙县红色遗址与文保资料，属于省级文物保护单位体系中的组成部分，反映长沙城市历史在不同街区、不同年代和不同功能类型中的延续。\n三、空间与形制：空间形态以抗战遗址为主，通常包含本体建筑、院落或遗址范围、街巷界面及周边缓冲空间，需要在后续测绘中进一步明确保护范围和建设控制地带。\n四、文化内涵：该点位补足了长沙历史文化资源中“小而密”的基层单元，有助于从少数地标走向成片街巷、校园、宗教、工业、烈士纪念和生活记忆的综合叙事。\n五、现状功能：现阶段可作为 AI 智能体的历史点位图层纳入识别与筛选，部分点位需继续核验门牌、边界、本体保存状况和开放条件。\n六、规划价值：规划上建议先纳入历史文化建筑基础数据库，结合步道半径、公众反馈、街巷可达性和运营潜力，判断是否进入主题线路、导览节点或保护更新任务清单。",
        "资料来源": "长沙县红色遗址与文保资料",
        "数据状态": "名称和片区已核验，坐标为山体片区定位",
        "备注": "",
        "资料来源URL": ""
      }
    },
    {
      "type": "Feature",
      "geometry": {
        "type": "Point",
        "coordinates": [
          113.195,
          28.291
        ]
      },
      "properties": {
        "标准名称": "田汉故居",
        "所在区县": "长沙县",
        "分类类别": "文物保护单位",
        "单位等级层级": "省级",
        "保护或认定名称": "田汉故居",
        "坐标来源": "公开名录地址+街区级人工定位",
        "坐标精度": "街巷级/片区级坐标，需后续用高德、百度、ArcGIS 或现场 GPS 精确复核",
        "点位介绍": "一、区位与格局：位于长沙县果园镇田汉社区，处在长沙县历史文化资源网络之中，是长沙历史步道资源库中需要被识别、分级和联动展示的近现代名人故居节点。\n二、历史沿革：该点位年代为清末民国，已见于长沙县文保与名人故里资料，属于省级文物保护单位体系中的组成部分，反映长沙城市历史在不同街区、不同年代和不同功能类型中的延续。\n三、空间与形制：空间形态以近现代名人故居为主，通常包含本体建筑、院落或遗址范围、街巷界面及周边缓冲空间，需要在后续测绘中进一步明确保护范围和建设控制地带。\n四、文化内涵：该点位补足了长沙历史文化资源中“小而密”的基层单元，有助于从少数地标走向成片街巷、校园、宗教、工业、烈士纪念和生活记忆的综合叙事。\n五、现状功能：现阶段可作为 AI 智能体的历史点位图层纳入识别与筛选，部分点位需继续核验门牌、边界、本体保存状况和开放条件。\n六、规划价值：规划上建议先纳入历史文化建筑基础数据库，结合步道半径、公众反馈、街巷可达性和运营潜力，判断是否进入主题线路、导览节点或保护更新任务清单。",
        "资料来源": "长沙县文保与名人故里资料",
        "数据状态": "等级和区位已核验，坐标为故里片区定位",
        "备注": "",
        "资料来源URL": ""
      }
    },
    {
      "type": "Feature",
      "geometry": {
        "type": "Point",
        "coordinates": [
          113.295,
          28.545
        ]
      },
      "properties": {
        "标准名称": "柳直荀故居",
        "所在区县": "长沙县",
        "分类类别": "文物保护单位",
        "单位等级层级": "省级",
        "保护或认定名称": "柳直荀故居",
        "坐标来源": "公开名录地址+街区级人工定位",
        "坐标精度": "街巷级/片区级坐标，需后续用高德、百度、ArcGIS 或现场 GPS 精确复核",
        "点位介绍": "一、区位与格局：位于长沙县开慧镇，处在长沙县历史文化资源网络之中，是长沙历史步道资源库中需要被识别、分级和联动展示的近现代革命人物故居节点。\n二、历史沿革：该点位年代为清末民国，已见于湖南省自然资源厅省级文保红色遗址表，属于省级文物保护单位体系中的组成部分，反映长沙城市历史在不同街区、不同年代和不同功能类型中的延续。\n三、空间与形制：空间形态以近现代革命人物故居为主，通常包含本体建筑、院落或遗址范围、街巷界面及周边缓冲空间，需要在后续测绘中进一步明确保护范围和建设控制地带。\n四、文化内涵：该点位补足了长沙历史文化资源中“小而密”的基层单元，有助于从少数地标走向成片街巷、校园、宗教、工业、烈士纪念和生活记忆的综合叙事。\n五、现状功能：现阶段可作为 AI 智能体的历史点位图层纳入识别与筛选，部分点位需继续核验门牌、边界、本体保存状况和开放条件。\n六、规划价值：规划上建议先纳入历史文化建筑基础数据库，结合步道半径、公众反馈、街巷可达性和运营潜力，判断是否进入主题线路、导览节点或保护更新任务清单。",
        "资料来源": "湖南省自然资源厅省级文保红色遗址表",
        "数据状态": "等级和人物关系已核验，坐标为镇域级定位",
        "备注": "",
        "资料来源URL": ""
      }
    },
    {
      "type": "Feature",
      "geometry": {
        "type": "Point",
        "coordinates": [
          113.2925,
          28.5432
        ]
      },
      "properties": {
        "标准名称": "杨公庙",
        "所在区县": "长沙县",
        "分类类别": "文物保护单位",
        "单位等级层级": "市级",
        "保护或认定名称": "杨公庙",
        "坐标来源": "公开名录地址+街区级人工定位",
        "坐标精度": "街巷级/片区级坐标，需后续用高德、百度、ArcGIS 或现场 GPS 精确复核",
        "点位介绍": "一、区位与格局：位于长沙县开慧镇板仓，处在长沙县历史文化资源网络之中，是长沙历史步道资源库中需要被识别、分级和联动展示的宗祠庙宇与红色纪念空间节点。\n二、历史沿革：该点位年代为清代至近现代，已见于长沙县各级文物保护单位公开列表，属于市级文物保护单位体系中的组成部分，反映长沙城市历史在不同街区、不同年代和不同功能类型中的延续。\n三、空间与形制：空间形态以宗祠庙宇与红色纪念空间为主，通常包含本体建筑、院落或遗址范围、街巷界面及周边缓冲空间，需要在后续测绘中进一步明确保护范围和建设控制地带。\n四、文化内涵：该点位补足了长沙历史文化资源中“小而密”的基层单元，有助于从少数地标走向成片街巷、校园、宗教、工业、烈士纪念和生活记忆的综合叙事。\n五、现状功能：现阶段可作为 AI 智能体的历史点位图层纳入识别与筛选，部分点位需继续核验门牌、边界、本体保存状况和开放条件。\n六、规划价值：规划上建议先纳入历史文化建筑基础数据库，结合步道半径、公众反馈、街巷可达性和运营潜力，判断是否进入主题线路、导览节点或保护更新任务清单。",
        "资料来源": "长沙县各级文物保护单位公开列表",
        "数据状态": "名称和片区已核验，坐标为纪念区定位",
        "备注": "",
        "资料来源URL": ""
      }
    },
    {
      "type": "Feature",
      "geometry": {
        "type": "Point",
        "coordinates": [
          113.116,
          28.136
        ]
      },
      "properties": {
        "标准名称": "陈树湘故居",
        "所在区县": "长沙县",
        "分类类别": "文物保护单位",
        "单位等级层级": "市级",
        "保护或认定名称": "陈树湘故居",
        "坐标来源": "公开名录地址+街区级人工定位",
        "坐标精度": "街巷级/片区级坐标，需后续用高德、百度、ArcGIS 或现场 GPS 精确复核",
        "点位介绍": "一、区位与格局：位于长沙县福临镇或县域相关片区，处在长沙县历史文化资源网络之中，是长沙历史步道资源库中需要被识别、分级和联动展示的近现代革命人物故居节点。\n二、历史沿革：该点位年代为清末民国，已见于长沙县红色遗址公开资料，属于市级文物保护单位体系中的组成部分，反映长沙城市历史在不同街区、不同年代和不同功能类型中的延续。\n三、空间与形制：空间形态以近现代革命人物故居为主，通常包含本体建筑、院落或遗址范围、街巷界面及周边缓冲空间，需要在后续测绘中进一步明确保护范围和建设控制地带。\n四、文化内涵：该点位补足了长沙历史文化资源中“小而密”的基层单元，有助于从少数地标走向成片街巷、校园、宗教、工业、烈士纪念和生活记忆的综合叙事。\n五、现状功能：现阶段可作为 AI 智能体的历史点位图层纳入识别与筛选，部分点位需继续核验门牌、边界、本体保存状况和开放条件。\n六、规划价值：规划上建议先纳入历史文化建筑基础数据库，结合步道半径、公众反馈、街巷可达性和运营潜力，判断是否进入主题线路、导览节点或保护更新任务清单。",
        "资料来源": "长沙县红色遗址公开资料",
        "数据状态": "名称需进一步核对具体镇村，坐标为县域线索定位",
        "备注": "",
        "资料来源URL": ""
      }
    },
    {
      "type": "Feature",
      "geometry": {
        "type": "Point",
        "coordinates": [
          113.25,
          28.28
        ]
      },
      "properties": {
        "标准名称": "许光达墓",
        "所在区县": "长沙县",
        "分类类别": "文物保护单位",
        "单位等级层级": "市级",
        "保护或认定名称": "许光达墓",
        "坐标来源": "公开名录地址+街区级人工定位",
        "坐标精度": "街巷级/片区级坐标，需后续用高德、百度、ArcGIS 或现场 GPS 精确复核",
        "点位介绍": "一、区位与格局：位于长沙县，处在长沙县历史文化资源网络之中，是长沙历史步道资源库中需要被识别、分级和联动展示的近现代人物墓葬节点。\n二、历史沿革：该点位年代为现代，已见于长沙县红色遗址公开资料，属于市级文物保护单位体系中的组成部分，反映长沙城市历史在不同街区、不同年代和不同功能类型中的延续。\n三、空间与形制：空间形态以近现代人物墓葬为主，通常包含本体建筑、院落或遗址范围、街巷界面及周边缓冲空间，需要在后续测绘中进一步明确保护范围和建设控制地带。\n四、文化内涵：该点位补足了长沙历史文化资源中“小而密”的基层单元，有助于从少数地标走向成片街巷、校园、宗教、工业、烈士纪念和生活记忆的综合叙事。\n五、现状功能：现阶段可作为 AI 智能体的历史点位图层纳入识别与筛选，部分点位需继续核验门牌、边界、本体保存状况和开放条件。\n六、规划价值：规划上建议先纳入历史文化建筑基础数据库，结合步道半径、公众反馈、街巷可达性和运营潜力，判断是否进入主题线路、导览节点或保护更新任务清单。",
        "资料来源": "长沙县红色遗址公开资料",
        "数据状态": "名称已纳入候选，坐标需复核",
        "备注": "",
        "资料来源URL": ""
      }
    },
    {
      "type": "Feature",
      "geometry": {
        "type": "Point",
        "coordinates": [
          113.109,
          28.122
        ]
      },
      "properties": {
        "标准名称": "黄兴镇凉塘古井",
        "所在区县": "长沙县",
        "分类类别": "历史文化遗址",
        "单位等级层级": "区级",
        "保护或认定名称": "凉塘古井",
        "坐标来源": "公开名录地址+街区级人工定位",
        "坐标精度": "街巷级/片区级坐标，需后续用高德、百度、ArcGIS 或现场 GPS 精确复核",
        "点位介绍": "一、区位与格局：位于长沙县黄兴镇，处在长沙县历史文化资源网络之中，是长沙历史步道资源库中需要被识别、分级和联动展示的传统水文化遗存节点。\n二、历史沿革：该点位年代为清代及以前，已见于长沙县历史文化资源公开资料，属于区级历史文化遗址体系中的组成部分，反映长沙城市历史在不同街区、不同年代和不同功能类型中的延续。\n三、空间与形制：空间形态以传统水文化遗存为主，通常包含本体建筑、院落或遗址范围、街巷界面及周边缓冲空间，需要在后续测绘中进一步明确保护范围和建设控制地带。\n四、文化内涵：该点位补足了长沙历史文化资源中“小而密”的基层单元，有助于从少数地标走向成片街巷、校园、宗教、工业、烈士纪念和生活记忆的综合叙事。\n五、现状功能：现阶段可作为 AI 智能体的历史点位图层纳入识别与筛选，部分点位需继续核验门牌、边界、本体保存状况和开放条件。\n六、规划价值：规划上建议先纳入历史文化建筑基础数据库，结合步道半径、公众反馈、街巷可达性和运营潜力，判断是否进入主题线路、导览节点或保护更新任务清单。",
        "资料来源": "长沙县历史文化资源公开资料",
        "数据状态": "区县级线索，坐标为镇域级定位",
        "备注": "",
        "资料来源URL": ""
      }
    },
    {
      "type": "Feature",
      "geometry": {
        "type": "Point",
        "coordinates": [
          113.12,
          28.185
        ]
      },
      "properties": {
        "标准名称": "榔梨古街",
        "所在区县": "长沙县",
        "分类类别": "历史文化遗址",
        "单位等级层级": "区级",
        "保护或认定名称": "榔梨古街",
        "坐标来源": "公开名录地址+街区级人工定位",
        "坐标精度": "街巷级/片区级坐标，需后续用高德、百度、ArcGIS 或现场 GPS 精确复核",
        "点位介绍": "一、区位与格局：位于长沙县榔梨街道，处在长沙县历史文化资源网络之中，是长沙历史步道资源库中需要被识别、分级和联动展示的传统街巷与商贸节点节点。\n二、历史沿革：该点位年代为明清至近现代，已见于长沙县历史文化资源公开资料，属于区级历史文化遗址体系中的组成部分，反映长沙城市历史在不同街区、不同年代和不同功能类型中的延续。\n三、空间与形制：空间形态以传统街巷与商贸节点为主，通常包含本体建筑、院落或遗址范围、街巷界面及周边缓冲空间，需要在后续测绘中进一步明确保护范围和建设控制地带。\n四、文化内涵：该点位补足了长沙历史文化资源中“小而密”的基层单元，有助于从少数地标走向成片街巷、校园、宗教、工业、烈士纪念和生活记忆的综合叙事。\n五、现状功能：现阶段可作为 AI 智能体的历史点位图层纳入识别与筛选，部分点位需继续核验门牌、边界、本体保存状况和开放条件。\n六、规划价值：规划上建议先纳入历史文化建筑基础数据库，结合步道半径、公众反馈、街巷可达性和运营潜力，判断是否进入主题线路、导览节点或保护更新任务清单。",
        "资料来源": "长沙县历史文化资源公开资料",
        "数据状态": "街区级对象，坐标取古街中心",
        "备注": "",
        "资料来源URL": ""
      }
    },
    {
      "type": "Feature",
      "geometry": {
        "type": "Point",
        "coordinates": [
          113.12,
          28.115
        ]
      },
      "properties": {
        "标准名称": "黄兴镇鹿芝岭古墓群",
        "所在区县": "长沙县",
        "分类类别": "历史文化遗址",
        "单位等级层级": "区级",
        "保护或认定名称": "鹿芝岭古墓群",
        "坐标来源": "公开名录地址+街区级人工定位",
        "坐标精度": "街巷级/片区级坐标，需后续用高德、百度、ArcGIS 或现场 GPS 精确复核",
        "点位介绍": "一、区位与格局：位于长沙县黄兴镇鹿芝岭片区，处在长沙县历史文化资源网络之中，是长沙历史步道资源库中需要被识别、分级和联动展示的古墓葬群节点。\n二、历史沿革：该点位年代为汉至明清可能叠加，已见于长沙县文物资源公开线索，属于区级历史文化遗址体系中的组成部分，反映长沙城市历史在不同街区、不同年代和不同功能类型中的延续。\n三、空间与形制：空间形态以古墓葬群为主，通常包含本体建筑、院落或遗址范围、街巷界面及周边缓冲空间，需要在后续测绘中进一步明确保护范围和建设控制地带。\n四、文化内涵：该点位补足了长沙历史文化资源中“小而密”的基层单元，有助于从少数地标走向成片街巷、校园、宗教、工业、烈士纪念和生活记忆的综合叙事。\n五、现状功能：现阶段可作为 AI 智能体的历史点位图层纳入识别与筛选，部分点位需继续核验门牌、边界、本体保存状况和开放条件。\n六、规划价值：规划上建议先纳入历史文化建筑基础数据库，结合步道半径、公众反馈、街巷可达性和运营潜力，判断是否进入主题线路、导览节点或保护更新任务清单。",
        "资料来源": "长沙县文物资源公开线索",
        "数据状态": "区县级线索，需专项文物普查复核",
        "备注": "",
        "资料来源URL": ""
      }
    },
    {
      "type": "Feature",
      "geometry": {
        "type": "Point",
        "coordinates": [
          112.987,
          28.186
        ]
      },
      "properties": {
        "标准名称": "湖南省地质博物馆旧馆",
        "所在区县": "天心区",
        "分类类别": "历史建筑",
        "单位等级层级": "市级",
        "保护或认定名称": "湖南省地质博物馆旧馆",
        "坐标来源": "公开名录地址+街区级人工定位",
        "坐标精度": "街巷级/片区级坐标，需后续用高德、百度、ArcGIS 或现场 GPS 精确复核",
        "点位介绍": "一、区位与格局：位于天心区芙蓉中路、识字岭片区，处在天心区历史文化资源网络之中，是长沙历史步道资源库中需要被识别、分级和联动展示的近现代公共文化建筑节点。\n二、历史沿革：该点位年代为20世纪，已见于长沙历史建筑公开报道与城市更新资料，属于市级历史建筑体系中的组成部分，反映长沙城市历史在不同街区、不同年代和不同功能类型中的延续。\n三、空间与形制：空间形态以近现代公共文化建筑为主，通常包含本体建筑、院落或遗址范围、街巷界面及周边缓冲空间，需要在后续测绘中进一步明确保护范围和建设控制地带。\n四、文化内涵：该点位补足了长沙历史文化资源中“小而密”的基层单元，有助于从少数地标走向成片街巷、校园、宗教、工业、烈士纪念和生活记忆的综合叙事。\n五、现状功能：现阶段可作为 AI 智能体的历史点位图层纳入识别与筛选，部分点位需继续核验门牌、边界、本体保存状况和开放条件。\n六、规划价值：规划上建议先纳入历史文化建筑基础数据库，结合步道半径、公众反馈、街巷可达性和运营潜力，判断是否进入主题线路、导览节点或保护更新任务清单。",
        "资料来源": "长沙历史建筑公开报道与城市更新资料",
        "数据状态": "历史建筑线索已核验，坐标为片区级定位",
        "备注": "",
        "资料来源URL": ""
      }
    },
    {
      "type": "Feature",
      "geometry": {
        "type": "Point",
        "coordinates": [
          112.981,
          28.197
        ]
      },
      "properties": {
        "标准名称": "国货陈列馆旧址",
        "所在区县": "芙蓉区",
        "分类类别": "历史建筑",
        "单位等级层级": "市级",
        "保护或认定名称": "国货陈列馆旧址",
        "坐标来源": "公开名录地址+街区级人工定位",
        "坐标精度": "街巷级/片区级坐标，需后续用高德、百度、ArcGIS 或现场 GPS 精确复核",
        "点位介绍": "一、区位与格局：位于芙蓉区五一广场、中山路片区，处在芙蓉区历史文化资源网络之中，是长沙历史步道资源库中需要被识别、分级和联动展示的近现代商业公共建筑节点。\n二、历史沿革：该点位年代为民国时期，已见于长沙第三批历史建筑名单，属于市级历史建筑体系中的组成部分，反映长沙城市历史在不同街区、不同年代和不同功能类型中的延续。\n三、空间与形制：空间形态以近现代商业公共建筑为主，通常包含本体建筑、院落或遗址范围、街巷界面及周边缓冲空间，需要在后续测绘中进一步明确保护范围和建设控制地带。\n四、文化内涵：该点位补足了长沙历史文化资源中“小而密”的基层单元，有助于从少数地标走向成片街巷、校园、宗教、工业、烈士纪念和生活记忆的综合叙事。\n五、现状功能：现阶段可作为 AI 智能体的历史点位图层纳入识别与筛选，部分点位需继续核验门牌、边界、本体保存状况和开放条件。\n六、规划价值：规划上建议先纳入历史文化建筑基础数据库，结合步道半径、公众反馈、街巷可达性和运营潜力，判断是否进入主题线路、导览节点或保护更新任务清单。",
        "资料来源": "长沙第三批历史建筑名单",
        "数据状态": "第三批历史建筑已核验，坐标为片区级定位",
        "备注": "",
        "资料来源URL": ""
      }
    },
    {
      "type": "Feature",
      "geometry": {
        "type": "Point",
        "coordinates": [
          112.986,
          28.209
        ]
      },
      "properties": {
        "标准名称": "烈士公园西大门",
        "所在区县": "开福区",
        "分类类别": "历史建筑",
        "单位等级层级": "市级",
        "保护或认定名称": "烈士公园西大门",
        "坐标来源": "公开名录地址+街区级人工定位",
        "坐标精度": "街巷级/片区级坐标，需后续用高德、百度、ArcGIS 或现场 GPS 精确复核",
        "点位介绍": "一、区位与格局：位于开福区烈士公园西门，处在开福区历史文化资源网络之中，是长沙历史步道资源库中需要被识别、分级和联动展示的近现代公园门户建筑节点。\n二、历史沿革：该点位年代为20世纪50年代，已见于长沙第三批历史建筑名单，属于市级历史建筑体系中的组成部分，反映长沙城市历史在不同街区、不同年代和不同功能类型中的延续。\n三、空间与形制：空间形态以近现代公园门户建筑为主，通常包含本体建筑、院落或遗址范围、街巷界面及周边缓冲空间，需要在后续测绘中进一步明确保护范围和建设控制地带。\n四、文化内涵：该点位补足了长沙历史文化资源中“小而密”的基层单元，有助于从少数地标走向成片街巷、校园、宗教、工业、烈士纪念和生活记忆的综合叙事。\n五、现状功能：现阶段可作为 AI 智能体的历史点位图层纳入识别与筛选，部分点位需继续核验门牌、边界、本体保存状况和开放条件。\n六、规划价值：规划上建议先纳入历史文化建筑基础数据库，结合步道半径、公众反馈、街巷可达性和运营潜力，判断是否进入主题线路、导览节点或保护更新任务清单。",
        "资料来源": "长沙第三批历史建筑名单",
        "数据状态": "第三批历史建筑已核验，坐标为公园门区定位",
        "备注": "",
        "资料来源URL": ""
      }
    },
    {
      "type": "Feature",
      "geometry": {
        "type": "Point",
        "coordinates": [
          112.974,
          28.223
        ]
      },
      "properties": {
        "标准名称": "粮食一仓库",
        "所在区县": "开福区",
        "分类类别": "历史建筑",
        "单位等级层级": "市级",
        "保护或认定名称": "粮食一仓库",
        "坐标来源": "公开名录地址+街区级人工定位",
        "坐标精度": "街巷级/片区级坐标，需后续用高德、百度、ArcGIS 或现场 GPS 精确复核",
        "点位介绍": "一、区位与格局：位于开福区开福寺路南侧，处在开福区历史文化资源网络之中，是长沙历史步道资源库中需要被识别、分级和联动展示的近现代仓储建筑节点。\n二、历史沿革：该点位年代为20世纪，已见于长沙第三批历史建筑名单，属于市级历史建筑体系中的组成部分，反映长沙城市历史在不同街区、不同年代和不同功能类型中的延续。\n三、空间与形制：空间形态以近现代仓储建筑为主，通常包含本体建筑、院落或遗址范围、街巷界面及周边缓冲空间，需要在后续测绘中进一步明确保护范围和建设控制地带。\n四、文化内涵：该点位补足了长沙历史文化资源中“小而密”的基层单元，有助于从少数地标走向成片街巷、校园、宗教、工业、烈士纪念和生活记忆的综合叙事。\n五、现状功能：现阶段可作为 AI 智能体的历史点位图层纳入识别与筛选，部分点位需继续核验门牌、边界、本体保存状况和开放条件。\n六、规划价值：规划上建议先纳入历史文化建筑基础数据库，结合步道半径、公众反馈、街巷可达性和运营潜力，判断是否进入主题线路、导览节点或保护更新任务清单。",
        "资料来源": "长沙第三批历史建筑名单",
        "数据状态": "第三批历史建筑已核验，坐标为道路片区定位",
        "备注": "",
        "资料来源URL": ""
      }
    },
    {
      "type": "Feature",
      "geometry": {
        "type": "Point",
        "coordinates": [
          112.968,
          28.194
        ]
      },
      "properties": {
        "标准名称": "湘江路八道码头",
        "所在区县": "天心区",
        "分类类别": "历史建筑",
        "单位等级层级": "市级",
        "保护或认定名称": "湘江路八道码头",
        "坐标来源": "公开名录地址+街区级人工定位",
        "坐标精度": "街巷级/片区级坐标，需后续用高德、百度、ArcGIS 或现场 GPS 精确复核",
        "点位介绍": "一、区位与格局：位于天心区湘江中路沿线，处在天心区历史文化资源网络之中，是长沙历史步道资源库中需要被识别、分级和联动展示的近现代码头遗存节点。\n二、历史沿革：该点位年代为20世纪，已见于长沙第三批历史建筑名单，属于市级历史建筑体系中的组成部分，反映长沙城市历史在不同街区、不同年代和不同功能类型中的延续。\n三、空间与形制：空间形态以近现代码头遗存为主，通常包含本体建筑、院落或遗址范围、街巷界面及周边缓冲空间，需要在后续测绘中进一步明确保护范围和建设控制地带。\n四、文化内涵：该点位补足了长沙历史文化资源中“小而密”的基层单元，有助于从少数地标走向成片街巷、校园、宗教、工业、烈士纪念和生活记忆的综合叙事。\n五、现状功能：现阶段可作为 AI 智能体的历史点位图层纳入识别与筛选，部分点位需继续核验门牌、边界、本体保存状况和开放条件。\n六、规划价值：规划上建议先纳入历史文化建筑基础数据库，结合步道半径、公众反馈、街巷可达性和运营潜力，判断是否进入主题线路、导览节点或保护更新任务清单。",
        "资料来源": "长沙第三批历史建筑名单",
        "数据状态": "第三批历史建筑已核验，坐标为滨江线性定位",
        "备注": "",
        "资料来源URL": ""
      }
    },
    {
      "type": "Feature",
      "geometry": {
        "type": "Point",
        "coordinates": [
          112.967,
          28.188
        ]
      },
      "properties": {
        "标准名称": "湘江路气码头",
        "所在区县": "天心区",
        "分类类别": "历史建筑",
        "单位等级层级": "市级",
        "保护或认定名称": "湘江路气码头",
        "坐标来源": "公开名录地址+街区级人工定位",
        "坐标精度": "街巷级/片区级坐标，需后续用高德、百度、ArcGIS 或现场 GPS 精确复核",
        "点位介绍": "一、区位与格局：位于天心区湘江中路沿线，处在天心区历史文化资源网络之中，是长沙历史步道资源库中需要被识别、分级和联动展示的近现代码头遗存节点。\n二、历史沿革：该点位年代为20世纪，已见于长沙第三批历史建筑名单，属于市级历史建筑体系中的组成部分，反映长沙城市历史在不同街区、不同年代和不同功能类型中的延续。\n三、空间与形制：空间形态以近现代码头遗存为主，通常包含本体建筑、院落或遗址范围、街巷界面及周边缓冲空间，需要在后续测绘中进一步明确保护范围和建设控制地带。\n四、文化内涵：该点位补足了长沙历史文化资源中“小而密”的基层单元，有助于从少数地标走向成片街巷、校园、宗教、工业、烈士纪念和生活记忆的综合叙事。\n五、现状功能：现阶段可作为 AI 智能体的历史点位图层纳入识别与筛选，部分点位需继续核验门牌、边界、本体保存状况和开放条件。\n六、规划价值：规划上建议先纳入历史文化建筑基础数据库，结合步道半径、公众反馈、街巷可达性和运营潜力，判断是否进入主题线路、导览节点或保护更新任务清单。",
        "资料来源": "长沙第三批历史建筑名单",
        "数据状态": "第三批历史建筑已核验，坐标为滨江线性定位",
        "备注": "",
        "资料来源URL": ""
      }
    },
    {
      "type": "Feature",
      "geometry": {
        "type": "Point",
        "coordinates": [
          112.958,
          28.199
        ]
      },
      "properties": {
        "标准名称": "橘子洲大桥",
        "所在区县": "岳麓区",
        "分类类别": "历史建筑",
        "单位等级层级": "市级",
        "保护或认定名称": "橘子洲大桥",
        "坐标来源": "公开名录地址+街区级人工定位",
        "坐标精度": "街巷级/片区级坐标，需后续用高德、百度、ArcGIS 或现场 GPS 精确复核",
        "点位介绍": "一、区位与格局：位于湘江橘子洲段，处在岳麓区历史文化资源网络之中，是长沙历史步道资源库中需要被识别、分级和联动展示的近现代桥梁建筑节点。\n二、历史沿革：该点位年代为20世纪70年代，已见于长沙第三批历史建筑名单，属于市级历史建筑体系中的组成部分，反映长沙城市历史在不同街区、不同年代和不同功能类型中的延续。\n三、空间与形制：空间形态以近现代桥梁建筑为主，通常包含本体建筑、院落或遗址范围、街巷界面及周边缓冲空间，需要在后续测绘中进一步明确保护范围和建设控制地带。\n四、文化内涵：该点位补足了长沙历史文化资源中“小而密”的基层单元，有助于从少数地标走向成片街巷、校园、宗教、工业、烈士纪念和生活记忆的综合叙事。\n五、现状功能：现阶段可作为 AI 智能体的历史点位图层纳入识别与筛选，部分点位需继续核验门牌、边界、本体保存状况和开放条件。\n六、规划价值：规划上建议先纳入历史文化建筑基础数据库，结合步道半径、公众反馈、街巷可达性和运营潜力，判断是否进入主题线路、导览节点或保护更新任务清单。",
        "资料来源": "长沙第三批历史建筑名单",
        "数据状态": "第三批历史建筑已核验，坐标取桥梁中心",
        "备注": "",
        "资料来源URL": ""
      }
    },
    {
      "type": "Feature",
      "geometry": {
        "type": "Point",
        "coordinates": [
          112.992,
          28.205
        ]
      },
      "properties": {
        "标准名称": "八一桥",
        "所在区县": "芙蓉区",
        "分类类别": "历史建筑",
        "单位等级层级": "市级",
        "保护或认定名称": "八一桥",
        "坐标来源": "公开名录地址+街区级人工定位",
        "坐标精度": "街巷级/片区级坐标，需后续用高德、百度、ArcGIS 或现场 GPS 精确复核",
        "点位介绍": "一、区位与格局：位于芙蓉区八一路、浏阳河水系相关片区，处在芙蓉区历史文化资源网络之中，是长沙历史步道资源库中需要被识别、分级和联动展示的近现代桥梁建筑节点。\n二、历史沿革：该点位年代为20世纪，已见于长沙第三批历史建筑名单，属于市级历史建筑体系中的组成部分，反映长沙城市历史在不同街区、不同年代和不同功能类型中的延续。\n三、空间与形制：空间形态以近现代桥梁建筑为主，通常包含本体建筑、院落或遗址范围、街巷界面及周边缓冲空间，需要在后续测绘中进一步明确保护范围和建设控制地带。\n四、文化内涵：该点位补足了长沙历史文化资源中“小而密”的基层单元，有助于从少数地标走向成片街巷、校园、宗教、工业、烈士纪念和生活记忆的综合叙事。\n五、现状功能：现阶段可作为 AI 智能体的历史点位图层纳入识别与筛选，部分点位需继续核验门牌、边界、本体保存状况和开放条件。\n六、规划价值：规划上建议先纳入历史文化建筑基础数据库，结合步道半径、公众反馈、街巷可达性和运营潜力，判断是否进入主题线路、导览节点或保护更新任务清单。",
        "资料来源": "长沙第三批历史建筑名单",
        "数据状态": "第三批历史建筑已核验，坐标为片区级定位",
        "备注": "",
        "资料来源URL": ""
      }
    },
    {
      "type": "Feature",
      "geometry": {
        "type": "Point",
        "coordinates": [
          112.987,
          28.206
        ]
      },
      "properties": {
        "标准名称": "湘雅医院行政办公楼",
        "所在区县": "开福区",
        "分类类别": "历史建筑",
        "单位等级层级": "市级",
        "保护或认定名称": "湘雅医院行政办公楼",
        "坐标来源": "公开名录地址+街区级人工定位",
        "坐标精度": "街巷级/片区级坐标，需后续用高德、百度、ArcGIS 或现场 GPS 精确复核",
        "点位介绍": "一、区位与格局：位于开福区湘雅医院，处在开福区历史文化资源网络之中，是长沙历史步道资源库中需要被识别、分级和联动展示的近现代医疗办公建筑节点。\n二、历史沿革：该点位年代为20世纪，已见于长沙第三批历史建筑名单，属于市级历史建筑体系中的组成部分，反映长沙城市历史在不同街区、不同年代和不同功能类型中的延续。\n三、空间与形制：空间形态以近现代医疗办公建筑为主，通常包含本体建筑、院落或遗址范围、街巷界面及周边缓冲空间，需要在后续测绘中进一步明确保护范围和建设控制地带。\n四、文化内涵：该点位补足了长沙历史文化资源中“小而密”的基层单元，有助于从少数地标走向成片街巷、校园、宗教、工业、烈士纪念和生活记忆的综合叙事。\n五、现状功能：现阶段可作为 AI 智能体的历史点位图层纳入识别与筛选，部分点位需继续核验门牌、边界、本体保存状况和开放条件。\n六、规划价值：规划上建议先纳入历史文化建筑基础数据库，结合步道半径、公众反馈、街巷可达性和运营潜力，判断是否进入主题线路、导览节点或保护更新任务清单。",
        "资料来源": "长沙第三批历史建筑名单",
        "数据状态": "第三批历史建筑已核验，与国保建筑群需边界区分",
        "备注": "",
        "资料来源URL": ""
      }
    },
    {
      "type": "Feature",
      "geometry": {
        "type": "Point",
        "coordinates": [
          112.936,
          28.171
        ]
      },
      "properties": {
        "标准名称": "中南大学本部校门",
        "所在区县": "岳麓区",
        "分类类别": "历史建筑",
        "单位等级层级": "市级",
        "保护或认定名称": "中南大学本部校门",
        "坐标来源": "公开名录地址+街区级人工定位",
        "坐标精度": "街巷级/片区级坐标，需后续用高德、百度、ArcGIS 或现场 GPS 精确复核",
        "点位介绍": "一、区位与格局：位于岳麓区中南大学校本部，处在岳麓区历史文化资源网络之中，是长沙历史步道资源库中需要被识别、分级和联动展示的近现代校园门户建筑节点。\n二、历史沿革：该点位年代为20世纪50年代，已见于长沙第三批历史建筑名单，属于市级历史建筑体系中的组成部分，反映长沙城市历史在不同街区、不同年代和不同功能类型中的延续。\n三、空间与形制：空间形态以近现代校园门户建筑为主，通常包含本体建筑、院落或遗址范围、街巷界面及周边缓冲空间，需要在后续测绘中进一步明确保护范围和建设控制地带。\n四、文化内涵：该点位补足了长沙历史文化资源中“小而密”的基层单元，有助于从少数地标走向成片街巷、校园、宗教、工业、烈士纪念和生活记忆的综合叙事。\n五、现状功能：现阶段可作为 AI 智能体的历史点位图层纳入识别与筛选，部分点位需继续核验门牌、边界、本体保存状况和开放条件。\n六、规划价值：规划上建议先纳入历史文化建筑基础数据库，结合步道半径、公众反馈、街巷可达性和运营潜力，判断是否进入主题线路、导览节点或保护更新任务清单。",
        "资料来源": "长沙第三批历史建筑名单",
        "数据状态": "第三批历史建筑已核验，坐标为校门定位",
        "备注": "",
        "资料来源URL": ""
      }
    },
    {
      "type": "Feature",
      "geometry": {
        "type": "Point",
        "coordinates": [
          112.9337,
          28.1718
        ]
      },
      "properties": {
        "标准名称": "中南大学教工一舍",
        "所在区县": "岳麓区",
        "分类类别": "历史建筑",
        "单位等级层级": "市级",
        "保护或认定名称": "中南大学教工一舍",
        "坐标来源": "公开名录地址+街区级人工定位",
        "坐标精度": "街巷级/片区级坐标，需后续用高德、百度、ArcGIS 或现场 GPS 精确复核",
        "点位介绍": "一、区位与格局：位于岳麓区中南大学校本部，处在岳麓区历史文化资源网络之中，是长沙历史步道资源库中需要被识别、分级和联动展示的近现代校园居住建筑节点。\n二、历史沿革：该点位年代为20世纪50年代，已见于长沙第三批历史建筑名单，属于市级历史建筑体系中的组成部分，反映长沙城市历史在不同街区、不同年代和不同功能类型中的延续。\n三、空间与形制：空间形态以近现代校园居住建筑为主，通常包含本体建筑、院落或遗址范围、街巷界面及周边缓冲空间，需要在后续测绘中进一步明确保护范围和建设控制地带。\n四、文化内涵：该点位补足了长沙历史文化资源中“小而密”的基层单元，有助于从少数地标走向成片街巷、校园、宗教、工业、烈士纪念和生活记忆的综合叙事。\n五、现状功能：现阶段可作为 AI 智能体的历史点位图层纳入识别与筛选，部分点位需继续核验门牌、边界、本体保存状况和开放条件。\n六、规划价值：规划上建议先纳入历史文化建筑基础数据库，结合步道半径、公众反馈、街巷可达性和运营潜力，判断是否进入主题线路、导览节点或保护更新任务清单。",
        "资料来源": "长沙第三批历史建筑名单",
        "数据状态": "第三批历史建筑已核验，坐标为校园片区定位",
        "备注": "",
        "资料来源URL": ""
      }
    },
    {
      "type": "Feature",
      "geometry": {
        "type": "Point",
        "coordinates": [
          112.9368,
          28.1828
        ]
      },
      "properties": {
        "标准名称": "湖南大学中楼",
        "所在区县": "岳麓区",
        "分类类别": "历史建筑",
        "单位等级层级": "市级",
        "保护或认定名称": "湖南大学中楼",
        "坐标来源": "公开名录地址+街区级人工定位",
        "坐标精度": "街巷级/片区级坐标，需后续用高德、百度、ArcGIS 或现场 GPS 精确复核",
        "点位介绍": "一、区位与格局：位于岳麓区湖南大学校园，处在岳麓区历史文化资源网络之中，是长沙历史步道资源库中需要被识别、分级和联动展示的近现代校园建筑节点。\n二、历史沿革：该点位年代为20世纪，已见于长沙第三批历史建筑名单，属于市级历史建筑体系中的组成部分，反映长沙城市历史在不同街区、不同年代和不同功能类型中的延续。\n三、空间与形制：空间形态以近现代校园建筑为主，通常包含本体建筑、院落或遗址范围、街巷界面及周边缓冲空间，需要在后续测绘中进一步明确保护范围和建设控制地带。\n四、文化内涵：该点位补足了长沙历史文化资源中“小而密”的基层单元，有助于从少数地标走向成片街巷、校园、宗教、工业、烈士纪念和生活记忆的综合叙事。\n五、现状功能：现阶段可作为 AI 智能体的历史点位图层纳入识别与筛选，部分点位需继续核验门牌、边界、本体保存状况和开放条件。\n六、规划价值：规划上建议先纳入历史文化建筑基础数据库，结合步道半径、公众反馈、街巷可达性和运营潜力，判断是否进入主题线路、导览节点或保护更新任务清单。",
        "资料来源": "长沙第三批历史建筑名单",
        "数据状态": "第三批历史建筑已核验，与国保建筑群需边界区分",
        "备注": "",
        "资料来源URL": ""
      }
    },
    {
      "type": "Feature",
      "geometry": {
        "type": "Point",
        "coordinates": [
          112.9372,
          28.1834
        ]
      },
      "properties": {
        "标准名称": "湖南大学外语楼",
        "所在区县": "岳麓区",
        "分类类别": "历史建筑",
        "单位等级层级": "市级",
        "保护或认定名称": "湖南大学外语楼",
        "坐标来源": "公开名录地址+街区级人工定位",
        "坐标精度": "街巷级/片区级坐标，需后续用高德、百度、ArcGIS 或现场 GPS 精确复核",
        "点位介绍": "一、区位与格局：位于岳麓区湖南大学校园，处在岳麓区历史文化资源网络之中，是长沙历史步道资源库中需要被识别、分级和联动展示的近现代校园建筑节点。\n二、历史沿革：该点位年代为20世纪，已见于长沙第三批历史建筑名单，属于市级历史建筑体系中的组成部分，反映长沙城市历史在不同街区、不同年代和不同功能类型中的延续。\n三、空间与形制：空间形态以近现代校园建筑为主，通常包含本体建筑、院落或遗址范围、街巷界面及周边缓冲空间，需要在后续测绘中进一步明确保护范围和建设控制地带。\n四、文化内涵：该点位补足了长沙历史文化资源中“小而密”的基层单元，有助于从少数地标走向成片街巷、校园、宗教、工业、烈士纪念和生活记忆的综合叙事。\n五、现状功能：现阶段可作为 AI 智能体的历史点位图层纳入识别与筛选，部分点位需继续核验门牌、边界、本体保存状况和开放条件。\n六、规划价值：规划上建议先纳入历史文化建筑基础数据库，结合步道半径、公众反馈、街巷可达性和运营潜力，判断是否进入主题线路、导览节点或保护更新任务清单。",
        "资料来源": "长沙第三批历史建筑名单",
        "数据状态": "第三批历史建筑已核验，与国保建筑群需边界区分",
        "备注": "",
        "资料来源URL": ""
      }
    },
    {
      "type": "Feature",
      "geometry": {
        "type": "Point",
        "coordinates": [
          112.9362,
          28.1831
        ]
      },
      "properties": {
        "标准名称": "湖南大学力学楼",
        "所在区县": "岳麓区",
        "分类类别": "历史建筑",
        "单位等级层级": "市级",
        "保护或认定名称": "湖南大学力学楼",
        "坐标来源": "公开名录地址+街区级人工定位",
        "坐标精度": "街巷级/片区级坐标，需后续用高德、百度、ArcGIS 或现场 GPS 精确复核",
        "点位介绍": "一、区位与格局：位于岳麓区湖南大学校园，处在岳麓区历史文化资源网络之中，是长沙历史步道资源库中需要被识别、分级和联动展示的近现代校园建筑节点。\n二、历史沿革：该点位年代为20世纪，已见于长沙第三批历史建筑名单，属于市级历史建筑体系中的组成部分，反映长沙城市历史在不同街区、不同年代和不同功能类型中的延续。\n三、空间与形制：空间形态以近现代校园建筑为主，通常包含本体建筑、院落或遗址范围、街巷界面及周边缓冲空间，需要在后续测绘中进一步明确保护范围和建设控制地带。\n四、文化内涵：该点位补足了长沙历史文化资源中“小而密”的基层单元，有助于从少数地标走向成片街巷、校园、宗教、工业、烈士纪念和生活记忆的综合叙事。\n五、现状功能：现阶段可作为 AI 智能体的历史点位图层纳入识别与筛选，部分点位需继续核验门牌、边界、本体保存状况和开放条件。\n六、规划价值：规划上建议先纳入历史文化建筑基础数据库，结合步道半径、公众反馈、街巷可达性和运营潜力，判断是否进入主题线路、导览节点或保护更新任务清单。",
        "资料来源": "长沙第三批历史建筑名单",
        "数据状态": "第三批历史建筑已核验，与国保建筑群需边界区分",
        "备注": "",
        "资料来源URL": ""
      }
    },
    {
      "type": "Feature",
      "geometry": {
        "type": "Point",
        "coordinates": [
          112.975,
          28.194
        ]
      },
      "properties": {
        "标准名称": "长沙简牍博物馆",
        "所在区县": "天心区",
        "分类类别": "历史文化遗址",
        "单位等级层级": "市级",
        "保护或认定名称": "长沙简牍博物馆及走马楼吴简展示节点",
        "坐标来源": "公开名录地址+街区级人工定位",
        "坐标精度": "街巷级/片区级坐标，需后续用高德、百度、ArcGIS 或现场 GPS 精确复核",
        "点位介绍": "一、区位与格局：位于天心区白沙路、天心阁片区，处在天心区历史文化资源网络之中，是长沙历史步道资源库中需要被识别、分级和联动展示的考古展示与公共文化建筑节点。\n二、历史沿革：该点位年代为当代展示，承载三国吴简出土记忆，已见于走马楼吴简与长沙简牍公开资料，属于市级历史文化遗址体系中的组成部分，反映长沙城市历史在不同街区、不同年代和不同功能类型中的延续。\n三、空间与形制：空间形态以考古展示与公共文化建筑为主，通常包含本体建筑、院落或遗址范围、街巷界面及周边缓冲空间，需要在后续测绘中进一步明确保护范围和建设控制地带。\n四、文化内涵：该点位补足了长沙历史文化资源中“小而密”的基层单元，有助于从少数地标走向成片街巷、校园、宗教、工业、烈士纪念和生活记忆的综合叙事。\n五、现状功能：现阶段可作为 AI 智能体的历史点位图层纳入识别与筛选，部分点位需继续核验门牌、边界、本体保存状况和开放条件。\n六、规划价值：规划上建议先纳入历史文化建筑基础数据库，结合步道半径、公众反馈、街巷可达性和运营潜力，判断是否进入主题线路、导览节点或保护更新任务清单。",
        "资料来源": "走马楼吴简与长沙简牍公开资料",
        "数据状态": "展示节点，坐标为博物馆片区定位",
        "备注": "",
        "资料来源URL": ""
      }
    },
    {
      "type": "Feature",
      "geometry": {
        "type": "Point",
        "coordinates": [
          112.859,
          28.47
        ]
      },
      "properties": {
        "标准名称": "铜官老街窑业遗存",
        "所在区县": "望城区",
        "分类类别": "历史文化遗址",
        "单位等级层级": "区级",
        "保护或认定名称": "铜官老街窑业遗存",
        "坐标来源": "公开名录地址+街区级人工定位",
        "坐标精度": "街巷级/片区级坐标，需后续用高德、百度、ArcGIS 或现场 GPS 精确复核",
        "点位介绍": "一、区位与格局：位于望城区铜官街道老街，处在望城区历史文化资源网络之中，是长沙历史步道资源库中需要被识别、分级和联动展示的传统窑业街巷遗存节点。\n二、历史沿革：该点位年代为唐代窑业传统延续至近现代，已见于长沙铜官窑与望城区历史文化资源资料，属于区级历史文化遗址体系中的组成部分，反映长沙城市历史在不同街区、不同年代和不同功能类型中的延续。\n三、空间与形制：空间形态以传统窑业街巷遗存为主，通常包含本体建筑、院落或遗址范围、街巷界面及周边缓冲空间，需要在后续测绘中进一步明确保护范围和建设控制地带。\n四、文化内涵：该点位补足了长沙历史文化资源中“小而密”的基层单元，有助于从少数地标走向成片街巷、校园、宗教、工业、烈士纪念和生活记忆的综合叙事。\n五、现状功能：现阶段可作为 AI 智能体的历史点位图层纳入识别与筛选，部分点位需继续核验门牌、边界、本体保存状况和开放条件。\n六、规划价值：规划上建议先纳入历史文化建筑基础数据库，结合步道半径、公众反馈、街巷可达性和运营潜力，判断是否进入主题线路、导览节点或保护更新任务清单。",
        "资料来源": "长沙铜官窑与望城区历史文化资源资料",
        "数据状态": "区级线索，坐标为老街中心",
        "备注": "",
        "资料来源URL": ""
      }
    },
    {
      "type": "Feature",
      "geometry": {
        "type": "Point",
        "coordinates": [
          112.744,
          28.394
        ]
      },
      "properties": {
        "标准名称": "乔口古镇街巷",
        "所在区县": "望城区",
        "分类类别": "历史文化遗址",
        "单位等级层级": "区级",
        "保护或认定名称": "乔口古镇街巷",
        "坐标来源": "公开名录地址+街区级人工定位",
        "坐标精度": "街巷级/片区级坐标，需后续用高德、百度、ArcGIS 或现场 GPS 精确复核",
        "点位介绍": "一、区位与格局：位于望城区乔口镇，处在望城区历史文化资源网络之中，是长沙历史步道资源库中需要被识别、分级和联动展示的传统商贸古镇街巷节点。\n二、历史沿革：该点位年代为明清至近现代，已见于望城区历史文化资源公开资料，属于区级历史文化遗址体系中的组成部分，反映长沙城市历史在不同街区、不同年代和不同功能类型中的延续。\n三、空间与形制：空间形态以传统商贸古镇街巷为主，通常包含本体建筑、院落或遗址范围、街巷界面及周边缓冲空间，需要在后续测绘中进一步明确保护范围和建设控制地带。\n四、文化内涵：该点位补足了长沙历史文化资源中“小而密”的基层单元，有助于从少数地标走向成片街巷、校园、宗教、工业、烈士纪念和生活记忆的综合叙事。\n五、现状功能：现阶段可作为 AI 智能体的历史点位图层纳入识别与筛选，部分点位需继续核验门牌、边界、本体保存状况和开放条件。\n六、规划价值：规划上建议先纳入历史文化建筑基础数据库，结合步道半径、公众反馈、街巷可达性和运营潜力，判断是否进入主题线路、导览节点或保护更新任务清单。",
        "资料来源": "望城区历史文化资源公开资料",
        "数据状态": "古镇级对象，坐标取街区中心",
        "备注": "",
        "资料来源URL": ""
      }
    },
    {
      "type": "Feature",
      "geometry": {
        "type": "Point",
        "coordinates": [
          112.865,
          28.465
        ]
      },
      "properties": {
        "标准名称": "铜官陶城遗址群",
        "所在区县": "望城区",
        "分类类别": "历史文化遗址",
        "单位等级层级": "区级",
        "保护或认定名称": "铜官陶城遗址群",
        "坐标来源": "公开名录地址+街区级人工定位",
        "坐标精度": "街巷级/片区级坐标，需后续用高德、百度、ArcGIS 或现场 GPS 精确复核",
        "点位介绍": "一、区位与格局：位于望城区铜官街道，处在望城区历史文化资源网络之中，是长沙历史步道资源库中需要被识别、分级和联动展示的陶瓷生产与展示遗址群节点。\n二、历史沿革：该点位年代为唐代至近现代，已见于长沙铜官窑与望城区历史文化资源资料，属于区级历史文化遗址体系中的组成部分，反映长沙城市历史在不同街区、不同年代和不同功能类型中的延续。\n三、空间与形制：空间形态以陶瓷生产与展示遗址群为主，通常包含本体建筑、院落或遗址范围、街巷界面及周边缓冲空间，需要在后续测绘中进一步明确保护范围和建设控制地带。\n四、文化内涵：该点位补足了长沙历史文化资源中“小而密”的基层单元，有助于从少数地标走向成片街巷、校园、宗教、工业、烈士纪念和生活记忆的综合叙事。\n五、现状功能：现阶段可作为 AI 智能体的历史点位图层纳入识别与筛选，部分点位需继续核验门牌、边界、本体保存状况和开放条件。\n六、规划价值：规划上建议先纳入历史文化建筑基础数据库，结合步道半径、公众反馈、街巷可达性和运营潜力，判断是否进入主题线路、导览节点或保护更新任务清单。",
        "资料来源": "长沙铜官窑与望城区历史文化资源资料",
        "数据状态": "区级线索，坐标为片区中心",
        "备注": "",
        "资料来源URL": ""
      }
    },
    {
      "type": "Feature",
      "geometry": {
        "type": "Point",
        "coordinates": [
          113.2915,
          28.5438
        ]
      },
      "properties": {
        "标准名称": "板仓杨氏老屋群",
        "所在区县": "长沙县",
        "分类类别": "历史文化遗址",
        "单位等级层级": "区级",
        "保护或认定名称": "板仓杨氏老屋群",
        "坐标来源": "公开名录地址+街区级人工定位",
        "坐标精度": "街巷级/片区级坐标，需后续用高德、百度、ArcGIS 或现场 GPS 精确复核",
        "点位介绍": "一、区位与格局：位于长沙县开慧镇板仓，处在长沙县历史文化资源网络之中，是长沙历史步道资源库中需要被识别、分级和联动展示的传统民居与红色家族记忆节点。\n二、历史沿革：该点位年代为清代至近现代，已见于杨开慧故居与板仓历史文化资源资料，属于区级历史文化遗址体系中的组成部分，反映长沙城市历史在不同街区、不同年代和不同功能类型中的延续。\n三、空间与形制：空间形态以传统民居与红色家族记忆为主，通常包含本体建筑、院落或遗址范围、街巷界面及周边缓冲空间，需要在后续测绘中进一步明确保护范围和建设控制地带。\n四、文化内涵：该点位补足了长沙历史文化资源中“小而密”的基层单元，有助于从少数地标走向成片街巷、校园、宗教、工业、烈士纪念和生活记忆的综合叙事。\n五、现状功能：现阶段可作为 AI 智能体的历史点位图层纳入识别与筛选，部分点位需继续核验门牌、边界、本体保存状况和开放条件。\n六、规划价值：规划上建议先纳入历史文化建筑基础数据库，结合步道半径、公众反馈、街巷可达性和运营潜力，判断是否进入主题线路、导览节点或保护更新任务清单。",
        "资料来源": "杨开慧故居与板仓历史文化资源资料",
        "数据状态": "区县级线索，坐标取板仓核心片区",
        "备注": "",
        "资料来源URL": ""
      }
    },
    {
      "type": "Feature",
      "geometry": {
        "type": "Point",
        "coordinates": [
          113.195,
          28.2915
        ]
      },
      "properties": {
        "标准名称": "田汉文化园",
        "所在区县": "长沙县",
        "分类类别": "历史文化遗址",
        "单位等级层级": "区级",
        "保护或认定名称": "田汉文化园",
        "坐标来源": "公开名录地址+街区级人工定位",
        "坐标精度": "街巷级/片区级坐标，需后续用高德、百度、ArcGIS 或现场 GPS 精确复核",
        "点位介绍": "一、区位与格局：位于长沙县果园镇，处在长沙县历史文化资源网络之中，是长沙历史步道资源库中需要被识别、分级和联动展示的名人故里展示空间节点。\n二、历史沿革：该点位年代为当代展示，承载近现代名人记忆，已见于田汉故居与长沙县文旅资料，属于区级历史文化遗址体系中的组成部分，反映长沙城市历史在不同街区、不同年代和不同功能类型中的延续。\n三、空间与形制：空间形态以名人故里展示空间为主，通常包含本体建筑、院落或遗址范围、街巷界面及周边缓冲空间，需要在后续测绘中进一步明确保护范围和建设控制地带。\n四、文化内涵：该点位补足了长沙历史文化资源中“小而密”的基层单元，有助于从少数地标走向成片街巷、校园、宗教、工业、烈士纪念和生活记忆的综合叙事。\n五、现状功能：现阶段可作为 AI 智能体的历史点位图层纳入识别与筛选，部分点位需继续核验门牌、边界、本体保存状况和开放条件。\n六、规划价值：规划上建议先纳入历史文化建筑基础数据库，结合步道半径、公众反馈、街巷可达性和运营潜力，判断是否进入主题线路、导览节点或保护更新任务清单。",
        "资料来源": "田汉故居与长沙县文旅资料",
        "数据状态": "展示节点，坐标为文化园片区定位",
        "备注": "",
        "资料来源URL": ""
      }
    },
    {
      "type": "Feature",
      "geometry": {
        "type": "Point",
        "coordinates": [
          113.204,
          28.064
        ]
      },
      "properties": {
        "标准名称": "江背镇印山古村",
        "所在区县": "长沙县",
        "分类类别": "历史文化遗址",
        "单位等级层级": "区级",
        "保护或认定名称": "印山古村传统聚落",
        "坐标来源": "公开名录地址+街区级人工定位",
        "坐标精度": "街巷级/片区级坐标，需后续用高德、百度、ArcGIS 或现场 GPS 精确复核",
        "点位介绍": "一、区位与格局：位于长沙县江背镇印山村，处在长沙县历史文化资源网络之中，是长沙历史步道资源库中需要被识别、分级和联动展示的传统村落与乡土建筑节点。\n二、历史沿革：该点位年代为明清至近现代，已见于长沙县传统村落与历史文化资源资料，属于区级历史文化遗址体系中的组成部分，反映长沙城市历史在不同街区、不同年代和不同功能类型中的延续。\n三、空间与形制：空间形态以传统村落与乡土建筑为主，通常包含本体建筑、院落或遗址范围、街巷界面及周边缓冲空间，需要在后续测绘中进一步明确保护范围和建设控制地带。\n四、文化内涵：该点位补足了长沙历史文化资源中“小而密”的基层单元，有助于从少数地标走向成片街巷、校园、宗教、工业、烈士纪念和生活记忆的综合叙事。\n五、现状功能：现阶段可作为 AI 智能体的历史点位图层纳入识别与筛选，部分点位需继续核验门牌、边界、本体保存状况和开放条件。\n六、规划价值：规划上建议先纳入历史文化建筑基础数据库，结合步道半径、公众反馈、街巷可达性和运营潜力，判断是否进入主题线路、导览节点或保护更新任务清单。",
        "资料来源": "长沙县传统村落与历史文化资源资料",
        "数据状态": "村落级对象，坐标取村域中心",
        "备注": "",
        "资料来源URL": ""
      }
    }
  ]
}