{
  "type": "FeatureCollection",
  "name": "外部GIS接入图层",
  "metadata": {
    "source": "H:\\26.5长沙历史步道专项规划\\ArcGISPro历史步道\\历史步道\\历史步道.gdb",
    "generatedAt": "2026-06-15T05:54:37.162293+00:00",
    "layers": [
      {
        "tableName": "历史文化建筑在册全覆盖名录_国家级",
        "identifier": "历史文化建筑在册全覆盖名录_国家级",
        "geometryType": "Point",
        "srsId": 4326,
        "gpkgFileName": "历史步道.gdb",
        "source": "H:\\26.5长沙历史步道专项规划\\ArcGISPro历史步道\\历史步道\\历史步道.gdb",
        "category": "在册全覆盖名录_国家级",
        "format": "ArcGIS FileGDB",
        "defaultVisible": true,
        "styleColor": "#b91c1c",
        "originalFeatureCount": 15,
        "displayFeatureLimit": 15,
        "locatedFeatureCount": 15,
        "unlocatedFeatureCount": 0
      },
      {
        "tableName": "历史文化建筑在册全覆盖名录_省级",
        "identifier": "历史文化建筑在册全覆盖名录_省级",
        "geometryType": "Point",
        "srsId": 4326,
        "gpkgFileName": "历史步道.gdb",
        "source": "H:\\26.5长沙历史步道专项规划\\ArcGISPro历史步道\\历史步道\\历史步道.gdb",
        "category": "在册全覆盖名录_省级",
        "format": "ArcGIS FileGDB",
        "defaultVisible": true,
        "styleColor": "#c2410c",
        "originalFeatureCount": 30,
        "displayFeatureLimit": 30,
        "locatedFeatureCount": 30,
        "unlocatedFeatureCount": 0
      },
      {
        "tableName": "历史文化建筑在册全覆盖名录_市级",
        "identifier": "历史文化建筑在册全覆盖名录_市级",
        "geometryType": "Point",
        "srsId": 4326,
        "gpkgFileName": "历史步道.gdb",
        "source": "H:\\26.5长沙历史步道专项规划\\ArcGISPro历史步道\\历史步道\\历史步道.gdb",
        "category": "在册全覆盖名录_市级",
        "format": "ArcGIS FileGDB",
        "defaultVisible": false,
        "styleColor": "#2563eb",
        "originalFeatureCount": 247,
        "displayFeatureLimit": 48,
        "locatedFeatureCount": 48,
        "unlocatedFeatureCount": 199
      },
      {
        "tableName": "历史文化建筑在册全覆盖名录_县级",
        "identifier": "历史文化建筑在册全覆盖名录_县级",
        "geometryType": "Point",
        "srsId": 4326,
        "gpkgFileName": "历史步道.gdb",
        "source": "H:\\26.5长沙历史步道专项规划\\ArcGISPro历史步道\\历史步道\\历史步道.gdb",
        "category": "在册全覆盖名录_县级",
        "format": "ArcGIS FileGDB",
        "defaultVisible": false,
        "styleColor": "#16a34a",
        "originalFeatureCount": 10,
        "displayFeatureLimit": 10,
        "locatedFeatureCount": 10,
        "unlocatedFeatureCount": 0
      },
      {
        "tableName": "步道主线路",
        "identifier": "步道主线路",
        "geometryType": "MultiLineString",
        "srsId": 4326,
        "gpkgFileName": "历史步道.gdb",
        "source": "H:\\26.5长沙历史步道专项规划\\ArcGISPro历史步道\\历史步道\\历史步道.gdb",
        "category": "ArcGIS历史步道",
        "format": "ArcGIS FileGDB",
        "defaultVisible": true,
        "styleColor": "#9f2f27"
      },
      {
        "tableName": "书院文庙主题支步道",
        "identifier": "书院文庙主题支步道",
        "geometryType": "MultiLineString",
        "srsId": 4326,
        "gpkgFileName": "历史步道.gdb",
        "source": "H:\\26.5长沙历史步道专项规划\\ArcGISPro历史步道\\历史步道\\历史步道.gdb",
        "category": "ArcGIS历史步道",
        "format": "ArcGIS FileGDB",
        "defaultVisible": true,
        "styleColor": "#7c3aed"
      },
      {
        "tableName": "湖湘民俗主题支步道",
        "identifier": "湖湘民俗主题支步道",
        "geometryType": "MultiLineString",
        "srsId": 4326,
        "gpkgFileName": "历史步道.gdb",
        "source": "H:\\26.5长沙历史步道专项规划\\ArcGISPro历史步道\\历史步道\\历史步道.gdb",
        "category": "ArcGIS历史步道",
        "format": "ArcGIS FileGDB",
        "defaultVisible": true,
        "styleColor": "#2563eb"
      },
      {
        "tableName": "教堂公馆主题支步道",
        "identifier": "教堂公馆主题支步道",
        "geometryType": "MultiLineString",
        "srsId": 4326,
        "gpkgFileName": "历史步道.gdb",
        "source": "H:\\26.5长沙历史步道专项规划\\ArcGISPro历史步道\\历史步道\\历史步道.gdb",
        "category": "ArcGIS历史步道",
        "format": "ArcGIS FileGDB",
        "defaultVisible": true,
        "styleColor": "#0f766e"
      },
      {
        "tableName": "千年古刹主题支布道",
        "identifier": "千年古刹主题支布道",
        "geometryType": "MultiLineString",
        "srsId": 4326,
        "gpkgFileName": "历史步道.gdb",
        "source": "H:\\26.5长沙历史步道专项规划\\ArcGISPro历史步道\\历史步道\\历史步道.gdb",
        "category": "ArcGIS历史步道",
        "format": "ArcGIS FileGDB",
        "defaultVisible": true,
        "styleColor": "#f59e0b"
      }
    ],
    "heritageRegistrySummary": {
      "total": 302,
      "located": 103,
      "unlocated": 199,
      "byLevel": {
        "国家级": {
          "total": 15,
          "located": 15,
          "unlocated": 0
        },
        "省级": {
          "total": 30,
          "located": 30,
          "unlocated": 0
        },
        "市级": {
          "total": 247,
          "located": 48,
          "unlocated": 199
        },
        "县级": {
          "total": 10,
          "located": 10,
          "unlocated": 0
        },
        "未分级": {
          "total": 0,
          "located": 0,
          "unlocated": 0
        }
      }
    },
    "categories": [
      "ArcGIS历史步道",
      "在册全覆盖名录_县级",
      "在册全覆盖名录_国家级",
      "在册全覆盖名录_市级",
      "在册全覆盖名录_省级"
    ]
  },
  "features": [
    {
      "type": "Feature",
      "id": "heritage-registry:国家级:1",
      "properties": {
        "标准名称": "湖南第一师范学院",
        "分类类别": "文物保护单位",
        "单位等级层级": "国家级",
        "所在区县": "天心区",
        "在册体系": "各级文物保护单位/历史文化遗址点位库",
        "批次": "既有点位库",
        "在册编号": "",
        "地址或位置": "",
        "建筑年代": "",
        "具体经度": 112.96674294,
        "纬度": 28.17916444,
        "坐标状态": "已定位",
        "资料来源": "湖南第一师范学院公告；湖南省文物局批复；中国百科/百科坐标",
        "资料来源URL": "https://zrzyt.hunan.gov.cn/zrzyt/dxjyjd/202104/t20210408_16453052.html",
        "数据状态": "已核验：名称、等级、坐标来自项目QGIS并与公开坐标接近",
        "备注": "",
        "名称": "湖南第一师范学院",
        "来源图层": "历史文化建筑在册全覆盖名录_国家级",
        "来源文件": "历史步道.gdb",
        "数据来源": "H:\\26.5长沙历史步道专项规划\\ArcGISPro历史步道\\历史步道\\历史步道.gdb",
        "坐标系统": "EPSG:4326",
        "几何类型": "Point",
        "GIS分类": "历史文化建筑在册全覆盖名录",
        "分级筛选": "国家级",
        "可视化状态": "已定位"
      },
      "geometry": {
        "type": "Point",
        "coordinates": [
          112.96674294000002,
          28.17916444000008
        ]
      }
    },
    {
      "type": "Feature",
      "id": "heritage-registry:国家级:2",
      "properties": {
        "标准名称": "天心阁",
        "分类类别": "文物保护单位",
        "单位等级层级": "国家级",
        "所在区县": "天心区",
        "在册体系": "各级文物保护单位/历史文化遗址点位库",
        "批次": "既有点位库",
        "在册编号": "",
        "地址或位置": "",
        "建筑年代": "",
        "具体经度": 112.97586211,
        "纬度": 28.18712553,
        "坐标状态": "已定位",
        "资料来源": "天心区各级文物保护单位列表；长沙城墙/天心阁公开资料；项目QGIS点位",
        "资料来源URL": "https://zh.wikipedia.org/wiki/%E9%95%BF%E6%B2%99%E5%B8%82%E6%96%87%E7%89%A9%E4%BF%9D%E6%8A%A4%E5%8D%95%E4%BD%8D",
        "数据状态": "已核验：项目QGIS点位；等级按天心阁古城墙国保认定",
        "备注": "",
        "名称": "天心阁",
        "来源图层": "历史文化建筑在册全覆盖名录_国家级",
        "来源文件": "历史步道.gdb",
        "数据来源": "H:\\26.5长沙历史步道专项规划\\ArcGISPro历史步道\\历史步道\\历史步道.gdb",
        "坐标系统": "EPSG:4326",
        "几何类型": "Point",
        "GIS分类": "历史文化建筑在册全覆盖名录",
        "分级筛选": "国家级",
        "可视化状态": "已定位"
      },
      "geometry": {
        "type": "Point",
        "coordinates": [
          112.9758621100001,
          28.18712553000006
        ]
      }
    },
    {
      "type": "Feature",
      "id": "heritage-registry:省级:3",
      "properties": {
        "标准名称": "白沙古井",
        "分类类别": "文物保护单位",
        "单位等级层级": "省级",
        "所在区县": "天心区",
        "在册体系": "各级文物保护单位/历史文化遗址点位库",
        "批次": "既有点位库",
        "在册编号": "",
        "地址或位置": "",
        "建筑年代": "",
        "具体经度": 112.9782,
        "纬度": 28.1849,
        "坐标状态": "已定位",
        "资料来源": "天心区各级文物保护单位列表；湖南省文物保护单位公开资料",
        "资料来源URL": "https://zh.wikipedia.org/wiki/%E5%A4%A9%E5%BF%83%E5%8C%BA%E5%90%84%E7%BA%A7%E6%96%87%E7%89%A9%E4%BF%9D%E6%8A%A4%E5%8D%95%E4%BD%8D%E5%88%97%E8%A1%A8",
        "数据状态": "已核验：等级与区位已核验，坐标需后续实测复核",
        "备注": "",
        "名称": "白沙古井",
        "来源图层": "历史文化建筑在册全覆盖名录_省级",
        "来源文件": "历史步道.gdb",
        "数据来源": "H:\\26.5长沙历史步道专项规划\\ArcGISPro历史步道\\历史步道\\历史步道.gdb",
        "坐标系统": "EPSG:4326",
        "几何类型": "Point",
        "GIS分类": "历史文化建筑在册全覆盖名录",
        "分级筛选": "省级",
        "可视化状态": "已定位"
      },
      "geometry": {
        "type": "Point",
        "coordinates": [
          112.97820000000002,
          28.184900000000027
        ]
      }
    },
    {
      "type": "Feature",
      "id": "heritage-registry:市级:4",
      "properties": {
        "标准名称": "西文庙坪牌坊",
        "分类类别": "历史建筑",
        "单位等级层级": "市级",
        "所在区县": "天心区",
        "在册体系": "各级文物保护单位/历史文化遗址点位库",
        "批次": "既有点位库",
        "在册编号": "",
        "地址或位置": "",
        "建筑年代": "",
        "具体经度": 112.96619835,
        "纬度": 28.18849955,
        "坐标状态": "已定位",
        "资料来源": "项目QGIS历史点位图层；长沙第四批历史建筑报道中西文庙坪片区线索",
        "资料来源URL": "https://www.sohu.com/a/954260068_121106908",
        "数据状态": "项目资料已核验，法定名录等级待继续向官方历史建筑名录逐项核对",
        "备注": "",
        "名称": "西文庙坪牌坊",
        "来源图层": "历史文化建筑在册全覆盖名录_市级",
        "来源文件": "历史步道.gdb",
        "数据来源": "H:\\26.5长沙历史步道专项规划\\ArcGISPro历史步道\\历史步道\\历史步道.gdb",
        "坐标系统": "EPSG:4326",
        "几何类型": "Point",
        "GIS分类": "历史文化建筑在册全覆盖名录",
        "分级筛选": "市级",
        "可视化状态": "已定位"
      },
      "geometry": {
        "type": "Point",
        "coordinates": [
          112.96619835000001,
          28.188499550000074
        ]
      }
    },
    {
      "type": "Feature",
      "id": "heritage-registry:市级:5",
      "properties": {
        "标准名称": "杜甫江阁",
        "分类类别": "历史文化遗址",
        "单位等级层级": "市级",
        "所在区县": "天心区",
        "在册体系": "各级文物保护单位/历史文化遗址点位库",
        "批次": "既有点位库",
        "在册编号": "",
        "地址或位置": "",
        "建筑年代": "",
        "具体经度": 112.96319779,
        "纬度": 28.18847641,
        "坐标状态": "已定位",
        "资料来源": "项目QGIS重要历史点位图层；长沙滨江文化旅游公开资料",
        "资料来源URL": "https://whhlyt.hunan.gov.cn/whhlyt/news/sxxw/202407/t20240726_33364941.html",
        "数据状态": "项目资料已核验，非文保等级对象，按历史文化景观节点纳入",
        "备注": "",
        "名称": "杜甫江阁",
        "来源图层": "历史文化建筑在册全覆盖名录_市级",
        "来源文件": "历史步道.gdb",
        "数据来源": "H:\\26.5长沙历史步道专项规划\\ArcGISPro历史步道\\历史步道\\历史步道.gdb",
        "坐标系统": "EPSG:4326",
        "几何类型": "Point",
        "GIS分类": "历史文化建筑在册全覆盖名录",
        "分级筛选": "市级",
        "可视化状态": "已定位"
      },
      "geometry": {
        "type": "Point",
        "coordinates": [
          112.9631977900001,
          28.188476410000078
        ]
      }
    },
    {
      "type": "Feature",
      "id": "heritage-registry:省级:6",
      "properties": {
        "标准名称": "开福寺",
        "分类类别": "文物保护单位",
        "单位等级层级": "省级",
        "所在区县": "开福区",
        "在册体系": "各级文物保护单位/历史文化遗址点位库",
        "批次": "既有点位库",
        "在册编号": "",
        "地址或位置": "",
        "建筑年代": "",
        "具体经度": 112.97239516,
        "纬度": 28.22804573,
        "坐标状态": "已定位",
        "资料来源": "项目QGIS重要历史点位图层；公开百科与宗教文化资料",
        "资料来源URL": "https://zh.wikipedia.org/wiki/%E5%BC%80%E7%A6%8F%E5%AF%BA",
        "数据状态": "已核验：坐标来自项目QGIS，等级需以最新省保名录继续复核",
        "备注": "",
        "名称": "开福寺",
        "来源图层": "历史文化建筑在册全覆盖名录_省级",
        "来源文件": "历史步道.gdb",
        "数据来源": "H:\\26.5长沙历史步道专项规划\\ArcGISPro历史步道\\历史步道\\历史步道.gdb",
        "坐标系统": "EPSG:4326",
        "几何类型": "Point",
        "GIS分类": "历史文化建筑在册全覆盖名录",
        "分级筛选": "省级",
        "可视化状态": "已定位"
      },
      "geometry": {
        "type": "Point",
        "coordinates": [
          112.97239516000002,
          28.228045730000076
        ]
      }
    },
    {
      "type": "Feature",
      "id": "heritage-registry:省级:7",
      "properties": {
        "标准名称": "贾谊故居",
        "分类类别": "文物保护单位",
        "单位等级层级": "省级",
        "所在区县": "天心区",
        "在册体系": "各级文物保护单位/历史文化遗址点位库",
        "批次": "既有点位库",
        "在册编号": "",
        "地址或位置": "",
        "建筑年代": "",
        "具体经度": 112.972,
        "纬度": 28.1926,
        "坐标状态": "已定位",
        "资料来源": "天心区各级文物保护单位列表；Wikimedia Commons 坐标；公开景区资料",
        "资料来源URL": "https://zh.wikipedia.org/wiki/%E8%B4%BE%E8%B0%8A%E6%95%85%E5%B1%85",
        "数据状态": "已核验：等级与公开坐标已核验",
        "备注": "",
        "名称": "贾谊故居",
        "来源图层": "历史文化建筑在册全覆盖名录_省级",
        "来源文件": "历史步道.gdb",
        "数据来源": "H:\\26.5长沙历史步道专项规划\\ArcGISPro历史步道\\历史步道\\历史步道.gdb",
        "坐标系统": "EPSG:4326",
        "几何类型": "Point",
        "GIS分类": "历史文化建筑在册全覆盖名录",
        "分级筛选": "省级",
        "可视化状态": "已定位"
      },
      "geometry": {
        "type": "Point",
        "coordinates": [
          112.9720000000001,
          28.192600000000027
        ]
      }
    },
    {
      "type": "Feature",
      "id": "heritage-registry:省级:8",
      "properties": {
        "标准名称": "潮宗街教堂",
        "分类类别": "文物保护单位",
        "单位等级层级": "省级",
        "所在区县": "开福区",
        "在册体系": "各级文物保护单位/历史文化遗址点位库",
        "批次": "既有点位库",
        "在册编号": "",
        "地址或位置": "",
        "建筑年代": "",
        "具体经度": 112.9764,
        "纬度": 28.1996,
        "坐标状态": "已定位",
        "资料来源": "湖南省文旅厅第十批省保新闻；潮宗街教堂公开资料",
        "资料来源URL": "https://whhlyt.hunan.gov.cn/news/sxxw/201903/t20190306_5378104.html",
        "数据状态": "已核验：等级与地址已核验，坐标需现场或官方地理编码复核",
        "备注": "",
        "名称": "潮宗街教堂",
        "来源图层": "历史文化建筑在册全覆盖名录_省级",
        "来源文件": "历史步道.gdb",
        "数据来源": "H:\\26.5长沙历史步道专项规划\\ArcGISPro历史步道\\历史步道\\历史步道.gdb",
        "坐标系统": "EPSG:4326",
        "几何类型": "Point",
        "GIS分类": "历史文化建筑在册全覆盖名录",
        "分级筛选": "省级",
        "可视化状态": "已定位"
      },
      "geometry": {
        "type": "Point",
        "coordinates": [
          112.9669932600001,
          28.206600753000032
        ]
      }
    },
    {
      "type": "Feature",
      "id": "heritage-registry:国家级:9",
      "properties": {
        "标准名称": "岳麓书院",
        "分类类别": "文物保护单位",
        "单位等级层级": "国家级",
        "所在区县": "岳麓区",
        "在册体系": "各级文物保护单位/历史文化遗址点位库",
        "批次": "既有点位库",
        "在册编号": "",
        "地址或位置": "",
        "建筑年代": "",
        "具体经度": 112.93537,
        "纬度": 28.18409,
        "坐标状态": "已定位",
        "资料来源": "岳麓区政府门户网站；岳麓区各级文物保护单位列表；公开坐标",
        "资料来源URL": "https://zrzyt.hunan.gov.cn/zrzyt/dxjyjd/202104/t20210408_16453052.html",
        "数据状态": "已核验：等级、地址与坐标已公开核验",
        "备注": "",
        "名称": "岳麓书院",
        "来源图层": "历史文化建筑在册全覆盖名录_国家级",
        "来源文件": "历史步道.gdb",
        "数据来源": "H:\\26.5长沙历史步道专项规划\\ArcGISPro历史步道\\历史步道\\历史步道.gdb",
        "坐标系统": "EPSG:4326",
        "几何类型": "Point",
        "GIS分类": "历史文化建筑在册全覆盖名录",
        "分级筛选": "国家级",
        "可视化状态": "已定位"
      },
      "geometry": {
        "type": "Point",
        "coordinates": [
          112.93537000000003,
          28.184090000000026
        ]
      }
    },
    {
      "type": "Feature",
      "id": "heritage-registry:国家级:10",
      "properties": {
        "标准名称": "爱晚亭",
        "分类类别": "文物保护单位",
        "单位等级层级": "国家级",
        "所在区县": "岳麓区",
        "在册体系": "各级文物保护单位/历史文化遗址点位库",
        "批次": "既有点位库",
        "在册编号": "",
        "地址或位置": "",
        "建筑年代": "",
        "具体经度": 112.932044,
        "纬度": 28.184114,
        "坐标状态": "已定位",
        "资料来源": "Wikimedia Commons 坐标；中新网/湖南日报第七批国保报道；岳麓区各级文保列表",
        "资料来源URL": "https://zh.wikipedia.org/wiki/%E7%88%B1%E6%99%9A%E4%BA%AD",
        "数据状态": "已核验：等级与公开坐标已核验",
        "备注": "",
        "名称": "爱晚亭",
        "来源图层": "历史文化建筑在册全覆盖名录_国家级",
        "来源文件": "历史步道.gdb",
        "数据来源": "H:\\26.5长沙历史步道专项规划\\ArcGISPro历史步道\\历史步道\\历史步道.gdb",
        "坐标系统": "EPSG:4326",
        "几何类型": "Point",
        "GIS分类": "历史文化建筑在册全覆盖名录",
        "分级筛选": "国家级",
        "可视化状态": "已定位"
      },
      "geometry": {
        "type": "Point",
        "coordinates": [
          112.93204400000002,
          28.18411400000008
        ]
      }
    },
    {
      "type": "Feature",
      "id": "heritage-registry:国家级:11",
      "properties": {
        "标准名称": "新民学会旧址",
        "分类类别": "文物保护单位",
        "单位等级层级": "国家级",
        "所在区县": "岳麓区",
        "在册体系": "各级文物保护单位/历史文化遗址点位库",
        "批次": "既有点位库",
        "在册编号": "",
        "地址或位置": "",
        "建筑年代": "",
        "具体经度": 112.946761,
        "纬度": 28.196869,
        "坐标状态": "已定位",
        "资料来源": "Wikimedia Commons 坐标；岳麓区各级文物保护单位列表；红色教育公开资料",
        "资料来源URL": "https://zrzyt.hunan.gov.cn/zrzyt/dxjyjd/202104/t20210408_16453052.html",
        "数据状态": "已核验：等级与公开坐标已核验",
        "备注": "",
        "名称": "新民学会旧址",
        "来源图层": "历史文化建筑在册全覆盖名录_国家级",
        "来源文件": "历史步道.gdb",
        "数据来源": "H:\\26.5长沙历史步道专项规划\\ArcGISPro历史步道\\历史步道\\历史步道.gdb",
        "坐标系统": "EPSG:4326",
        "几何类型": "Point",
        "GIS分类": "历史文化建筑在册全覆盖名录",
        "分级筛选": "国家级",
        "可视化状态": "已定位"
      },
      "geometry": {
        "type": "Point",
        "coordinates": [
          112.94676100000004,
          28.19686900000005
        ]
      }
    },
    {
      "type": "Feature",
      "id": "heritage-registry:国家级:12",
      "properties": {
        "标准名称": "马王堆汉墓",
        "分类类别": "文物保护单位",
        "单位等级层级": "国家级",
        "所在区县": "芙蓉区",
        "在册体系": "各级文物保护单位/历史文化遗址点位库",
        "批次": "既有点位库",
        "在册编号": "",
        "地址或位置": "",
        "建筑年代": "",
        "具体经度": 113.021667,
        "纬度": 28.208611,
        "坐标状态": "已定位",
        "资料来源": "Wikimedia Commons 坐标；公开百科；第七批全国重点文物保护单位报道",
        "资料来源URL": "https://zh.wikipedia.org/wiki/%E9%A9%AC%E7%8E%8B%E5%A0%86%E6%B1%89%E5%A2%93",
        "数据状态": "已核验：等级与公开坐标已核验",
        "备注": "",
        "名称": "马王堆汉墓",
        "来源图层": "历史文化建筑在册全覆盖名录_国家级",
        "来源文件": "历史步道.gdb",
        "数据来源": "H:\\26.5长沙历史步道专项规划\\ArcGISPro历史步道\\历史步道\\历史步道.gdb",
        "坐标系统": "EPSG:4326",
        "几何类型": "Point",
        "GIS分类": "历史文化建筑在册全覆盖名录",
        "分级筛选": "国家级",
        "可视化状态": "已定位"
      },
      "geometry": {
        "type": "Point",
        "coordinates": [
          113.0216670000001,
          28.208611000000076
        ]
      }
    },
    {
      "type": "Feature",
      "id": "heritage-registry:国家级:13",
      "properties": {
        "标准名称": "中共湘区委员会旧址",
        "分类类别": "文物保护单位",
        "单位等级层级": "国家级",
        "所在区县": "开福区",
        "在册体系": "各级文物保护单位/历史文化遗址点位库",
        "批次": "既有点位库",
        "在册编号": "",
        "地址或位置": "",
        "建筑年代": "",
        "具体经度": 112.9863,
        "纬度": 28.2022,
        "坐标状态": "已定位",
        "资料来源": "湖南省自然资源厅红色遗址表；中南大学现场教学资料；公开百科",
        "资料来源URL": "https://zrzyt.hunan.gov.cn/zrzyt/dxjyjd/202104/t20210408_16453052.html",
        "数据状态": "已核验：等级与地址已核验，坐标按八一路538号清水塘位置待官方地理编码复核",
        "备注": "",
        "名称": "中共湘区委员会旧址",
        "来源图层": "历史文化建筑在册全覆盖名录_国家级",
        "来源文件": "历史步道.gdb",
        "数据来源": "H:\\26.5长沙历史步道专项规划\\ArcGISPro历史步道\\历史步道\\历史步道.gdb",
        "坐标系统": "EPSG:4326",
        "几何类型": "Point",
        "GIS分类": "历史文化建筑在册全覆盖名录",
        "分级筛选": "国家级",
        "可视化状态": "已定位"
      },
      "geometry": {
        "type": "Point",
        "coordinates": [
          112.98630000000003,
          28.20220000000006
        ]
      }
    },
    {
      "type": "Feature",
      "id": "heritage-registry:国家级:14",
      "properties": {
        "标准名称": "黄兴故居",
        "分类类别": "文物保护单位",
        "单位等级层级": "国家级",
        "所在区县": "长沙县",
        "在册体系": "各级文物保护单位/历史文化遗址点位库",
        "批次": "既有点位库",
        "在册编号": "",
        "地址或位置": "",
        "建筑年代": "",
        "具体经度": 113.098911,
        "纬度": 28.120161,
        "坐标状态": "已定位",
        "资料来源": "Wikimedia Commons 坐标；湖南省自然资源厅红色遗址表；长沙县公开资料",
        "资料来源URL": "https://zrzyt.hunan.gov.cn/zrzyt/dxjyjd/202104/t20210408_16453052.html",
        "数据状态": "已核验：等级与公开坐标已核验",
        "备注": "",
        "名称": "黄兴故居",
        "来源图层": "历史文化建筑在册全覆盖名录_国家级",
        "来源文件": "历史步道.gdb",
        "数据来源": "H:\\26.5长沙历史步道专项规划\\ArcGISPro历史步道\\历史步道\\历史步道.gdb",
        "坐标系统": "EPSG:4326",
        "几何类型": "Point",
        "GIS分类": "历史文化建筑在册全覆盖名录",
        "分级筛选": "国家级",
        "可视化状态": "已定位"
      },
      "geometry": {
        "type": "Point",
        "coordinates": [
          113.09891100000004,
          28.120161000000053
        ]
      }
    },
    {
      "type": "Feature",
      "id": "heritage-registry:国家级:15",
      "properties": {
        "标准名称": "徐特立故居",
        "分类类别": "文物保护单位",
        "单位等级层级": "国家级",
        "所在区县": "长沙县",
        "在册体系": "各级文物保护单位/历史文化遗址点位库",
        "批次": "既有点位库",
        "在册编号": "",
        "地址或位置": "",
        "建筑年代": "",
        "具体经度": 113.2108,
        "纬度": 28.0647,
        "坐标状态": "已定位",
        "资料来源": "湖南省自然资源厅红色遗址表；新湖南报道；公开百科",
        "资料来源URL": "https://zrzyt.hunan.gov.cn/zrzyt/dxjyjd/202104/t20210408_16453052.html",
        "数据状态": "等级与地址已核验，坐标为第一版地图核验值，需后续以官方地理编码或实测复核",
        "备注": "",
        "名称": "徐特立故居",
        "来源图层": "历史文化建筑在册全覆盖名录_国家级",
        "来源文件": "历史步道.gdb",
        "数据来源": "H:\\26.5长沙历史步道专项规划\\ArcGISPro历史步道\\历史步道\\历史步道.gdb",
        "坐标系统": "EPSG:4326",
        "几何类型": "Point",
        "GIS分类": "历史文化建筑在册全覆盖名录",
        "分级筛选": "国家级",
        "可视化状态": "已定位"
      },
      "geometry": {
        "type": "Point",
        "coordinates": [
          113.21080000000006,
          28.064700000000073
        ]
      }
    },
    {
      "type": "Feature",
      "id": "heritage-registry:省级:16",
      "properties": {
        "标准名称": "杨开慧故居",
        "分类类别": "文物保护单位",
        "单位等级层级": "省级",
        "所在区县": "长沙县",
        "在册体系": "各级文物保护单位/历史文化遗址点位库",
        "批次": "既有点位库",
        "在册编号": "",
        "地址或位置": "",
        "建筑年代": "",
        "具体经度": 113.2918,
        "纬度": 28.5436,
        "坐标状态": "已定位",
        "资料来源": "杨开慧纪念馆/红色教育公开资料；长沙县各级文保列表；公开百科",
        "资料来源URL": "https://zrzyt.hunan.gov.cn/zrzyt/dxjyjd/202104/t20210408_16453424.html",
        "数据状态": "等级与地址已核验，坐标为第一版地图核验值，需后续实测复核",
        "备注": "",
        "名称": "杨开慧故居",
        "来源图层": "历史文化建筑在册全覆盖名录_省级",
        "来源文件": "历史步道.gdb",
        "数据来源": "H:\\26.5长沙历史步道专项规划\\ArcGISPro历史步道\\历史步道\\历史步道.gdb",
        "坐标系统": "EPSG:4326",
        "几何类型": "Point",
        "GIS分类": "历史文化建筑在册全覆盖名录",
        "分级筛选": "省级",
        "可视化状态": "已定位"
      },
      "geometry": {
        "type": "Point",
        "coordinates": [
          113.29180000000008,
          28.543600000000026
        ]
      }
    },
    {
      "type": "Feature",
      "id": "heritage-registry:省级:17",
      "properties": {
        "标准名称": "陶公庙",
        "分类类别": "文物保护单位",
        "单位等级层级": "省级",
        "所在区县": "长沙县",
        "在册体系": "各级文物保护单位/历史文化遗址点位库",
        "批次": "既有点位库",
        "在册编号": "",
        "地址或位置": "",
        "建筑年代": "",
        "具体经度": 113.117925,
        "纬度": 28.186772,
        "坐标状态": "已定位",
        "资料来源": "Wikimedia Commons 坐标；公开百科；长沙县各级文保列表",
        "资料来源URL": "https://zh.wikipedia.org/wiki/%E9%99%B6%E5%85%AC%E5%BA%99",
        "数据状态": "已核验：等级与公开坐标已核验",
        "备注": "",
        "名称": "陶公庙",
        "来源图层": "历史文化建筑在册全覆盖名录_省级",
        "来源文件": "历史步道.gdb",
        "数据来源": "H:\\26.5长沙历史步道专项规划\\ArcGISPro历史步道\\历史步道\\历史步道.gdb",
        "坐标系统": "EPSG:4326",
        "几何类型": "Point",
        "GIS分类": "历史文化建筑在册全覆盖名录",
        "分级筛选": "省级",
        "可视化状态": "已定位"
      },
      "geometry": {
        "type": "Point",
        "coordinates": [
          113.11792500000001,
          28.186772000000076
        ]
      }
    },
    {
      "type": "Feature",
      "id": "heritage-registry:国家级:18",
      "properties": {
        "标准名称": "黄兴墓",
        "分类类别": "文物保护单位",
        "单位等级层级": "国家级",
        "所在区县": "岳麓区",
        "在册体系": "各级文物保护单位/历史文化遗址点位库",
        "批次": "既有点位库",
        "在册编号": "",
        "地址或位置": "",
        "建筑年代": "",
        "具体经度": 112.92667,
        "纬度": 28.18389,
        "坐标状态": "已定位",
        "资料来源": "Wikimedia Commons/百科坐标；岳麓区各级文物保护单位列表",
        "资料来源URL": "https://zrzyt.hunan.gov.cn/zrzyt/dxjyjd/202104/t20210408_16453052.html",
        "数据状态": "已核验：等级与公开坐标已核验",
        "备注": "",
        "名称": "黄兴墓",
        "来源图层": "历史文化建筑在册全覆盖名录_国家级",
        "来源文件": "历史步道.gdb",
        "数据来源": "H:\\26.5长沙历史步道专项规划\\ArcGISPro历史步道\\历史步道\\历史步道.gdb",
        "坐标系统": "EPSG:4326",
        "几何类型": "Point",
        "GIS分类": "历史文化建筑在册全覆盖名录",
        "分级筛选": "国家级",
        "可视化状态": "已定位"
      },
      "geometry": {
        "type": "Point",
        "coordinates": [
          112.92667000000006,
          28.183890000000076
        ]
      }
    },
    {
      "type": "Feature",
      "id": "heritage-registry:国家级:19",
      "properties": {
        "标准名称": "蔡锷墓",
        "分类类别": "文物保护单位",
        "单位等级层级": "国家级",
        "所在区县": "岳麓区",
        "在册体系": "各级文物保护单位/历史文化遗址点位库",
        "批次": "既有点位库",
        "在册编号": "",
        "地址或位置": "",
        "建筑年代": "",
        "具体经度": 112.92806,
        "纬度": 28.18389,
        "坐标状态": "已定位",
        "资料来源": "Wikimedia Commons/百科坐标；岳麓区各级文物保护单位列表",
        "资料来源URL": "https://zrzyt.hunan.gov.cn/zrzyt/dxjyjd/202104/t20210408_16453071.html",
        "数据状态": "已核验：等级与公开坐标已核验",
        "备注": "",
        "名称": "蔡锷墓",
        "来源图层": "历史文化建筑在册全覆盖名录_国家级",
        "来源文件": "历史步道.gdb",
        "数据来源": "H:\\26.5长沙历史步道专项规划\\ArcGISPro历史步道\\历史步道\\历史步道.gdb",
        "坐标系统": "EPSG:4326",
        "几何类型": "Point",
        "GIS分类": "历史文化建筑在册全覆盖名录",
        "分级筛选": "国家级",
        "可视化状态": "已定位"
      },
      "geometry": {
        "type": "Point",
        "coordinates": [
          112.92806000000007,
          28.183890000000076
        ]
      }
    },
    {
      "type": "Feature",
      "id": "heritage-registry:国家级:20",
      "properties": {
        "标准名称": "湖南大学早期建筑群",
        "分类类别": "文物保护单位",
        "单位等级层级": "国家级",
        "所在区县": "岳麓区",
        "在册体系": "各级文物保护单位/历史文化遗址点位库",
        "批次": "既有点位库",
        "在册编号": "",
        "地址或位置": "",
        "建筑年代": "",
        "具体经度": 112.936,
        "纬度": 28.1838,
        "坐标状态": "已定位",
        "资料来源": "湖南省自然资源厅国保红色遗址表；湖南大学早期建筑群公开资料；岳麓区公开资料",
        "资料来源URL": "https://zrzyt.hunan.gov.cn/zrzyt/dxjyjd/202104/t20210408_16453052.html",
        "数据状态": "等级与地址已核验，坐标为建筑群中心点，正式测绘应拆分九栋单体",
        "备注": "",
        "名称": "湖南大学早期建筑群",
        "来源图层": "历史文化建筑在册全覆盖名录_国家级",
        "来源文件": "历史步道.gdb",
        "数据来源": "H:\\26.5长沙历史步道专项规划\\ArcGISPro历史步道\\历史步道\\历史步道.gdb",
        "坐标系统": "EPSG:4326",
        "几何类型": "Point",
        "GIS分类": "历史文化建筑在册全覆盖名录",
        "分级筛选": "国家级",
        "可视化状态": "已定位"
      },
      "geometry": {
        "type": "Point",
        "coordinates": [
          112.93600000000004,
          28.183800000000076
        ]
      }
    },
    {
      "type": "Feature",
      "id": "heritage-registry:国家级:21",
      "properties": {
        "标准名称": "湘雅医院及医学院早期建筑",
        "分类类别": "文物保护单位",
        "单位等级层级": "国家级",
        "所在区县": "开福区",
        "在册体系": "各级文物保护单位/历史文化遗址点位库",
        "批次": "既有点位库",
        "在册编号": "",
        "地址或位置": "",
        "建筑年代": "",
        "具体经度": 112.9872,
        "纬度": 28.2065,
        "坐标状态": "已定位",
        "资料来源": "湖南省文物局修缮批复；红网第八批国保报道；湖南省自然资源厅国保红色遗址表",
        "资料来源URL": "https://wwj.hunan.gov.cn/wwj/c100310/c100313/202003/t20200304_11720185.html",
        "数据状态": "等级与地址已核验，坐标为建筑群中心点，正式测绘应拆分五处单体",
        "备注": "",
        "名称": "湘雅医院及医学院早期建筑",
        "来源图层": "历史文化建筑在册全覆盖名录_国家级",
        "来源文件": "历史步道.gdb",
        "数据来源": "H:\\26.5长沙历史步道专项规划\\ArcGISPro历史步道\\历史步道\\历史步道.gdb",
        "坐标系统": "EPSG:4326",
        "几何类型": "Point",
        "GIS分类": "历史文化建筑在册全覆盖名录",
        "分级筛选": "国家级",
        "可视化状态": "已定位"
      },
      "geometry": {
        "type": "Point",
        "coordinates": [
          112.98720000000003,
          28.206500000000062
        ]
      }
    },
    {
      "type": "Feature",
      "id": "heritage-registry:国家级:22",
      "properties": {
        "标准名称": "程潜公馆",
        "分类类别": "文物保护单位",
        "单位等级层级": "国家级",
        "所在区县": "芙蓉区",
        "在册体系": "各级文物保护单位/历史文化遗址点位库",
        "批次": "既有点位库",
        "在册编号": "",
        "地址或位置": "",
        "建筑年代": "",
        "具体经度": 112.9779,
        "纬度": 28.1916,
        "坐标状态": "已定位",
        "资料来源": "红网第八批国保报道；湖南省自然资源厅国保红色遗址表；白果园历史街区公开资料",
        "资料来源URL": "https://www.icswb.com/h/152/20191016/625060.html",
        "数据状态": "等级与地址已核验，坐标按人民西路白果园19号第一版核验，需后续现场复核",
        "备注": "",
        "名称": "程潜公馆",
        "来源图层": "历史文化建筑在册全覆盖名录_国家级",
        "来源文件": "历史步道.gdb",
        "数据来源": "H:\\26.5长沙历史步道专项规划\\ArcGISPro历史步道\\历史步道\\历史步道.gdb",
        "坐标系统": "EPSG:4326",
        "几何类型": "Point",
        "GIS分类": "历史文化建筑在册全覆盖名录",
        "分级筛选": "国家级",
        "可视化状态": "已定位"
      },
      "geometry": {
        "type": "Point",
        "coordinates": [
          112.97790000000009,
          28.19160000000005
        ]
      }
    },
    {
      "type": "Feature",
      "id": "heritage-registry:省级:23",
      "properties": {
        "标准名称": "湖南和平解放秘密电台工作旧址",
        "分类类别": "文物保护单位",
        "单位等级层级": "省级",
        "所在区县": "芙蓉区",
        "在册体系": "各级文物保护单位/历史文化遗址点位库",
        "批次": "既有点位库",
        "在册编号": "",
        "地址或位置": "",
        "建筑年代": "",
        "具体经度": 112.9786,
        "纬度": 28.1912,
        "坐标状态": "已定位",
        "资料来源": "湖南省自然资源厅省级文物保护单位红色遗址表",
        "资料来源URL": "",
        "数据状态": "等级与片区已核验，坐标为街区级定位",
        "备注": "",
        "名称": "湖南和平解放秘密电台工作旧址",
        "来源图层": "历史文化建筑在册全覆盖名录_省级",
        "来源文件": "历史步道.gdb",
        "数据来源": "H:\\26.5长沙历史步道专项规划\\ArcGISPro历史步道\\历史步道\\历史步道.gdb",
        "坐标系统": "EPSG:4326",
        "几何类型": "Point",
        "GIS分类": "历史文化建筑在册全覆盖名录",
        "分级筛选": "省级",
        "可视化状态": "已定位"
      },
      "geometry": {
        "type": "Point",
        "coordinates": [
          112.97860000000003,
          28.191200000000038
        ]
      }
    },
    {
      "type": "Feature",
      "id": "heritage-registry:省级:24",
      "properties": {
        "标准名称": "湖南自修大学旧址",
        "分类类别": "文物保护单位",
        "单位等级层级": "省级",
        "所在区县": "芙蓉区",
        "在册体系": "各级文物保护单位/历史文化遗址点位库",
        "批次": "既有点位库",
        "在册编号": "",
        "地址或位置": "",
        "建筑年代": "",
        "具体经度": 112.982,
        "纬度": 28.1998,
        "坐标状态": "已定位",
        "资料来源": "各级文物保护单位公开列表；红色遗址资料",
        "资料来源URL": "",
        "数据状态": "等级与名称已核验，坐标为片区级定位",
        "备注": "",
        "名称": "湖南自修大学旧址",
        "来源图层": "历史文化建筑在册全覆盖名录_省级",
        "来源文件": "历史步道.gdb",
        "数据来源": "H:\\26.5长沙历史步道专项规划\\ArcGISPro历史步道\\历史步道\\历史步道.gdb",
        "坐标系统": "EPSG:4326",
        "几何类型": "Point",
        "GIS分类": "历史文化建筑在册全覆盖名录",
        "分级筛选": "省级",
        "可视化状态": "已定位"
      },
      "geometry": {
        "type": "Point",
        "coordinates": [
          112.98200000000008,
          28.19980000000004
        ]
      }
    },
    {
      "type": "Feature",
      "id": "heritage-registry:省级:25",
      "properties": {
        "标准名称": "八路军驻湘通讯处旧址",
        "分类类别": "文物保护单位",
        "单位等级层级": "省级",
        "所在区县": "芙蓉区",
        "在册体系": "各级文物保护单位/历史文化遗址点位库",
        "批次": "既有点位库",
        "在册编号": "",
        "地址或位置": "",
        "建筑年代": "",
        "具体经度": 112.9829,
        "纬度": 28.1982,
        "坐标状态": "已定位",
        "资料来源": "各级文物保护单位公开列表；红色遗址资料",
        "资料来源URL": "",
        "数据状态": "名称和类型已核验，坐标需二次复核",
        "备注": "",
        "名称": "八路军驻湘通讯处旧址",
        "来源图层": "历史文化建筑在册全覆盖名录_省级",
        "来源文件": "历史步道.gdb",
        "数据来源": "H:\\26.5长沙历史步道专项规划\\ArcGISPro历史步道\\历史步道\\历史步道.gdb",
        "坐标系统": "EPSG:4326",
        "几何类型": "Point",
        "GIS分类": "历史文化建筑在册全覆盖名录",
        "分级筛选": "省级",
        "可视化状态": "已定位"
      },
      "geometry": {
        "type": "Point",
        "coordinates": [
          112.98290000000009,
          28.198200000000043
        ]
      }
    },
    {
      "type": "Feature",
      "id": "heritage-registry:省级:26",
      "properties": {
        "标准名称": "湖南省苏维埃政府旧址",
        "分类类别": "文物保护单位",
        "单位等级层级": "省级",
        "所在区县": "芙蓉区",
        "在册体系": "各级文物保护单位/历史文化遗址点位库",
        "批次": "既有点位库",
        "在册编号": "",
        "地址或位置": "",
        "建筑年代": "",
        "具体经度": 112.9848,
        "纬度": 28.1978,
        "坐标状态": "已定位",
        "资料来源": "各级文物保护单位公开列表；红色遗址资料",
        "资料来源URL": "",
        "数据状态": "名称和类型已核验，坐标需二次复核",
        "备注": "",
        "名称": "湖南省苏维埃政府旧址",
        "来源图层": "历史文化建筑在册全覆盖名录_省级",
        "来源文件": "历史步道.gdb",
        "数据来源": "H:\\26.5长沙历史步道专项规划\\ArcGISPro历史步道\\历史步道\\历史步道.gdb",
        "坐标系统": "EPSG:4326",
        "几何类型": "Point",
        "GIS分类": "历史文化建筑在册全覆盖名录",
        "分级筛选": "省级",
        "可视化状态": "已定位"
      },
      "geometry": {
        "type": "Point",
        "coordinates": [
          112.98480000000006,
          28.19780000000003
        ]
      }
    },
    {
      "type": "Feature",
      "id": "heritage-registry:市级:27",
      "properties": {
        "标准名称": "中山亭",
        "分类类别": "文物保护单位",
        "单位等级层级": "市级",
        "所在区县": "芙蓉区",
        "在册体系": "各级文物保护单位/历史文化遗址点位库",
        "批次": "既有点位库",
        "在册编号": "",
        "地址或位置": "",
        "建筑年代": "",
        "具体经度": 112.9797,
        "纬度": 28.2001,
        "坐标状态": "已定位",
        "资料来源": "长沙市各级文物保护单位公开列表",
        "资料来源URL": "",
        "数据状态": "名称和区位已核验，坐标为公开地图定位",
        "备注": "",
        "名称": "中山亭",
        "来源图层": "历史文化建筑在册全覆盖名录_市级",
        "来源文件": "历史步道.gdb",
        "数据来源": "H:\\26.5长沙历史步道专项规划\\ArcGISPro历史步道\\历史步道\\历史步道.gdb",
        "坐标系统": "EPSG:4326",
        "几何类型": "Point",
        "GIS分类": "历史文化建筑在册全覆盖名录",
        "分级筛选": "市级",
        "可视化状态": "已定位"
      },
      "geometry": {
        "type": "Point",
        "coordinates": [
          112.9797000000001,
          28.200100000000077
        ]
      }
    },
    {
      "type": "Feature",
      "id": "heritage-registry:市级:28",
      "properties": {
        "标准名称": "定王台",
        "分类类别": "历史文化遗址",
        "单位等级层级": "市级",
        "所在区县": "芙蓉区",
        "在册体系": "各级文物保护单位/历史文化遗址点位库",
        "批次": "既有点位库",
        "在册编号": "",
        "地址或位置": "",
        "建筑年代": "",
        "具体经度": 112.9837,
        "纬度": 28.1949,
        "坐标状态": "已定位",
        "资料来源": "长沙市各级文物保护单位与地名公开资料",
        "资料来源URL": "",
        "数据状态": "名称和区位已核验，坐标为街区级定位",
        "备注": "",
        "名称": "定王台",
        "来源图层": "历史文化建筑在册全覆盖名录_市级",
        "来源文件": "历史步道.gdb",
        "数据来源": "H:\\26.5长沙历史步道专项规划\\ArcGISPro历史步道\\历史步道\\历史步道.gdb",
        "坐标系统": "EPSG:4326",
        "几何类型": "Point",
        "GIS分类": "历史文化建筑在册全覆盖名录",
        "分级筛选": "市级",
        "可视化状态": "已定位"
      },
      "geometry": {
        "type": "Point",
        "coordinates": [
          112.98370000000011,
          28.194900000000075
        ]
      }
    },
    {
      "type": "Feature",
      "id": "heritage-registry:市级:29",
      "properties": {
        "标准名称": "走马楼吴简出土遗址",
        "分类类别": "历史文化遗址",
        "单位等级层级": "市级",
        "所在区县": "芙蓉区",
        "在册体系": "各级文物保护单位/历史文化遗址点位库",
        "批次": "既有点位库",
        "在册编号": "",
        "地址或位置": "",
        "建筑年代": "",
        "具体经度": 112.9756,
        "纬度": 28.1967,
        "坐标状态": "已定位",
        "资料来源": "长沙考古与公开百科资料",
        "资料来源URL": "",
        "数据状态": "名称和片区已核验，坐标为街区级定位",
        "备注": "",
        "名称": "走马楼吴简出土遗址",
        "来源图层": "历史文化建筑在册全覆盖名录_市级",
        "来源文件": "历史步道.gdb",
        "数据来源": "H:\\26.5长沙历史步道专项规划\\ArcGISPro历史步道\\历史步道\\历史步道.gdb",
        "坐标系统": "EPSG:4326",
        "几何类型": "Point",
        "GIS分类": "历史文化建筑在册全覆盖名录",
        "分级筛选": "市级",
        "可视化状态": "已定位"
      },
      "geometry": {
        "type": "Point",
        "coordinates": [
          112.9756000000001,
          28.196700000000078
        ]
      }
    },
    {
      "type": "Feature",
      "id": "heritage-registry:省级:30",
      "properties": {
        "标准名称": "李富春故居",
        "分类类别": "文物保护单位",
        "单位等级层级": "省级",
        "所在区县": "天心区",
        "在册体系": "各级文物保护单位/历史文化遗址点位库",
        "批次": "既有点位库",
        "在册编号": "",
        "地址或位置": "",
        "建筑年代": "",
        "具体经度": 112.9788,
        "纬度": 28.1906,
        "坐标状态": "已定位",
        "资料来源": "湖南省自然资源厅省级文物保护单位红色遗址表",
        "资料来源URL": "",
        "数据状态": "等级与片区已核验，坐标为街区级定位",
        "备注": "",
        "名称": "李富春故居",
        "来源图层": "历史文化建筑在册全覆盖名录_省级",
        "来源文件": "历史步道.gdb",
        "数据来源": "H:\\26.5长沙历史步道专项规划\\ArcGISPro历史步道\\历史步道\\历史步道.gdb",
        "坐标系统": "EPSG:4326",
        "几何类型": "Point",
        "GIS分类": "历史文化建筑在册全覆盖名录",
        "分级筛选": "省级",
        "可视化状态": "已定位"
      },
      "geometry": {
        "type": "Point",
        "coordinates": [
          112.97880000000009,
          28.190600000000074
        ]
      }
    },
    {
      "type": "Feature",
      "id": "heritage-registry:省级:31",
      "properties": {
        "标准名称": "何叔衡故居",
        "分类类别": "文物保护单位",
        "单位等级层级": "省级",
        "所在区县": "天心区",
        "在册体系": "各级文物保护单位/历史文化遗址点位库",
        "批次": "既有点位库",
        "在册编号": "",
        "地址或位置": "",
        "建筑年代": "",
        "具体经度": 112.9737,
        "纬度": 28.1898,
        "坐标状态": "已定位",
        "资料来源": "湖南省自然资源厅省级文物保护单位红色遗址表",
        "资料来源URL": "",
        "数据状态": "等级与人物关系已核验，坐标为街区级定位",
        "备注": "",
        "名称": "何叔衡故居",
        "来源图层": "历史文化建筑在册全覆盖名录_省级",
        "来源文件": "历史步道.gdb",
        "数据来源": "H:\\26.5长沙历史步道专项规划\\ArcGISPro历史步道\\历史步道\\历史步道.gdb",
        "坐标系统": "EPSG:4326",
        "几何类型": "Point",
        "GIS分类": "历史文化建筑在册全覆盖名录",
        "分级筛选": "省级",
        "可视化状态": "已定位"
      },
      "geometry": {
        "type": "Point",
        "coordinates": [
          112.97370000000001,
          28.189800000000048
        ]
      }
    },
    {
      "type": "Feature",
      "id": "heritage-registry:市级:32",
      "properties": {
        "标准名称": "妙高峰禹王碑",
        "分类类别": "文物保护单位",
        "单位等级层级": "市级",
        "所在区县": "天心区",
        "在册体系": "各级文物保护单位/历史文化遗址点位库",
        "批次": "既有点位库",
        "在册编号": "",
        "地址或位置": "",
        "建筑年代": "",
        "具体经度": 112.9662,
        "纬度": 28.181,
        "坐标状态": "已定位",
        "资料来源": "长沙市各级文物保护单位公开列表",
        "资料来源URL": "",
        "数据状态": "名称和片区已核验，坐标为片区级定位",
        "备注": "",
        "名称": "妙高峰禹王碑",
        "来源图层": "历史文化建筑在册全覆盖名录_市级",
        "来源文件": "历史步道.gdb",
        "数据来源": "H:\\26.5长沙历史步道专项规划\\ArcGISPro历史步道\\历史步道\\历史步道.gdb",
        "坐标系统": "EPSG:4326",
        "几何类型": "Point",
        "GIS分类": "历史文化建筑在册全覆盖名录",
        "分级筛选": "市级",
        "可视化状态": "已定位"
      },
      "geometry": {
        "type": "Point",
        "coordinates": [
          112.96620000000007,
          28.18100000000004
        ]
      }
    },
    {
      "type": "Feature",
      "id": "heritage-registry:市级:33",
      "properties": {
        "标准名称": "火宫殿",
        "分类类别": "历史建筑",
        "单位等级层级": "市级",
        "所在区县": "天心区",
        "在册体系": "各级文物保护单位/历史文化遗址点位库",
        "批次": "既有点位库",
        "在册编号": "",
        "地址或位置": "",
        "建筑年代": "",
        "具体经度": 112.9731,
        "纬度": 28.1949,
        "坐标状态": "已定位",
        "资料来源": "长沙历史建筑与街区公开资料",
        "资料来源URL": "",
        "数据状态": "名称和区位已核验，历史建筑批次需继续核对",
        "备注": "",
        "名称": "火宫殿",
        "来源图层": "历史文化建筑在册全覆盖名录_市级",
        "来源文件": "历史步道.gdb",
        "数据来源": "H:\\26.5长沙历史步道专项规划\\ArcGISPro历史步道\\历史步道\\历史步道.gdb",
        "坐标系统": "EPSG:4326",
        "几何类型": "Point",
        "GIS分类": "历史文化建筑在册全覆盖名录",
        "分级筛选": "市级",
        "可视化状态": "已定位"
      },
      "geometry": {
        "type": "Point",
        "coordinates": [
          112.97310000000004,
          28.194900000000075
        ]
      }
    },
    {
      "type": "Feature",
      "id": "heritage-registry:市级:34",
      "properties": {
        "标准名称": "太平街历史文化街区",
        "分类类别": "历史文化遗址",
        "单位等级层级": "市级",
        "所在区县": "天心区",
        "在册体系": "各级文物保护单位/历史文化遗址点位库",
        "批次": "既有点位库",
        "在册编号": "",
        "地址或位置": "",
        "建筑年代": "",
        "具体经度": 112.9724,
        "纬度": 28.1982,
        "坐标状态": "已定位",
        "资料来源": "长沙历史文化名城保护资料",
        "资料来源URL": "",
        "数据状态": "街区级对象，坐标取街区中心",
        "备注": "",
        "名称": "太平街历史文化街区",
        "来源图层": "历史文化建筑在册全覆盖名录_市级",
        "来源文件": "历史步道.gdb",
        "数据来源": "H:\\26.5长沙历史步道专项规划\\ArcGISPro历史步道\\历史步道\\历史步道.gdb",
        "坐标系统": "EPSG:4326",
        "几何类型": "Point",
        "GIS分类": "历史文化建筑在册全覆盖名录",
        "分级筛选": "市级",
        "可视化状态": "已定位"
      },
      "geometry": {
        "type": "Point",
        "coordinates": [
          112.9724000000001,
          28.198200000000043
        ]
      }
    },
    {
      "type": "Feature",
      "id": "heritage-registry:市级:35",
      "properties": {
        "标准名称": "坡子街历史街巷",
        "分类类别": "历史文化遗址",
        "单位等级层级": "市级",
        "所在区县": "天心区",
        "在册体系": "各级文物保护单位/历史文化遗址点位库",
        "批次": "既有点位库",
        "在册编号": "",
        "地址或位置": "",
        "建筑年代": "",
        "具体经度": 112.9746,
        "纬度": 28.1953,
        "坐标状态": "已定位",
        "资料来源": "长沙历史文化名城保护资料",
        "资料来源URL": "",
        "数据状态": "街巷级对象，坐标取街巷中心",
        "备注": "",
        "名称": "坡子街历史街巷",
        "来源图层": "历史文化建筑在册全覆盖名录_市级",
        "来源文件": "历史步道.gdb",
        "数据来源": "H:\\26.5长沙历史步道专项规划\\ArcGISPro历史步道\\历史步道\\历史步道.gdb",
        "坐标系统": "EPSG:4326",
        "几何类型": "Point",
        "GIS分类": "历史文化建筑在册全覆盖名录",
        "分级筛选": "市级",
        "可视化状态": "已定位"
      },
      "geometry": {
        "type": "Point",
        "coordinates": [
          112.97460000000001,
          28.19530000000003
        ]
      }
    },
    {
      "type": "Feature",
      "id": "heritage-registry:市级:36",
      "properties": {
        "标准名称": "南门口历史门户",
        "分类类别": "历史文化遗址",
        "单位等级层级": "市级",
        "所在区县": "天心区",
        "在册体系": "各级文物保护单位/历史文化遗址点位库",
        "批次": "既有点位库",
        "在册编号": "",
        "地址或位置": "",
        "建筑年代": "",
        "具体经度": 112.9765,
        "纬度": 28.1894,
        "坐标状态": "已定位",
        "资料来源": "长沙古城历史街巷公开资料",
        "资料来源URL": "",
        "数据状态": "街区门户节点，坐标取路口中心",
        "备注": "",
        "名称": "南门口历史门户",
        "来源图层": "历史文化建筑在册全覆盖名录_市级",
        "来源文件": "历史步道.gdb",
        "数据来源": "H:\\26.5长沙历史步道专项规划\\ArcGISPro历史步道\\历史步道\\历史步道.gdb",
        "坐标系统": "EPSG:4326",
        "几何类型": "Point",
        "GIS分类": "历史文化建筑在册全覆盖名录",
        "分级筛选": "市级",
        "可视化状态": "已定位"
      },
      "geometry": {
        "type": "Point",
        "coordinates": [
          112.9765000000001,
          28.189400000000035
        ]
      }
    },
    {
      "type": "Feature",
      "id": "heritage-registry:市级:37",
      "properties": {
        "标准名称": "化龙池历史街巷",
        "分类类别": "历史文化遗址",
        "单位等级层级": "市级",
        "所在区县": "天心区",
        "在册体系": "各级文物保护单位/历史文化遗址点位库",
        "批次": "既有点位库",
        "在册编号": "",
        "地址或位置": "",
        "建筑年代": "",
        "具体经度": 112.9772,
        "纬度": 28.1934,
        "坐标状态": "已定位",
        "资料来源": "长沙历史文化名城保护资料",
        "资料来源URL": "",
        "数据状态": "街巷级对象，坐标取街巷中心",
        "备注": "",
        "名称": "化龙池历史街巷",
        "来源图层": "历史文化建筑在册全覆盖名录_市级",
        "来源文件": "历史步道.gdb",
        "数据来源": "H:\\26.5长沙历史步道专项规划\\ArcGISPro历史步道\\历史步道\\历史步道.gdb",
        "坐标系统": "EPSG:4326",
        "几何类型": "Point",
        "GIS分类": "历史文化建筑在册全覆盖名录",
        "分级筛选": "市级",
        "可视化状态": "已定位"
      },
      "geometry": {
        "type": "Point",
        "coordinates": [
          112.97720000000004,
          28.193400000000054
        ]
      }
    },
    {
      "type": "Feature",
      "id": "heritage-registry:市级:38",
      "properties": {
        "标准名称": "古开福寺山门及周边古建筑",
        "分类类别": "文物保护单位",
        "单位等级层级": "市级",
        "所在区县": "开福区",
        "在册体系": "各级文物保护单位/历史文化遗址点位库",
        "批次": "既有点位库",
        "在册编号": "",
        "地址或位置": "",
        "建筑年代": "",
        "具体经度": 112.9726,
        "纬度": 28.2282,
        "坐标状态": "已定位",
        "资料来源": "开福区各级文物保护单位公开列表",
        "资料来源URL": "",
        "数据状态": "名称和空间关系已核验，需与开福寺本体边界区分",
        "备注": "",
        "名称": "古开福寺山门及周边古建筑",
        "来源图层": "历史文化建筑在册全覆盖名录_市级",
        "来源文件": "历史步道.gdb",
        "数据来源": "H:\\26.5长沙历史步道专项规划\\ArcGISPro历史步道\\历史步道\\历史步道.gdb",
        "坐标系统": "EPSG:4326",
        "几何类型": "Point",
        "GIS分类": "历史文化建筑在册全覆盖名录",
        "分级筛选": "市级",
        "可视化状态": "已定位"
      },
      "geometry": {
        "type": "Point",
        "coordinates": [
          112.97260000000006,
          28.228200000000072
        ]
      }
    },
    {
      "type": "Feature",
      "id": "heritage-registry:市级:39",
      "properties": {
        "标准名称": "湖南烈士公园纪念塔",
        "分类类别": "文物保护单位",
        "单位等级层级": "市级",
        "所在区县": "开福区",
        "在册体系": "各级文物保护单位/历史文化遗址点位库",
        "批次": "既有点位库",
        "在册编号": "",
        "地址或位置": "",
        "建筑年代": "",
        "具体经度": 112.9896,
        "纬度": 28.2096,
        "坐标状态": "已定位",
        "资料来源": "长沙市各级文物保护单位与红色遗址资料",
        "资料来源URL": "",
        "数据状态": "名称和区位已核验，坐标为公园内纪念区定位",
        "备注": "",
        "名称": "湖南烈士公园纪念塔",
        "来源图层": "历史文化建筑在册全覆盖名录_市级",
        "来源文件": "历史步道.gdb",
        "数据来源": "H:\\26.5长沙历史步道专项规划\\ArcGISPro历史步道\\历史步道\\历史步道.gdb",
        "坐标系统": "EPSG:4326",
        "几何类型": "Point",
        "GIS分类": "历史文化建筑在册全覆盖名录",
        "分级筛选": "市级",
        "可视化状态": "已定位"
      },
      "geometry": {
        "type": "Point",
        "coordinates": [
          112.98960000000011,
          28.209600000000023
        ]
      }
    },
    {
      "type": "Feature",
      "id": "heritage-registry:省级:40",
      "properties": {
        "标准名称": "船山学社旧址",
        "分类类别": "文物保护单位",
        "单位等级层级": "省级",
        "所在区县": "开福区",
        "在册体系": "各级文物保护单位/历史文化遗址点位库",
        "批次": "既有点位库",
        "在册编号": "",
        "地址或位置": "",
        "建筑年代": "",
        "具体经度": 112.9835,
        "纬度": 28.2012,
        "坐标状态": "已定位",
        "资料来源": "湖南省各级文物保护单位公开资料",
        "资料来源URL": "",
        "数据状态": "等级和名称已核验，坐标需二次复核",
        "备注": "",
        "名称": "船山学社旧址",
        "来源图层": "历史文化建筑在册全覆盖名录_省级",
        "来源文件": "历史步道.gdb",
        "数据来源": "H:\\26.5长沙历史步道专项规划\\ArcGISPro历史步道\\历史步道\\历史步道.gdb",
        "坐标系统": "EPSG:4326",
        "几何类型": "Point",
        "GIS分类": "历史文化建筑在册全覆盖名录",
        "分级筛选": "省级",
        "可视化状态": "已定位"
      },
      "geometry": {
        "type": "Point",
        "coordinates": [
          112.98350000000005,
          28.20120000000003
        ]
      }
    },
    {
      "type": "Feature",
      "id": "heritage-registry:省级:41",
      "properties": {
        "标准名称": "毛泽东杨开慧故居旧址清水塘",
        "分类类别": "文物保护单位",
        "单位等级层级": "省级",
        "所在区县": "开福区",
        "在册体系": "各级文物保护单位/历史文化遗址点位库",
        "批次": "既有点位库",
        "在册编号": "",
        "地址或位置": "",
        "建筑年代": "",
        "具体经度": 112.9861,
        "纬度": 28.202,
        "坐标状态": "已定位",
        "资料来源": "湖南省自然资源厅省级文物保护单位红色遗址表",
        "资料来源URL": "",
        "数据状态": "与中共湘区委员会旧址空间相邻，坐标为片区级定位",
        "备注": "",
        "名称": "毛泽东杨开慧故居旧址清水塘",
        "来源图层": "历史文化建筑在册全覆盖名录_省级",
        "来源文件": "历史步道.gdb",
        "数据来源": "H:\\26.5长沙历史步道专项规划\\ArcGISPro历史步道\\历史步道\\历史步道.gdb",
        "坐标系统": "EPSG:4326",
        "几何类型": "Point",
        "GIS分类": "历史文化建筑在册全覆盖名录",
        "分级筛选": "省级",
        "可视化状态": "已定位"
      },
      "geometry": {
        "type": "Point",
        "coordinates": [
          112.98610000000008,
          28.202000000000055
        ]
      }
    },
    {
      "type": "Feature",
      "id": "heritage-registry:市级:42",
      "properties": {
        "标准名称": "北正街基督教堂",
        "分类类别": "历史建筑",
        "单位等级层级": "市级",
        "所在区县": "开福区",
        "在册体系": "各级文物保护单位/历史文化遗址点位库",
        "批次": "既有点位库",
        "在册编号": "",
        "地址或位置": "",
        "建筑年代": "",
        "具体经度": 112.9791,
        "纬度": 28.2047,
        "坐标状态": "已定位",
        "资料来源": "长沙历史建筑与街区公开资料",
        "资料来源URL": "",
        "数据状态": "名称和片区已核验，历史建筑批次需继续核对",
        "备注": "",
        "名称": "北正街基督教堂",
        "来源图层": "历史文化建筑在册全覆盖名录_市级",
        "来源文件": "历史步道.gdb",
        "数据来源": "H:\\26.5长沙历史步道专项规划\\ArcGISPro历史步道\\历史步道\\历史步道.gdb",
        "坐标系统": "EPSG:4326",
        "几何类型": "Point",
        "GIS分类": "历史文化建筑在册全覆盖名录",
        "分级筛选": "市级",
        "可视化状态": "已定位"
      },
      "geometry": {
        "type": "Point",
        "coordinates": [
          112.97910000000002,
          28.20470000000006
        ]
      }
    },
    {
      "type": "Feature",
      "id": "heritage-registry:市级:43",
      "properties": {
        "标准名称": "潮宗街历史文化街区",
        "分类类别": "历史文化遗址",
        "单位等级层级": "市级",
        "所在区县": "开福区",
        "在册体系": "各级文物保护单位/历史文化遗址点位库",
        "批次": "既有点位库",
        "在册编号": "",
        "地址或位置": "",
        "建筑年代": "",
        "具体经度": 112.9764,
        "纬度": 28.2045,
        "坐标状态": "已定位",
        "资料来源": "长沙历史文化名城保护资料",
        "资料来源URL": "",
        "数据状态": "街区级对象，坐标取街区中心",
        "备注": "",
        "名称": "潮宗街历史文化街区",
        "来源图层": "历史文化建筑在册全覆盖名录_市级",
        "来源文件": "历史步道.gdb",
        "数据来源": "H:\\26.5长沙历史步道专项规划\\ArcGISPro历史步道\\历史步道\\历史步道.gdb",
        "坐标系统": "EPSG:4326",
        "几何类型": "Point",
        "GIS分类": "历史文化建筑在册全覆盖名录",
        "分级筛选": "市级",
        "可视化状态": "已定位"
      },
      "geometry": {
        "type": "Point",
        "coordinates": [
          112.96869063800011,
          28.20504711600006
        ]
      }
    },
    {
      "type": "Feature",
      "id": "heritage-registry:市级:44",
      "properties": {
        "标准名称": "北正街历史街巷",
        "分类类别": "历史文化遗址",
        "单位等级层级": "市级",
        "所在区县": "开福区",
        "在册体系": "各级文物保护单位/历史文化遗址点位库",
        "批次": "既有点位库",
        "在册编号": "",
        "地址或位置": "",
        "建筑年代": "",
        "具体经度": 112.979,
        "纬度": 28.2055,
        "坐标状态": "已定位",
        "资料来源": "长沙历史文化名城保护资料",
        "资料来源URL": "",
        "数据状态": "街巷级对象，坐标取街巷中心",
        "备注": "",
        "名称": "北正街历史街巷",
        "来源图层": "历史文化建筑在册全覆盖名录_市级",
        "来源文件": "历史步道.gdb",
        "数据来源": "H:\\26.5长沙历史步道专项规划\\ArcGISPro历史步道\\历史步道\\历史步道.gdb",
        "坐标系统": "EPSG:4326",
        "几何类型": "Point",
        "GIS分类": "历史文化建筑在册全覆盖名录",
        "分级筛选": "市级",
        "可视化状态": "已定位"
      },
      "geometry": {
        "type": "Point",
        "coordinates": [
          112.97900000000004,
          28.20550000000003
        ]
      }
    },
    {
      "type": "Feature",
      "id": "heritage-registry:省级:45",
      "properties": {
        "标准名称": "曾国藩墓",
        "分类类别": "文物保护单位",
        "单位等级层级": "省级",
        "所在区县": "岳麓区",
        "在册体系": "各级文物保护单位/历史文化遗址点位库",
        "批次": "既有点位库",
        "在册编号": "",
        "地址或位置": "",
        "建筑年代": "",
        "具体经度": 112.871,
        "纬度": 28.096,
        "坐标状态": "已定位",
        "资料来源": "岳麓区各级文物保护单位公开列表",
        "资料来源URL": "",
        "数据状态": "名称和片区已核验，坐标为第一版核验值",
        "备注": "",
        "名称": "曾国藩墓",
        "来源图层": "历史文化建筑在册全覆盖名录_省级",
        "来源文件": "历史步道.gdb",
        "数据来源": "H:\\26.5长沙历史步道专项规划\\ArcGISPro历史步道\\历史步道\\历史步道.gdb",
        "坐标系统": "EPSG:4326",
        "几何类型": "Point",
        "GIS分类": "历史文化建筑在册全覆盖名录",
        "分级筛选": "省级",
        "可视化状态": "已定位"
      },
      "geometry": {
        "type": "Point",
        "coordinates": [
          112.8710000000001,
          28.09600000000006
        ]
      }
    },
    {
      "type": "Feature",
      "id": "heritage-registry:省级:46",
      "properties": {
        "标准名称": "禹之谟墓",
        "分类类别": "文物保护单位",
        "单位等级层级": "省级",
        "所在区县": "岳麓区",
        "在册体系": "各级文物保护单位/历史文化遗址点位库",
        "批次": "既有点位库",
        "在册编号": "",
        "地址或位置": "",
        "建筑年代": "",
        "具体经度": 112.9273,
        "纬度": 28.1848,
        "坐标状态": "已定位",
        "资料来源": "岳麓区各级文物保护单位公开列表",
        "资料来源URL": "",
        "数据状态": "名称和片区已核验，坐标为山体片区定位",
        "备注": "",
        "名称": "禹之谟墓",
        "来源图层": "历史文化建筑在册全覆盖名录_省级",
        "来源文件": "历史步道.gdb",
        "数据来源": "H:\\26.5长沙历史步道专项规划\\ArcGISPro历史步道\\历史步道\\历史步道.gdb",
        "坐标系统": "EPSG:4326",
        "几何类型": "Point",
        "GIS分类": "历史文化建筑在册全覆盖名录",
        "分级筛选": "省级",
        "可视化状态": "已定位"
      },
      "geometry": {
        "type": "Point",
        "coordinates": [
          112.92730000000006,
          28.184800000000052
        ]
      }
    },
    {
      "type": "Feature",
      "id": "heritage-registry:省级:47",
      "properties": {
        "标准名称": "麓山寺",
        "分类类别": "文物保护单位",
        "单位等级层级": "省级",
        "所在区县": "岳麓区",
        "在册体系": "各级文物保护单位/历史文化遗址点位库",
        "批次": "既有点位库",
        "在册编号": "",
        "地址或位置": "",
        "建筑年代": "",
        "具体经度": 112.9335,
        "纬度": 28.1832,
        "坐标状态": "已定位",
        "资料来源": "岳麓区各级文物保护单位公开列表",
        "资料来源URL": "",
        "数据状态": "名称和景区位置已核验，坐标为寺院中心定位",
        "备注": "",
        "名称": "麓山寺",
        "来源图层": "历史文化建筑在册全覆盖名录_省级",
        "来源文件": "历史步道.gdb",
        "数据来源": "H:\\26.5长沙历史步道专项规划\\ArcGISPro历史步道\\历史步道\\历史步道.gdb",
        "坐标系统": "EPSG:4326",
        "几何类型": "Point",
        "GIS分类": "历史文化建筑在册全覆盖名录",
        "分级筛选": "省级",
        "可视化状态": "已定位"
      },
      "geometry": {
        "type": "Point",
        "coordinates": [
          112.9335000000001,
          28.183200000000056
        ]
      }
    },
    {
      "type": "Feature",
      "id": "heritage-registry:省级:48",
      "properties": {
        "标准名称": "云麓宫",
        "分类类别": "文物保护单位",
        "单位等级层级": "省级",
        "所在区县": "岳麓区",
        "在册体系": "各级文物保护单位/历史文化遗址点位库",
        "批次": "既有点位库",
        "在册编号": "",
        "地址或位置": "",
        "建筑年代": "",
        "具体经度": 112.9309,
        "纬度": 28.1874,
        "坐标状态": "已定位",
        "资料来源": "岳麓区各级文物保护单位公开列表",
        "资料来源URL": "",
        "数据状态": "名称和景区位置已核验，坐标为宫观中心定位",
        "备注": "",
        "名称": "云麓宫",
        "来源图层": "历史文化建筑在册全覆盖名录_省级",
        "来源文件": "历史步道.gdb",
        "数据来源": "H:\\26.5长沙历史步道专项规划\\ArcGISPro历史步道\\历史步道\\历史步道.gdb",
        "坐标系统": "EPSG:4326",
        "几何类型": "Point",
        "GIS分类": "历史文化建筑在册全覆盖名录",
        "分级筛选": "省级",
        "可视化状态": "已定位"
      },
      "geometry": {
        "type": "Point",
        "coordinates": [
          112.93090000000007,
          28.187400000000025
        ]
      }
    },
    {
      "type": "Feature",
      "id": "heritage-registry:省级:49",
      "properties": {
        "标准名称": "肖劲光故居",
        "分类类别": "文物保护单位",
        "单位等级层级": "省级",
        "所在区县": "岳麓区",
        "在册体系": "各级文物保护单位/历史文化遗址点位库",
        "批次": "既有点位库",
        "在册编号": "",
        "地址或位置": "",
        "建筑年代": "",
        "具体经度": 112.938,
        "纬度": 28.207,
        "坐标状态": "已定位",
        "资料来源": "湖南省自然资源厅省级文保红色遗址表",
        "资料来源URL": "",
        "数据状态": "等级与人物关系已核验，坐标为片区级定位",
        "备注": "",
        "名称": "肖劲光故居",
        "来源图层": "历史文化建筑在册全覆盖名录_省级",
        "来源文件": "历史步道.gdb",
        "数据来源": "H:\\26.5长沙历史步道专项规划\\ArcGISPro历史步道\\历史步道\\历史步道.gdb",
        "坐标系统": "EPSG:4326",
        "几何类型": "Point",
        "GIS分类": "历史文化建筑在册全覆盖名录",
        "分级筛选": "省级",
        "可视化状态": "已定位"
      },
      "geometry": {
        "type": "Point",
        "coordinates": [
          112.9380000000001,
          28.20700000000005
        ]
      }
    },
    {
      "type": "Feature",
      "id": "heritage-registry:省级:50",
      "properties": {
        "标准名称": "七十三军抗战阵亡将士公墓",
        "分类类别": "文物保护单位",
        "单位等级层级": "省级",
        "所在区县": "岳麓区",
        "在册体系": "各级文物保护单位/历史文化遗址点位库",
        "批次": "既有点位库",
        "在册编号": "",
        "地址或位置": "",
        "建筑年代": "",
        "具体经度": 112.9285,
        "纬度": 28.1857,
        "坐标状态": "已定位",
        "资料来源": "岳麓区各级文物保护单位公开列表",
        "资料来源URL": "",
        "数据状态": "名称和片区已核验，坐标为墓园片区定位",
        "备注": "",
        "名称": "七十三军抗战阵亡将士公墓",
        "来源图层": "历史文化建筑在册全覆盖名录_省级",
        "来源文件": "历史步道.gdb",
        "数据来源": "H:\\26.5长沙历史步道专项规划\\ArcGISPro历史步道\\历史步道\\历史步道.gdb",
        "坐标系统": "EPSG:4326",
        "几何类型": "Point",
        "GIS分类": "历史文化建筑在册全覆盖名录",
        "分级筛选": "省级",
        "可视化状态": "已定位"
      },
      "geometry": {
        "type": "Point",
        "coordinates": [
          112.9285000000001,
          28.185700000000054
        ]
      }
    },
    {
      "type": "Feature",
      "id": "heritage-registry:市级:51",
      "properties": {
        "标准名称": "湖南师范大学早期建筑",
        "分类类别": "历史建筑",
        "单位等级层级": "市级",
        "所在区县": "岳麓区",
        "在册体系": "各级文物保护单位/历史文化遗址点位库",
        "批次": "既有点位库",
        "在册编号": "",
        "地址或位置": "",
        "建筑年代": "",
        "具体经度": 112.9424,
        "纬度": 28.1867,
        "坐标状态": "已定位",
        "资料来源": "长沙历史建筑批次公开资料",
        "资料来源URL": "",
        "数据状态": "名称和校园片区已核验，坐标为建筑群中心",
        "备注": "",
        "名称": "湖南师范大学早期建筑",
        "来源图层": "历史文化建筑在册全覆盖名录_市级",
        "来源文件": "历史步道.gdb",
        "数据来源": "H:\\26.5长沙历史步道专项规划\\ArcGISPro历史步道\\历史步道\\历史步道.gdb",
        "坐标系统": "EPSG:4326",
        "几何类型": "Point",
        "GIS分类": "历史文化建筑在册全覆盖名录",
        "分级筛选": "市级",
        "可视化状态": "已定位"
      },
      "geometry": {
        "type": "Point",
        "coordinates": [
          112.94240000000002,
          28.18670000000003
        ]
      }
    },
    {
      "type": "Feature",
      "id": "heritage-registry:市级:52",
      "properties": {
        "标准名称": "中南大学苏联专家公寓",
        "分类类别": "历史建筑",
        "单位等级层级": "市级",
        "所在区县": "岳麓区",
        "在册体系": "各级文物保护单位/历史文化遗址点位库",
        "批次": "既有点位库",
        "在册编号": "",
        "地址或位置": "",
        "建筑年代": "",
        "具体经度": 112.933,
        "纬度": 28.1715,
        "坐标状态": "已定位",
        "资料来源": "长沙第三批历史建筑名单",
        "资料来源URL": "",
        "数据状态": "第三批历史建筑已核验，坐标为校园片区定位",
        "备注": "",
        "名称": "中南大学苏联专家公寓",
        "来源图层": "历史文化建筑在册全覆盖名录_市级",
        "来源文件": "历史步道.gdb",
        "数据来源": "H:\\26.5长沙历史步道专项规划\\ArcGISPro历史步道\\历史步道\\历史步道.gdb",
        "坐标系统": "EPSG:4326",
        "几何类型": "Point",
        "GIS分类": "历史文化建筑在册全覆盖名录",
        "分级筛选": "市级",
        "可视化状态": "已定位"
      },
      "geometry": {
        "type": "Point",
        "coordinates": [
          112.9330000000001,
          28.171500000000037
        ]
      }
    },
    {
      "type": "Feature",
      "id": "heritage-registry:市级:53",
      "properties": {
        "标准名称": "中南大学教学办公建筑群",
        "分类类别": "历史建筑",
        "单位等级层级": "市级",
        "所在区县": "岳麓区",
        "在册体系": "各级文物保护单位/历史文化遗址点位库",
        "批次": "既有点位库",
        "在册编号": "",
        "地址或位置": "",
        "建筑年代": "",
        "具体经度": 112.9341,
        "纬度": 28.1706,
        "坐标状态": "已定位",
        "资料来源": "长沙第三批历史建筑名单",
        "资料来源URL": "",
        "数据状态": "第三批历史建筑已核验，坐标为校园片区定位",
        "备注": "",
        "名称": "中南大学教学办公建筑群",
        "来源图层": "历史文化建筑在册全覆盖名录_市级",
        "来源文件": "历史步道.gdb",
        "数据来源": "H:\\26.5长沙历史步道专项规划\\ArcGISPro历史步道\\历史步道\\历史步道.gdb",
        "坐标系统": "EPSG:4326",
        "几何类型": "Point",
        "GIS分类": "历史文化建筑在册全覆盖名录",
        "分级筛选": "市级",
        "可视化状态": "已定位"
      },
      "geometry": {
        "type": "Point",
        "coordinates": [
          112.93410000000006,
          28.170600000000036
        ]
      }
    },
    {
      "type": "Feature",
      "id": "heritage-registry:市级:54",
      "properties": {
        "标准名称": "长沙锌厂",
        "分类类别": "历史建筑",
        "单位等级层级": "市级",
        "所在区县": "岳麓区",
        "在册体系": "各级文物保护单位/历史文化遗址点位库",
        "批次": "既有点位库",
        "在册编号": "",
        "地址或位置": "",
        "建筑年代": "",
        "具体经度": 112.941,
        "纬度": 28.244,
        "坐标状态": "已定位",
        "资料来源": "长沙第三批历史建筑名单",
        "资料来源URL": "",
        "数据状态": "第三批历史建筑已核验，坐标为片区级定位",
        "备注": "",
        "名称": "长沙锌厂",
        "来源图层": "历史文化建筑在册全覆盖名录_市级",
        "来源文件": "历史步道.gdb",
        "数据来源": "H:\\26.5长沙历史步道专项规划\\ArcGISPro历史步道\\历史步道\\历史步道.gdb",
        "坐标系统": "EPSG:4326",
        "几何类型": "Point",
        "GIS分类": "历史文化建筑在册全覆盖名录",
        "分级筛选": "市级",
        "可视化状态": "已定位"
      },
      "geometry": {
        "type": "Point",
        "coordinates": [
          112.94100000000003,
          28.244000000000028
        ]
      }
    },
    {
      "type": "Feature",
      "id": "heritage-registry:市级:55",
      "properties": {
        "标准名称": "潇湘路水泵站房",
        "分类类别": "历史建筑",
        "单位等级层级": "市级",
        "所在区县": "岳麓区",
        "在册体系": "各级文物保护单位/历史文化遗址点位库",
        "批次": "既有点位库",
        "在册编号": "",
        "地址或位置": "",
        "建筑年代": "",
        "具体经度": 112.953,
        "纬度": 28.177,
        "坐标状态": "已定位",
        "资料来源": "长沙第三批历史建筑名单",
        "资料来源URL": "",
        "数据状态": "第三批历史建筑已核验，坐标为道路沿线定位",
        "备注": "",
        "名称": "潇湘路水泵站房",
        "来源图层": "历史文化建筑在册全覆盖名录_市级",
        "来源文件": "历史步道.gdb",
        "数据来源": "H:\\26.5长沙历史步道专项规划\\ArcGISPro历史步道\\历史步道\\历史步道.gdb",
        "坐标系统": "EPSG:4326",
        "几何类型": "Point",
        "GIS分类": "历史文化建筑在册全覆盖名录",
        "分级筛选": "市级",
        "可视化状态": "已定位"
      },
      "geometry": {
        "type": "Point",
        "coordinates": [
          112.95300000000009,
          28.177000000000078
        ]
      }
    },
    {
      "type": "Feature",
      "id": "heritage-registry:市级:56",
      "properties": {
        "标准名称": "长沙机床厂",
        "分类类别": "历史建筑",
        "单位等级层级": "市级",
        "所在区县": "天心区",
        "在册体系": "各级文物保护单位/历史文化遗址点位库",
        "批次": "既有点位库",
        "在册编号": "",
        "地址或位置": "",
        "建筑年代": "",
        "具体经度": 112.976,
        "纬度": 28.176,
        "坐标状态": "已定位",
        "资料来源": "长沙第三批历史建筑名单",
        "资料来源URL": "",
        "数据状态": "第三批历史建筑已核验，坐标为片区级定位",
        "备注": "",
        "名称": "长沙机床厂",
        "来源图层": "历史文化建筑在册全覆盖名录_市级",
        "来源文件": "历史步道.gdb",
        "数据来源": "H:\\26.5长沙历史步道专项规划\\ArcGISPro历史步道\\历史步道\\历史步道.gdb",
        "坐标系统": "EPSG:4326",
        "几何类型": "Point",
        "GIS分类": "历史文化建筑在册全覆盖名录",
        "分级筛选": "市级",
        "可视化状态": "已定位"
      },
      "geometry": {
        "type": "Point",
        "coordinates": [
          112.97600000000011,
          28.176000000000045
        ]
      }
    },
    {
      "type": "Feature",
      "id": "heritage-registry:市级:57",
      "properties": {
        "标准名称": "长沙肉类联合加工厂",
        "分类类别": "历史建筑",
        "单位等级层级": "市级",
        "所在区县": "雨花区",
        "在册体系": "各级文物保护单位/历史文化遗址点位库",
        "批次": "既有点位库",
        "在册编号": "",
        "地址或位置": "",
        "建筑年代": "",
        "具体经度": 113.016,
        "纬度": 28.151,
        "坐标状态": "已定位",
        "资料来源": "长沙第三批历史建筑名单",
        "资料来源URL": "",
        "数据状态": "第三批历史建筑已核验，坐标为片区级定位",
        "备注": "",
        "名称": "长沙肉类联合加工厂",
        "来源图层": "历史文化建筑在册全覆盖名录_市级",
        "来源文件": "历史步道.gdb",
        "数据来源": "H:\\26.5长沙历史步道专项规划\\ArcGISPro历史步道\\历史步道\\历史步道.gdb",
        "坐标系统": "EPSG:4326",
        "几何类型": "Point",
        "GIS分类": "历史文化建筑在册全覆盖名录",
        "分级筛选": "市级",
        "可视化状态": "已定位"
      },
      "geometry": {
        "type": "Point",
        "coordinates": [
          113.01600000000008,
          28.151000000000067
        ]
      }
    },
    {
      "type": "Feature",
      "id": "heritage-registry:省级:58",
      "properties": {
        "标准名称": "左宗棠墓",
        "分类类别": "文物保护单位",
        "单位等级层级": "省级",
        "所在区县": "雨花区",
        "在册体系": "各级文物保护单位/历史文化遗址点位库",
        "批次": "既有点位库",
        "在册编号": "",
        "地址或位置": "",
        "建筑年代": "",
        "具体经度": 113.088,
        "纬度": 28.056,
        "坐标状态": "已定位",
        "资料来源": "雨花区各级文物保护单位公开列表",
        "资料来源URL": "",
        "数据状态": "名称和片区已核验，坐标为第一版核验值",
        "备注": "",
        "名称": "左宗棠墓",
        "来源图层": "历史文化建筑在册全覆盖名录_省级",
        "来源文件": "历史步道.gdb",
        "数据来源": "H:\\26.5长沙历史步道专项规划\\ArcGISPro历史步道\\历史步道\\历史步道.gdb",
        "坐标系统": "EPSG:4326",
        "几何类型": "Point",
        "GIS分类": "历史文化建筑在册全覆盖名录",
        "分级筛选": "省级",
        "可视化状态": "已定位"
      },
      "geometry": {
        "type": "Point",
        "coordinates": [
          113.08800000000008,
          28.05600000000004
        ]
      }
    },
    {
      "type": "Feature",
      "id": "heritage-registry:市级:59",
      "properties": {
        "标准名称": "陈明仁公馆",
        "分类类别": "文物保护单位",
        "单位等级层级": "市级",
        "所在区县": "雨花区",
        "在册体系": "各级文物保护单位/历史文化遗址点位库",
        "批次": "既有点位库",
        "在册编号": "",
        "地址或位置": "",
        "建筑年代": "",
        "具体经度": 113.001,
        "纬度": 28.162,
        "坐标状态": "已定位",
        "资料来源": "长沙市各级文物保护单位公开列表",
        "资料来源URL": "",
        "数据状态": "名称已核验，坐标需二次复核",
        "备注": "",
        "名称": "陈明仁公馆",
        "来源图层": "历史文化建筑在册全覆盖名录_市级",
        "来源文件": "历史步道.gdb",
        "数据来源": "H:\\26.5长沙历史步道专项规划\\ArcGISPro历史步道\\历史步道\\历史步道.gdb",
        "坐标系统": "EPSG:4326",
        "几何类型": "Point",
        "GIS分类": "历史文化建筑在册全覆盖名录",
        "分级筛选": "市级",
        "可视化状态": "已定位"
      },
      "geometry": {
        "type": "Point",
        "coordinates": [
          113.00100000000009,
          28.162000000000035
        ]
      }
    },
    {
      "type": "Feature",
      "id": "heritage-registry:市级:60",
      "properties": {
        "标准名称": "湖南省森林植物园抗战遗址",
        "分类类别": "历史文化遗址",
        "单位等级层级": "市级",
        "所在区县": "雨花区",
        "在册体系": "各级文物保护单位/历史文化遗址点位库",
        "批次": "既有点位库",
        "在册编号": "",
        "地址或位置": "",
        "建筑年代": "",
        "具体经度": 113.038,
        "纬度": 28.092,
        "坐标状态": "已定位",
        "资料来源": "雨花区历史文化与抗战遗址公开资料",
        "资料来源URL": "",
        "数据状态": "名称和片区已核验，坐标为园区级定位",
        "备注": "",
        "名称": "湖南省森林植物园抗战遗址",
        "来源图层": "历史文化建筑在册全覆盖名录_市级",
        "来源文件": "历史步道.gdb",
        "数据来源": "H:\\26.5长沙历史步道专项规划\\ArcGISPro历史步道\\历史步道\\历史步道.gdb",
        "坐标系统": "EPSG:4326",
        "几何类型": "Point",
        "GIS分类": "历史文化建筑在册全覆盖名录",
        "分级筛选": "市级",
        "可视化状态": "已定位"
      },
      "geometry": {
        "type": "Point",
        "coordinates": [
          113.03800000000001,
          28.09200000000004
        ]
      }
    },
    {
      "type": "Feature",
      "id": "heritage-registry:县级:61",
      "properties": {
        "标准名称": "欧阳询文化园遗址",
        "分类类别": "历史文化遗址",
        "单位等级层级": "区级",
        "所在区县": "望城区",
        "在册体系": "各级文物保护单位/历史文化遗址点位库",
        "批次": "既有点位库",
        "在册编号": "",
        "地址或位置": "",
        "建筑年代": "",
        "具体经度": 112.809,
        "纬度": 28.356,
        "坐标状态": "已定位",
        "资料来源": "望城区历史文化资源公开资料",
        "资料来源URL": "",
        "数据状态": "区位已核验，坐标为景区级定位",
        "备注": "",
        "名称": "欧阳询文化园遗址",
        "来源图层": "历史文化建筑在册全覆盖名录_县级",
        "来源文件": "历史步道.gdb",
        "数据来源": "H:\\26.5长沙历史步道专项规划\\ArcGISPro历史步道\\历史步道\\历史步道.gdb",
        "坐标系统": "EPSG:4326",
        "几何类型": "Point",
        "GIS分类": "历史文化建筑在册全覆盖名录",
        "分级筛选": "县级",
        "可视化状态": "已定位"
      },
      "geometry": {
        "type": "Point",
        "coordinates": [
          112.80900000000008,
          28.35600000000005
        ]
      }
    },
    {
      "type": "Feature",
      "id": "heritage-registry:市级:62",
      "properties": {
        "标准名称": "靖港古镇宏泰坊",
        "分类类别": "历史建筑",
        "单位等级层级": "市级",
        "所在区县": "望城区",
        "在册体系": "各级文物保护单位/历史文化遗址点位库",
        "批次": "既有点位库",
        "在册编号": "",
        "地址或位置": "",
        "建筑年代": "",
        "具体经度": 112.706,
        "纬度": 28.357,
        "坐标状态": "已定位",
        "资料来源": "长沙历史建筑与望城区保护建筑资料",
        "资料来源URL": "",
        "数据状态": "名称和古镇区位已核验，坐标为街区级定位",
        "备注": "",
        "名称": "靖港古镇宏泰坊",
        "来源图层": "历史文化建筑在册全覆盖名录_市级",
        "来源文件": "历史步道.gdb",
        "数据来源": "H:\\26.5长沙历史步道专项规划\\ArcGISPro历史步道\\历史步道\\历史步道.gdb",
        "坐标系统": "EPSG:4326",
        "几何类型": "Point",
        "GIS分类": "历史文化建筑在册全覆盖名录",
        "分级筛选": "市级",
        "可视化状态": "已定位"
      },
      "geometry": {
        "type": "Point",
        "coordinates": [
          112.70600000000002,
          28.357000000000028
        ]
      }
    },
    {
      "type": "Feature",
      "id": "heritage-registry:市级:63",
      "properties": {
        "标准名称": "望江楼布鞋厂厂门",
        "分类类别": "历史建筑",
        "单位等级层级": "市级",
        "所在区县": "望城区",
        "在册体系": "各级文物保护单位/历史文化遗址点位库",
        "批次": "既有点位库",
        "在册编号": "",
        "地址或位置": "",
        "建筑年代": "",
        "具体经度": 112.704,
        "纬度": 28.358,
        "坐标状态": "已定位",
        "资料来源": "长沙第三批历史建筑名单",
        "资料来源URL": "",
        "数据状态": "第三批历史建筑已核验，坐标为街区级定位",
        "备注": "",
        "名称": "望江楼布鞋厂厂门",
        "来源图层": "历史文化建筑在册全覆盖名录_市级",
        "来源文件": "历史步道.gdb",
        "数据来源": "H:\\26.5长沙历史步道专项规划\\ArcGISPro历史步道\\历史步道\\历史步道.gdb",
        "坐标系统": "EPSG:4326",
        "几何类型": "Point",
        "GIS分类": "历史文化建筑在册全覆盖名录",
        "分级筛选": "市级",
        "可视化状态": "已定位"
      },
      "geometry": {
        "type": "Point",
        "coordinates": [
          112.70400000000006,
          28.35800000000006
        ]
      }
    },
    {
      "type": "Feature",
      "id": "heritage-registry:市级:64",
      "properties": {
        "标准名称": "刘宜民故居",
        "分类类别": "历史建筑",
        "单位等级层级": "市级",
        "所在区县": "望城区",
        "在册体系": "各级文物保护单位/历史文化遗址点位库",
        "批次": "既有点位库",
        "在册编号": "",
        "地址或位置": "",
        "建筑年代": "",
        "具体经度": 112.7405,
        "纬度": 28.396,
        "坐标状态": "已定位",
        "资料来源": "长沙第三批历史建筑名单",
        "资料来源URL": "",
        "数据状态": "第三批历史建筑已核验，坐标为镇域级定位",
        "备注": "",
        "名称": "刘宜民故居",
        "来源图层": "历史文化建筑在册全覆盖名录_市级",
        "来源文件": "历史步道.gdb",
        "数据来源": "H:\\26.5长沙历史步道专项规划\\ArcGISPro历史步道\\历史步道\\历史步道.gdb",
        "坐标系统": "EPSG:4326",
        "几何类型": "Point",
        "GIS分类": "历史文化建筑在册全覆盖名录",
        "分级筛选": "市级",
        "可视化状态": "已定位"
      },
      "geometry": {
        "type": "Point",
        "coordinates": [
          112.74050000000011,
          28.396000000000072
        ]
      }
    },
    {
      "type": "Feature",
      "id": "heritage-registry:市级:65",
      "properties": {
        "标准名称": "中共湖南省工委机关办公旧址",
        "分类类别": "历史建筑",
        "单位等级层级": "市级",
        "所在区县": "望城区",
        "在册体系": "各级文物保护单位/历史文化遗址点位库",
        "批次": "既有点位库",
        "在册编号": "",
        "地址或位置": "",
        "建筑年代": "",
        "具体经度": 112.819,
        "纬度": 28.354,
        "坐标状态": "已定位",
        "资料来源": "长沙第三批历史建筑名单",
        "资料来源URL": "",
        "数据状态": "第三批历史建筑已核验，坐标为区级线索定位",
        "备注": "",
        "名称": "中共湖南省工委机关办公旧址",
        "来源图层": "历史文化建筑在册全覆盖名录_市级",
        "来源文件": "历史步道.gdb",
        "数据来源": "H:\\26.5长沙历史步道专项规划\\ArcGISPro历史步道\\历史步道\\历史步道.gdb",
        "坐标系统": "EPSG:4326",
        "几何类型": "Point",
        "GIS分类": "历史文化建筑在册全覆盖名录",
        "分级筛选": "市级",
        "可视化状态": "已定位"
      },
      "geometry": {
        "type": "Point",
        "coordinates": [
          112.81900000000007,
          28.354000000000042
        ]
      }
    },
    {
      "type": "Feature",
      "id": "heritage-registry:市级:66",
      "properties": {
        "标准名称": "玉江村渡水槽",
        "分类类别": "历史建筑",
        "单位等级层级": "市级",
        "所在区县": "望城区",
        "在册体系": "各级文物保护单位/历史文化遗址点位库",
        "批次": "既有点位库",
        "在册编号": "",
        "地址或位置": "",
        "建筑年代": "",
        "具体经度": 112.78,
        "纬度": 28.44,
        "坐标状态": "已定位",
        "资料来源": "长沙第三批历史建筑名单",
        "资料来源URL": "",
        "数据状态": "第三批历史建筑已核验，坐标为村域级定位",
        "备注": "",
        "名称": "玉江村渡水槽",
        "来源图层": "历史文化建筑在册全覆盖名录_市级",
        "来源文件": "历史步道.gdb",
        "数据来源": "H:\\26.5长沙历史步道专项规划\\ArcGISPro历史步道\\历史步道\\历史步道.gdb",
        "坐标系统": "EPSG:4326",
        "几何类型": "Point",
        "GIS分类": "历史文化建筑在册全覆盖名录",
        "分级筛选": "市级",
        "可视化状态": "已定位"
      },
      "geometry": {
        "type": "Point",
        "coordinates": [
          112.78000000000009,
          28.440000000000055
        ]
      }
    },
    {
      "type": "Feature",
      "id": "heritage-registry:省级:67",
      "properties": {
        "标准名称": "郭亮墓",
        "分类类别": "文物保护单位",
        "单位等级层级": "省级",
        "所在区县": "望城区",
        "在册体系": "各级文物保护单位/历史文化遗址点位库",
        "批次": "既有点位库",
        "在册编号": "",
        "地址或位置": "",
        "建筑年代": "",
        "具体经度": 112.84,
        "纬度": 28.36,
        "坐标状态": "已定位",
        "资料来源": "湖南省自然资源厅省级文保红色遗址表",
        "资料来源URL": "",
        "数据状态": "等级与人物关系已核验，坐标为片区级定位",
        "备注": "",
        "名称": "郭亮墓",
        "来源图层": "历史文化建筑在册全覆盖名录_省级",
        "来源文件": "历史步道.gdb",
        "数据来源": "H:\\26.5长沙历史步道专项规划\\ArcGISPro历史步道\\历史步道\\历史步道.gdb",
        "坐标系统": "EPSG:4326",
        "几何类型": "Point",
        "GIS分类": "历史文化建筑在册全覆盖名录",
        "分级筛选": "省级",
        "可视化状态": "已定位"
      },
      "geometry": {
        "type": "Point",
        "coordinates": [
          112.84000000000003,
          28.36000000000007
        ]
      }
    },
    {
      "type": "Feature",
      "id": "heritage-registry:省级:68",
      "properties": {
        "标准名称": "雷锋纪念馆旧址",
        "分类类别": "文物保护单位",
        "单位等级层级": "省级",
        "所在区县": "望城区",
        "在册体系": "各级文物保护单位/历史文化遗址点位库",
        "批次": "既有点位库",
        "在册编号": "",
        "地址或位置": "",
        "建筑年代": "",
        "具体经度": 112.828,
        "纬度": 28.245,
        "坐标状态": "已定位",
        "资料来源": "湖南省自然资源厅省级文保红色遗址表",
        "资料来源URL": "",
        "数据状态": "等级与区位已核验，坐标为纪念馆片区定位",
        "备注": "",
        "名称": "雷锋纪念馆旧址",
        "来源图层": "历史文化建筑在册全覆盖名录_省级",
        "来源文件": "历史步道.gdb",
        "数据来源": "H:\\26.5长沙历史步道专项规划\\ArcGISPro历史步道\\历史步道\\历史步道.gdb",
        "坐标系统": "EPSG:4326",
        "几何类型": "Point",
        "GIS分类": "历史文化建筑在册全覆盖名录",
        "分级筛选": "省级",
        "可视化状态": "已定位"
      },
      "geometry": {
        "type": "Point",
        "coordinates": [
          112.82800000000009,
          28.24500000000006
        ]
      }
    },
    {
      "type": "Feature",
      "id": "heritage-registry:国家级:69",
      "properties": {
        "标准名称": "长沙铜官窑遗址",
        "分类类别": "文物保护单位",
        "单位等级层级": "国家级",
        "所在区县": "望城区",
        "在册体系": "各级文物保护单位/历史文化遗址点位库",
        "批次": "既有点位库",
        "在册编号": "",
        "地址或位置": "",
        "建筑年代": "",
        "具体经度": 112.86,
        "纬度": 28.47,
        "坐标状态": "已定位",
        "资料来源": "全国重点文物保护单位公开资料",
        "资料来源URL": "",
        "数据状态": "等级与片区已核验，坐标为遗址区中心定位",
        "备注": "",
        "名称": "长沙铜官窑遗址",
        "来源图层": "历史文化建筑在册全覆盖名录_国家级",
        "来源文件": "历史步道.gdb",
        "数据来源": "H:\\26.5长沙历史步道专项规划\\ArcGISPro历史步道\\历史步道\\历史步道.gdb",
        "坐标系统": "EPSG:4326",
        "几何类型": "Point",
        "GIS分类": "历史文化建筑在册全覆盖名录",
        "分级筛选": "国家级",
        "可视化状态": "已定位"
      },
      "geometry": {
        "type": "Point",
        "coordinates": [
          112.86000000000001,
          28.470000000000027
        ]
      }
    },
    {
      "type": "Feature",
      "id": "heritage-registry:省级:70",
      "properties": {
        "标准名称": "谭国斌当铺",
        "分类类别": "文物保护单位",
        "单位等级层级": "省级",
        "所在区县": "望城区",
        "在册体系": "各级文物保护单位/历史文化遗址点位库",
        "批次": "既有点位库",
        "在册编号": "",
        "地址或位置": "",
        "建筑年代": "",
        "具体经度": 112.7045,
        "纬度": 28.3585,
        "坐标状态": "已定位",
        "资料来源": "湖南省文物保护单位公开资料",
        "资料来源URL": "",
        "数据状态": "名称和古镇片区已核验，坐标为街区级定位",
        "备注": "",
        "名称": "谭国斌当铺",
        "来源图层": "历史文化建筑在册全覆盖名录_省级",
        "来源文件": "历史步道.gdb",
        "数据来源": "H:\\26.5长沙历史步道专项规划\\ArcGISPro历史步道\\历史步道\\历史步道.gdb",
        "坐标系统": "EPSG:4326",
        "几何类型": "Point",
        "GIS分类": "历史文化建筑在册全覆盖名录",
        "分级筛选": "省级",
        "可视化状态": "已定位"
      },
      "geometry": {
        "type": "Point",
        "coordinates": [
          112.70450000000005,
          28.35850000000005
        ]
      }
    },
    {
      "type": "Feature",
      "id": "heritage-registry:省级:71",
      "properties": {
        "标准名称": "何绍基墓",
        "分类类别": "文物保护单位",
        "单位等级层级": "省级",
        "所在区县": "望城区",
        "在册体系": "各级文物保护单位/历史文化遗址点位库",
        "批次": "既有点位库",
        "在册编号": "",
        "地址或位置": "",
        "建筑年代": "",
        "具体经度": 112.77,
        "纬度": 28.32,
        "坐标状态": "已定位",
        "资料来源": "湖南省文物保护单位公开资料",
        "资料来源URL": "",
        "数据状态": "名称已核验，坐标需二次复核",
        "备注": "",
        "名称": "何绍基墓",
        "来源图层": "历史文化建筑在册全覆盖名录_省级",
        "来源文件": "历史步道.gdb",
        "数据来源": "H:\\26.5长沙历史步道专项规划\\ArcGISPro历史步道\\历史步道\\历史步道.gdb",
        "坐标系统": "EPSG:4326",
        "几何类型": "Point",
        "GIS分类": "历史文化建筑在册全覆盖名录",
        "分级筛选": "省级",
        "可视化状态": "已定位"
      },
      "geometry": {
        "type": "Point",
        "coordinates": [
          112.7700000000001,
          28.32000000000005
        ]
      }
    },
    {
      "type": "Feature",
      "id": "heritage-registry:省级:72",
      "properties": {
        "标准名称": "许光达故居",
        "分类类别": "文物保护单位",
        "单位等级层级": "省级",
        "所在区县": "长沙县",
        "在册体系": "各级文物保护单位/历史文化遗址点位库",
        "批次": "既有点位库",
        "在册编号": "",
        "地址或位置": "",
        "建筑年代": "",
        "具体经度": 113.292,
        "纬度": 28.542,
        "坐标状态": "已定位",
        "资料来源": "湖南省自然资源厅省级文保红色遗址表",
        "资料来源URL": "",
        "数据状态": "等级和人物关系已核验，坐标需结合官方地址复核",
        "备注": "",
        "名称": "许光达故居",
        "来源图层": "历史文化建筑在册全覆盖名录_省级",
        "来源文件": "历史步道.gdb",
        "数据来源": "H:\\26.5长沙历史步道专项规划\\ArcGISPro历史步道\\历史步道\\历史步道.gdb",
        "坐标系统": "EPSG:4326",
        "几何类型": "Point",
        "GIS分类": "历史文化建筑在册全覆盖名录",
        "分级筛选": "省级",
        "可视化状态": "已定位"
      },
      "geometry": {
        "type": "Point",
        "coordinates": [
          113.29200000000003,
          28.54200000000003
        ]
      }
    },
    {
      "type": "Feature",
      "id": "heritage-registry:省级:73",
      "properties": {
        "标准名称": "缪伯英故居",
        "分类类别": "文物保护单位",
        "单位等级层级": "省级",
        "所在区县": "长沙县",
        "在册体系": "各级文物保护单位/历史文化遗址点位库",
        "批次": "既有点位库",
        "在册编号": "",
        "地址或位置": "",
        "建筑年代": "",
        "具体经度": 113.291,
        "纬度": 28.543,
        "坐标状态": "已定位",
        "资料来源": "湖南省自然资源厅省级文保红色遗址表",
        "资料来源URL": "",
        "数据状态": "等级与人物关系已核验，坐标为镇域级定位",
        "备注": "",
        "名称": "缪伯英故居",
        "来源图层": "历史文化建筑在册全覆盖名录_省级",
        "来源文件": "历史步道.gdb",
        "数据来源": "H:\\26.5长沙历史步道专项规划\\ArcGISPro历史步道\\历史步道\\历史步道.gdb",
        "坐标系统": "EPSG:4326",
        "几何类型": "Point",
        "GIS分类": "历史文化建筑在册全覆盖名录",
        "分级筛选": "省级",
        "可视化状态": "已定位"
      },
      "geometry": {
        "type": "Point",
        "coordinates": [
          113.29100000000005,
          28.543000000000063
        ]
      }
    },
    {
      "type": "Feature",
      "id": "heritage-registry:省级:74",
      "properties": {
        "标准名称": "影珠山抗战遗址",
        "分类类别": "文物保护单位",
        "单位等级层级": "省级",
        "所在区县": "长沙县",
        "在册体系": "各级文物保护单位/历史文化遗址点位库",
        "批次": "既有点位库",
        "在册编号": "",
        "地址或位置": "",
        "建筑年代": "",
        "具体经度": 113.35,
        "纬度": 28.34,
        "坐标状态": "已定位",
        "资料来源": "长沙县红色遗址与文保资料",
        "资料来源URL": "",
        "数据状态": "名称和片区已核验，坐标为山体片区定位",
        "备注": "",
        "名称": "影珠山抗战遗址",
        "来源图层": "历史文化建筑在册全覆盖名录_省级",
        "来源文件": "历史步道.gdb",
        "数据来源": "H:\\26.5长沙历史步道专项规划\\ArcGISPro历史步道\\历史步道\\历史步道.gdb",
        "坐标系统": "EPSG:4326",
        "几何类型": "Point",
        "GIS分类": "历史文化建筑在册全覆盖名录",
        "分级筛选": "省级",
        "可视化状态": "已定位"
      },
      "geometry": {
        "type": "Point",
        "coordinates": [
          113.35000000000002,
          28.340000000000032
        ]
      }
    },
    {
      "type": "Feature",
      "id": "heritage-registry:省级:75",
      "properties": {
        "标准名称": "田汉故居",
        "分类类别": "文物保护单位",
        "单位等级层级": "省级",
        "所在区县": "长沙县",
        "在册体系": "各级文物保护单位/历史文化遗址点位库",
        "批次": "既有点位库",
        "在册编号": "",
        "地址或位置": "",
        "建筑年代": "",
        "具体经度": 113.195,
        "纬度": 28.291,
        "坐标状态": "已定位",
        "资料来源": "长沙县文保与名人故里资料",
        "资料来源URL": "",
        "数据状态": "等级和区位已核验，坐标为故里片区定位",
        "备注": "",
        "名称": "田汉故居",
        "来源图层": "历史文化建筑在册全覆盖名录_省级",
        "来源文件": "历史步道.gdb",
        "数据来源": "H:\\26.5长沙历史步道专项规划\\ArcGISPro历史步道\\历史步道\\历史步道.gdb",
        "坐标系统": "EPSG:4326",
        "几何类型": "Point",
        "GIS分类": "历史文化建筑在册全覆盖名录",
        "分级筛选": "省级",
        "可视化状态": "已定位"
      },
      "geometry": {
        "type": "Point",
        "coordinates": [
          113.19500000000005,
          28.291000000000054
        ]
      }
    },
    {
      "type": "Feature",
      "id": "heritage-registry:省级:76",
      "properties": {
        "标准名称": "柳直荀故居",
        "分类类别": "文物保护单位",
        "单位等级层级": "省级",
        "所在区县": "长沙县",
        "在册体系": "各级文物保护单位/历史文化遗址点位库",
        "批次": "既有点位库",
        "在册编号": "",
        "地址或位置": "",
        "建筑年代": "",
        "具体经度": 113.295,
        "纬度": 28.545,
        "坐标状态": "已定位",
        "资料来源": "湖南省自然资源厅省级文保红色遗址表",
        "资料来源URL": "",
        "数据状态": "等级和人物关系已核验，坐标为镇域级定位",
        "备注": "",
        "名称": "柳直荀故居",
        "来源图层": "历史文化建筑在册全覆盖名录_省级",
        "来源文件": "历史步道.gdb",
        "数据来源": "H:\\26.5长沙历史步道专项规划\\ArcGISPro历史步道\\历史步道\\历史步道.gdb",
        "坐标系统": "EPSG:4326",
        "几何类型": "Point",
        "GIS分类": "历史文化建筑在册全覆盖名录",
        "分级筛选": "省级",
        "可视化状态": "已定位"
      },
      "geometry": {
        "type": "Point",
        "coordinates": [
          113.29500000000007,
          28.545000000000073
        ]
      }
    },
    {
      "type": "Feature",
      "id": "heritage-registry:市级:77",
      "properties": {
        "标准名称": "杨公庙",
        "分类类别": "文物保护单位",
        "单位等级层级": "市级",
        "所在区县": "长沙县",
        "在册体系": "各级文物保护单位/历史文化遗址点位库",
        "批次": "既有点位库",
        "在册编号": "",
        "地址或位置": "",
        "建筑年代": "",
        "具体经度": 113.2925,
        "纬度": 28.5432,
        "坐标状态": "已定位",
        "资料来源": "长沙县各级文物保护单位公开列表",
        "资料来源URL": "",
        "数据状态": "名称和片区已核验，坐标为纪念区定位",
        "备注": "",
        "名称": "杨公庙",
        "来源图层": "历史文化建筑在册全覆盖名录_市级",
        "来源文件": "历史步道.gdb",
        "数据来源": "H:\\26.5长沙历史步道专项规划\\ArcGISPro历史步道\\历史步道\\历史步道.gdb",
        "坐标系统": "EPSG:4326",
        "几何类型": "Point",
        "GIS分类": "历史文化建筑在册全覆盖名录",
        "分级筛选": "市级",
        "可视化状态": "已定位"
      },
      "geometry": {
        "type": "Point",
        "coordinates": [
          113.29250000000002,
          28.54320000000007
        ]
      }
    },
    {
      "type": "Feature",
      "id": "heritage-registry:市级:78",
      "properties": {
        "标准名称": "陈树湘故居",
        "分类类别": "文物保护单位",
        "单位等级层级": "市级",
        "所在区县": "长沙县",
        "在册体系": "各级文物保护单位/历史文化遗址点位库",
        "批次": "既有点位库",
        "在册编号": "",
        "地址或位置": "",
        "建筑年代": "",
        "具体经度": 113.116,
        "纬度": 28.136,
        "坐标状态": "已定位",
        "资料来源": "长沙县红色遗址公开资料",
        "资料来源URL": "",
        "数据状态": "名称需进一步核对具体镇村，坐标为县域线索定位",
        "备注": "",
        "名称": "陈树湘故居",
        "来源图层": "历史文化建筑在册全覆盖名录_市级",
        "来源文件": "历史步道.gdb",
        "数据来源": "H:\\26.5长沙历史步道专项规划\\ArcGISPro历史步道\\历史步道\\历史步道.gdb",
        "坐标系统": "EPSG:4326",
        "几何类型": "Point",
        "GIS分类": "历史文化建筑在册全覆盖名录",
        "分级筛选": "市级",
        "可视化状态": "已定位"
      },
      "geometry": {
        "type": "Point",
        "coordinates": [
          113.1160000000001,
          28.136000000000024
        ]
      }
    },
    {
      "type": "Feature",
      "id": "heritage-registry:市级:79",
      "properties": {
        "标准名称": "许光达墓",
        "分类类别": "文物保护单位",
        "单位等级层级": "市级",
        "所在区县": "长沙县",
        "在册体系": "各级文物保护单位/历史文化遗址点位库",
        "批次": "既有点位库",
        "在册编号": "",
        "地址或位置": "",
        "建筑年代": "",
        "具体经度": 113.25,
        "纬度": 28.28,
        "坐标状态": "已定位",
        "资料来源": "长沙县红色遗址公开资料",
        "资料来源URL": "",
        "数据状态": "名称已纳入候选，坐标需复核",
        "备注": "",
        "名称": "许光达墓",
        "来源图层": "历史文化建筑在册全覆盖名录_市级",
        "来源文件": "历史步道.gdb",
        "数据来源": "H:\\26.5长沙历史步道专项规划\\ArcGISPro历史步道\\历史步道\\历史步道.gdb",
        "坐标系统": "EPSG:4326",
        "几何类型": "Point",
        "GIS分类": "历史文化建筑在册全覆盖名录",
        "分级筛选": "市级",
        "可视化状态": "已定位"
      },
      "geometry": {
        "type": "Point",
        "coordinates": [
          113.25000000000011,
          28.28000000000003
        ]
      }
    },
    {
      "type": "Feature",
      "id": "heritage-registry:县级:80",
      "properties": {
        "标准名称": "黄兴镇凉塘古井",
        "分类类别": "历史文化遗址",
        "单位等级层级": "区级",
        "所在区县": "长沙县",
        "在册体系": "各级文物保护单位/历史文化遗址点位库",
        "批次": "既有点位库",
        "在册编号": "",
        "地址或位置": "",
        "建筑年代": "",
        "具体经度": 113.109,
        "纬度": 28.122,
        "坐标状态": "已定位",
        "资料来源": "长沙县历史文化资源公开资料",
        "资料来源URL": "",
        "数据状态": "区县级线索，坐标为镇域级定位",
        "备注": "",
        "名称": "黄兴镇凉塘古井",
        "来源图层": "历史文化建筑在册全覆盖名录_县级",
        "来源文件": "历史步道.gdb",
        "数据来源": "H:\\26.5长沙历史步道专项规划\\ArcGISPro历史步道\\历史步道\\历史步道.gdb",
        "坐标系统": "EPSG:4326",
        "几何类型": "Point",
        "GIS分类": "历史文化建筑在册全覆盖名录",
        "分级筛选": "县级",
        "可视化状态": "已定位"
      },
      "geometry": {
        "type": "Point",
        "coordinates": [
          113.10900000000004,
          28.12200000000007
        ]
      }
    },
    {
      "type": "Feature",
      "id": "heritage-registry:县级:81",
      "properties": {
        "标准名称": "榔梨古街",
        "分类类别": "历史文化遗址",
        "单位等级层级": "区级",
        "所在区县": "长沙县",
        "在册体系": "各级文物保护单位/历史文化遗址点位库",
        "批次": "既有点位库",
        "在册编号": "",
        "地址或位置": "",
        "建筑年代": "",
        "具体经度": 113.12,
        "纬度": 28.185,
        "坐标状态": "已定位",
        "资料来源": "长沙县历史文化资源公开资料",
        "资料来源URL": "",
        "数据状态": "街区级对象，坐标取古街中心",
        "备注": "",
        "名称": "榔梨古街",
        "来源图层": "历史文化建筑在册全覆盖名录_县级",
        "来源文件": "历史步道.gdb",
        "数据来源": "H:\\26.5长沙历史步道专项规划\\ArcGISPro历史步道\\历史步道\\历史步道.gdb",
        "坐标系统": "EPSG:4326",
        "几何类型": "Point",
        "GIS分类": "历史文化建筑在册全覆盖名录",
        "分级筛选": "县级",
        "可视化状态": "已定位"
      },
      "geometry": {
        "type": "Point",
        "coordinates": [
          113.12,
          28.18500000000006
        ]
      }
    },
    {
      "type": "Feature",
      "id": "heritage-registry:县级:82",
      "properties": {
        "标准名称": "黄兴镇鹿芝岭古墓群",
        "分类类别": "历史文化遗址",
        "单位等级层级": "区级",
        "所在区县": "长沙县",
        "在册体系": "各级文物保护单位/历史文化遗址点位库",
        "批次": "既有点位库",
        "在册编号": "",
        "地址或位置": "",
        "建筑年代": "",
        "具体经度": 113.12,
        "纬度": 28.115,
        "坐标状态": "已定位",
        "资料来源": "长沙县文物资源公开线索",
        "资料来源URL": "",
        "数据状态": "区县级线索，需专项文物普查复核",
        "备注": "",
        "名称": "黄兴镇鹿芝岭古墓群",
        "来源图层": "历史文化建筑在册全覆盖名录_县级",
        "来源文件": "历史步道.gdb",
        "数据来源": "H:\\26.5长沙历史步道专项规划\\ArcGISPro历史步道\\历史步道\\历史步道.gdb",
        "坐标系统": "EPSG:4326",
        "几何类型": "Point",
        "GIS分类": "历史文化建筑在册全覆盖名录",
        "分级筛选": "县级",
        "可视化状态": "已定位"
      },
      "geometry": {
        "type": "Point",
        "coordinates": [
          113.12,
          28.115000000000066
        ]
      }
    },
    {
      "type": "Feature",
      "id": "heritage-registry:市级:83",
      "properties": {
        "标准名称": "湖南省地质博物馆旧馆",
        "分类类别": "历史建筑",
        "单位等级层级": "市级",
        "所在区县": "天心区",
        "在册体系": "各级文物保护单位/历史文化遗址点位库",
        "批次": "既有点位库",
        "在册编号": "",
        "地址或位置": "",
        "建筑年代": "",
        "具体经度": 112.987,
        "纬度": 28.186,
        "坐标状态": "已定位",
        "资料来源": "长沙历史建筑公开报道与城市更新资料",
        "资料来源URL": "",
        "数据状态": "历史建筑线索已核验，坐标为片区级定位",
        "备注": "",
        "名称": "湖南省地质博物馆旧馆",
        "来源图层": "历史文化建筑在册全覆盖名录_市级",
        "来源文件": "历史步道.gdb",
        "数据来源": "H:\\26.5长沙历史步道专项规划\\ArcGISPro历史步道\\历史步道\\历史步道.gdb",
        "坐标系统": "EPSG:4326",
        "几何类型": "Point",
        "GIS分类": "历史文化建筑在册全覆盖名录",
        "分级筛选": "市级",
        "可视化状态": "已定位"
      },
      "geometry": {
        "type": "Point",
        "coordinates": [
          112.98700000000008,
          28.186000000000035
        ]
      }
    },
    {
      "type": "Feature",
      "id": "heritage-registry:市级:84",
      "properties": {
        "标准名称": "国货陈列馆旧址",
        "分类类别": "历史建筑",
        "单位等级层级": "市级",
        "所在区县": "芙蓉区",
        "在册体系": "各级文物保护单位/历史文化遗址点位库",
        "批次": "既有点位库",
        "在册编号": "",
        "地址或位置": "",
        "建筑年代": "",
        "具体经度": 112.981,
        "纬度": 28.197,
        "坐标状态": "已定位",
        "资料来源": "长沙第三批历史建筑名单",
        "资料来源URL": "",
        "数据状态": "第三批历史建筑已核验，坐标为片区级定位",
        "备注": "",
        "名称": "国货陈列馆旧址",
        "来源图层": "历史文化建筑在册全覆盖名录_市级",
        "来源文件": "历史步道.gdb",
        "数据来源": "H:\\26.5长沙历史步道专项规划\\ArcGISPro历史步道\\历史步道\\历史步道.gdb",
        "坐标系统": "EPSG:4326",
        "几何类型": "Point",
        "GIS分类": "历史文化建筑在册全覆盖名录",
        "分级筛选": "市级",
        "可视化状态": "已定位"
      },
      "geometry": {
        "type": "Point",
        "coordinates": [
          112.98100000000011,
          28.19700000000006
        ]
      }
    },
    {
      "type": "Feature",
      "id": "heritage-registry:市级:85",
      "properties": {
        "标准名称": "烈士公园西大门",
        "分类类别": "历史建筑",
        "单位等级层级": "市级",
        "所在区县": "开福区",
        "在册体系": "各级文物保护单位/历史文化遗址点位库",
        "批次": "既有点位库",
        "在册编号": "",
        "地址或位置": "",
        "建筑年代": "",
        "具体经度": 112.986,
        "纬度": 28.209,
        "坐标状态": "已定位",
        "资料来源": "长沙第三批历史建筑名单",
        "资料来源URL": "",
        "数据状态": "第三批历史建筑已核验，坐标为公园门区定位",
        "备注": "",
        "名称": "烈士公园西大门",
        "来源图层": "历史文化建筑在册全覆盖名录_市级",
        "来源文件": "历史步道.gdb",
        "数据来源": "H:\\26.5长沙历史步道专项规划\\ArcGISPro历史步道\\历史步道\\历史步道.gdb",
        "坐标系统": "EPSG:4326",
        "几何类型": "Point",
        "GIS分类": "历史文化建筑在册全覆盖名录",
        "分级筛选": "市级",
        "可视化状态": "已定位"
      },
      "geometry": {
        "type": "Point",
        "coordinates": [
          112.9860000000001,
          28.20900000000006
        ]
      }
    },
    {
      "type": "Feature",
      "id": "heritage-registry:市级:86",
      "properties": {
        "标准名称": "粮食一仓库",
        "分类类别": "历史建筑",
        "单位等级层级": "市级",
        "所在区县": "开福区",
        "在册体系": "各级文物保护单位/历史文化遗址点位库",
        "批次": "既有点位库",
        "在册编号": "",
        "地址或位置": "",
        "建筑年代": "",
        "具体经度": 112.974,
        "纬度": 28.223,
        "坐标状态": "已定位",
        "资料来源": "长沙第三批历史建筑名单",
        "资料来源URL": "",
        "数据状态": "第三批历史建筑已核验，坐标为道路片区定位",
        "备注": "",
        "名称": "粮食一仓库",
        "来源图层": "历史文化建筑在册全覆盖名录_市级",
        "来源文件": "历史步道.gdb",
        "数据来源": "H:\\26.5长沙历史步道专项规划\\ArcGISPro历史步道\\历史步道\\历史步道.gdb",
        "坐标系统": "EPSG:4326",
        "几何类型": "Point",
        "GIS分类": "历史文化建筑在册全覆盖名录",
        "分级筛选": "市级",
        "可视化状态": "已定位"
      },
      "geometry": {
        "type": "Point",
        "coordinates": [
          112.97400000000005,
          28.22300000000007
        ]
      }
    },
    {
      "type": "Feature",
      "id": "heritage-registry:市级:87",
      "properties": {
        "标准名称": "湘江路八道码头",
        "分类类别": "历史建筑",
        "单位等级层级": "市级",
        "所在区县": "天心区",
        "在册体系": "各级文物保护单位/历史文化遗址点位库",
        "批次": "既有点位库",
        "在册编号": "",
        "地址或位置": "",
        "建筑年代": "",
        "具体经度": 112.968,
        "纬度": 28.194,
        "坐标状态": "已定位",
        "资料来源": "长沙第三批历史建筑名单",
        "资料来源URL": "",
        "数据状态": "第三批历史建筑已核验，坐标为滨江线性定位",
        "备注": "",
        "名称": "湘江路八道码头",
        "来源图层": "历史文化建筑在册全覆盖名录_市级",
        "来源文件": "历史步道.gdb",
        "数据来源": "H:\\26.5长沙历史步道专项规划\\ArcGISPro历史步道\\历史步道\\历史步道.gdb",
        "坐标系统": "EPSG:4326",
        "几何类型": "Point",
        "GIS分类": "历史文化建筑在册全覆盖名录",
        "分级筛选": "市级",
        "可视化状态": "已定位"
      },
      "geometry": {
        "type": "Point",
        "coordinates": [
          112.96800000000007,
          28.194000000000074
        ]
      }
    },
    {
      "type": "Feature",
      "id": "heritage-registry:市级:88",
      "properties": {
        "标准名称": "湘江路气码头",
        "分类类别": "历史建筑",
        "单位等级层级": "市级",
        "所在区县": "天心区",
        "在册体系": "各级文物保护单位/历史文化遗址点位库",
        "批次": "既有点位库",
        "在册编号": "",
        "地址或位置": "",
        "建筑年代": "",
        "具体经度": 112.967,
        "纬度": 28.188,
        "坐标状态": "已定位",
        "资料来源": "长沙第三批历史建筑名单",
        "资料来源URL": "",
        "数据状态": "第三批历史建筑已核验，坐标为滨江线性定位",
        "备注": "",
        "名称": "湘江路气码头",
        "来源图层": "历史文化建筑在册全覆盖名录_市级",
        "来源文件": "历史步道.gdb",
        "数据来源": "H:\\26.5长沙历史步道专项规划\\ArcGISPro历史步道\\历史步道\\历史步道.gdb",
        "坐标系统": "EPSG:4326",
        "几何类型": "Point",
        "GIS分类": "历史文化建筑在册全覆盖名录",
        "分级筛选": "市级",
        "可视化状态": "已定位"
      },
      "geometry": {
        "type": "Point",
        "coordinates": [
          112.9670000000001,
          28.188000000000045
        ]
      }
    },
    {
      "type": "Feature",
      "id": "heritage-registry:市级:89",
      "properties": {
        "标准名称": "橘子洲大桥",
        "分类类别": "历史建筑",
        "单位等级层级": "市级",
        "所在区县": "岳麓区",
        "在册体系": "各级文物保护单位/历史文化遗址点位库",
        "批次": "既有点位库",
        "在册编号": "",
        "地址或位置": "",
        "建筑年代": "",
        "具体经度": 112.958,
        "纬度": 28.199,
        "坐标状态": "已定位",
        "资料来源": "长沙第三批历史建筑名单",
        "资料来源URL": "",
        "数据状态": "第三批历史建筑已核验，坐标取桥梁中心",
        "备注": "",
        "名称": "橘子洲大桥",
        "来源图层": "历史文化建筑在册全覆盖名录_市级",
        "来源文件": "历史步道.gdb",
        "数据来源": "H:\\26.5长沙历史步道专项规划\\ArcGISPro历史步道\\历史步道\\历史步道.gdb",
        "坐标系统": "EPSG:4326",
        "几何类型": "Point",
        "GIS分类": "历史文化建筑在册全覆盖名录",
        "分级筛选": "市级",
        "可视化状态": "已定位"
      },
      "geometry": {
        "type": "Point",
        "coordinates": [
          112.95800000000008,
          28.19900000000007
        ]
      }
    },
    {
      "type": "Feature",
      "id": "heritage-registry:市级:90",
      "properties": {
        "标准名称": "八一桥",
        "分类类别": "历史建筑",
        "单位等级层级": "市级",
        "所在区县": "芙蓉区",
        "在册体系": "各级文物保护单位/历史文化遗址点位库",
        "批次": "既有点位库",
        "在册编号": "",
        "地址或位置": "",
        "建筑年代": "",
        "具体经度": 112.992,
        "纬度": 28.205,
        "坐标状态": "已定位",
        "资料来源": "长沙第三批历史建筑名单",
        "资料来源URL": "",
        "数据状态": "第三批历史建筑已核验，坐标为片区级定位",
        "备注": "",
        "名称": "八一桥",
        "来源图层": "历史文化建筑在册全覆盖名录_市级",
        "来源文件": "历史步道.gdb",
        "数据来源": "H:\\26.5长沙历史步道专项规划\\ArcGISPro历史步道\\历史步道\\历史步道.gdb",
        "坐标系统": "EPSG:4326",
        "几何类型": "Point",
        "GIS分类": "历史文化建筑在册全覆盖名录",
        "分级筛选": "市级",
        "可视化状态": "已定位"
      },
      "geometry": {
        "type": "Point",
        "coordinates": [
          112.99200000000008,
          28.20500000000004
        ]
      }
    },
    {
      "type": "Feature",
      "id": "heritage-registry:市级:91",
      "properties": {
        "标准名称": "湘雅医院行政办公楼",
        "分类类别": "历史建筑",
        "单位等级层级": "市级",
        "所在区县": "开福区",
        "在册体系": "各级文物保护单位/历史文化遗址点位库",
        "批次": "既有点位库",
        "在册编号": "",
        "地址或位置": "",
        "建筑年代": "",
        "具体经度": 112.987,
        "纬度": 28.206,
        "坐标状态": "已定位",
        "资料来源": "长沙第三批历史建筑名单",
        "资料来源URL": "",
        "数据状态": "第三批历史建筑已核验，与国保建筑群需边界区分",
        "备注": "",
        "名称": "湘雅医院行政办公楼",
        "来源图层": "历史文化建筑在册全覆盖名录_市级",
        "来源文件": "历史步道.gdb",
        "数据来源": "H:\\26.5长沙历史步道专项规划\\ArcGISPro历史步道\\历史步道\\历史步道.gdb",
        "坐标系统": "EPSG:4326",
        "几何类型": "Point",
        "GIS分类": "历史文化建筑在册全覆盖名录",
        "分级筛选": "市级",
        "可视化状态": "已定位"
      },
      "geometry": {
        "type": "Point",
        "coordinates": [
          112.98700000000008,
          28.206000000000074
        ]
      }
    },
    {
      "type": "Feature",
      "id": "heritage-registry:市级:92",
      "properties": {
        "标准名称": "中南大学本部校门",
        "分类类别": "历史建筑",
        "单位等级层级": "市级",
        "所在区县": "岳麓区",
        "在册体系": "各级文物保护单位/历史文化遗址点位库",
        "批次": "既有点位库",
        "在册编号": "",
        "地址或位置": "",
        "建筑年代": "",
        "具体经度": 112.936,
        "纬度": 28.171,
        "坐标状态": "已定位",
        "资料来源": "长沙第三批历史建筑名单",
        "资料来源URL": "",
        "数据状态": "第三批历史建筑已核验，坐标为校门定位",
        "备注": "",
        "名称": "中南大学本部校门",
        "来源图层": "历史文化建筑在册全覆盖名录_市级",
        "来源文件": "历史步道.gdb",
        "数据来源": "H:\\26.5长沙历史步道专项规划\\ArcGISPro历史步道\\历史步道\\历史步道.gdb",
        "坐标系统": "EPSG:4326",
        "几何类型": "Point",
        "GIS分类": "历史文化建筑在册全覆盖名录",
        "分级筛选": "市级",
        "可视化状态": "已定位"
      },
      "geometry": {
        "type": "Point",
        "coordinates": [
          112.93600000000004,
          28.17100000000005
        ]
      }
    },
    {
      "type": "Feature",
      "id": "heritage-registry:市级:93",
      "properties": {
        "标准名称": "中南大学教工一舍",
        "分类类别": "历史建筑",
        "单位等级层级": "市级",
        "所在区县": "岳麓区",
        "在册体系": "各级文物保护单位/历史文化遗址点位库",
        "批次": "既有点位库",
        "在册编号": "",
        "地址或位置": "",
        "建筑年代": "",
        "具体经度": 112.9337,
        "纬度": 28.1718,
        "坐标状态": "已定位",
        "资料来源": "长沙第三批历史建筑名单",
        "资料来源URL": "",
        "数据状态": "第三批历史建筑已核验，坐标为校园片区定位",
        "备注": "",
        "名称": "中南大学教工一舍",
        "来源图层": "历史文化建筑在册全覆盖名录_市级",
        "来源文件": "历史步道.gdb",
        "数据来源": "H:\\26.5长沙历史步道专项规划\\ArcGISPro历史步道\\历史步道\\历史步道.gdb",
        "坐标系统": "EPSG:4326",
        "几何类型": "Point",
        "GIS分类": "历史文化建筑在册全覆盖名录",
        "分级筛选": "市级",
        "可视化状态": "已定位"
      },
      "geometry": {
        "type": "Point",
        "coordinates": [
          112.93370000000004,
          28.171800000000076
        ]
      }
    },
    {
      "type": "Feature",
      "id": "heritage-registry:市级:94",
      "properties": {
        "标准名称": "湖南大学中楼",
        "分类类别": "历史建筑",
        "单位等级层级": "市级",
        "所在区县": "岳麓区",
        "在册体系": "各级文物保护单位/历史文化遗址点位库",
        "批次": "既有点位库",
        "在册编号": "",
        "地址或位置": "",
        "建筑年代": "",
        "具体经度": 112.9368,
        "纬度": 28.1828,
        "坐标状态": "已定位",
        "资料来源": "长沙第三批历史建筑名单",
        "资料来源URL": "",
        "数据状态": "第三批历史建筑已核验，与国保建筑群需边界区分",
        "备注": "",
        "名称": "湖南大学中楼",
        "来源图层": "历史文化建筑在册全覆盖名录_市级",
        "来源文件": "历史步道.gdb",
        "数据来源": "H:\\26.5长沙历史步道专项规划\\ArcGISPro历史步道\\历史步道\\历史步道.gdb",
        "坐标系统": "EPSG:4326",
        "几何类型": "Point",
        "GIS分类": "历史文化建筑在册全覆盖名录",
        "分级筛选": "市级",
        "可视化状态": "已定位"
      },
      "geometry": {
        "type": "Point",
        "coordinates": [
          112.93680000000006,
          28.182800000000043
        ]
      }
    },
    {
      "type": "Feature",
      "id": "heritage-registry:市级:95",
      "properties": {
        "标准名称": "湖南大学外语楼",
        "分类类别": "历史建筑",
        "单位等级层级": "市级",
        "所在区县": "岳麓区",
        "在册体系": "各级文物保护单位/历史文化遗址点位库",
        "批次": "既有点位库",
        "在册编号": "",
        "地址或位置": "",
        "建筑年代": "",
        "具体经度": 112.9372,
        "纬度": 28.1834,
        "坐标状态": "已定位",
        "资料来源": "长沙第三批历史建筑名单",
        "资料来源URL": "",
        "数据状态": "第三批历史建筑已核验，与国保建筑群需边界区分",
        "备注": "",
        "名称": "湖南大学外语楼",
        "来源图层": "历史文化建筑在册全覆盖名录_市级",
        "来源文件": "历史步道.gdb",
        "数据来源": "H:\\26.5长沙历史步道专项规划\\ArcGISPro历史步道\\历史步道\\历史步道.gdb",
        "坐标系统": "EPSG:4326",
        "几何类型": "Point",
        "GIS分类": "历史文化建筑在册全覆盖名录",
        "分级筛选": "市级",
        "可视化状态": "已定位"
      },
      "geometry": {
        "type": "Point",
        "coordinates": [
          112.93720000000008,
          28.183400000000063
        ]
      }
    },
    {
      "type": "Feature",
      "id": "heritage-registry:市级:96",
      "properties": {
        "标准名称": "湖南大学力学楼",
        "分类类别": "历史建筑",
        "单位等级层级": "市级",
        "所在区县": "岳麓区",
        "在册体系": "各级文物保护单位/历史文化遗址点位库",
        "批次": "既有点位库",
        "在册编号": "",
        "地址或位置": "",
        "建筑年代": "",
        "具体经度": 112.9362,
        "纬度": 28.1831,
        "坐标状态": "已定位",
        "资料来源": "长沙第三批历史建筑名单",
        "资料来源URL": "",
        "数据状态": "第三批历史建筑已核验，与国保建筑群需边界区分",
        "备注": "",
        "名称": "湖南大学力学楼",
        "来源图层": "历史文化建筑在册全覆盖名录_市级",
        "来源文件": "历史步道.gdb",
        "数据来源": "H:\\26.5长沙历史步道专项规划\\ArcGISPro历史步道\\历史步道\\历史步道.gdb",
        "坐标系统": "EPSG:4326",
        "几何类型": "Point",
        "GIS分类": "历史文化建筑在册全覆盖名录",
        "分级筛选": "市级",
        "可视化状态": "已定位"
      },
      "geometry": {
        "type": "Point",
        "coordinates": [
          112.9362000000001,
          28.183100000000024
        ]
      }
    },
    {
      "type": "Feature",
      "id": "heritage-registry:市级:97",
      "properties": {
        "标准名称": "长沙简牍博物馆",
        "分类类别": "历史文化遗址",
        "单位等级层级": "市级",
        "所在区县": "天心区",
        "在册体系": "各级文物保护单位/历史文化遗址点位库",
        "批次": "既有点位库",
        "在册编号": "",
        "地址或位置": "",
        "建筑年代": "",
        "具体经度": 112.975,
        "纬度": 28.194,
        "坐标状态": "已定位",
        "资料来源": "走马楼吴简与长沙简牍公开资料",
        "资料来源URL": "",
        "数据状态": "展示节点，坐标为博物馆片区定位",
        "备注": "",
        "名称": "长沙简牍博物馆",
        "来源图层": "历史文化建筑在册全覆盖名录_市级",
        "来源文件": "历史步道.gdb",
        "数据来源": "H:\\26.5长沙历史步道专项规划\\ArcGISPro历史步道\\历史步道\\历史步道.gdb",
        "坐标系统": "EPSG:4326",
        "几何类型": "Point",
        "GIS分类": "历史文化建筑在册全覆盖名录",
        "分级筛选": "市级",
        "可视化状态": "已定位"
      },
      "geometry": {
        "type": "Point",
        "coordinates": [
          112.97500000000002,
          28.194000000000074
        ]
      }
    },
    {
      "type": "Feature",
      "id": "heritage-registry:县级:98",
      "properties": {
        "标准名称": "铜官老街窑业遗存",
        "分类类别": "历史文化遗址",
        "单位等级层级": "区级",
        "所在区县": "望城区",
        "在册体系": "各级文物保护单位/历史文化遗址点位库",
        "批次": "既有点位库",
        "在册编号": "",
        "地址或位置": "",
        "建筑年代": "",
        "具体经度": 112.859,
        "纬度": 28.47,
        "坐标状态": "已定位",
        "资料来源": "长沙铜官窑与望城区历史文化资源资料",
        "资料来源URL": "",
        "数据状态": "区级线索，坐标为老街中心",
        "备注": "",
        "名称": "铜官老街窑业遗存",
        "来源图层": "历史文化建筑在册全覆盖名录_县级",
        "来源文件": "历史步道.gdb",
        "数据来源": "H:\\26.5长沙历史步道专项规划\\ArcGISPro历史步道\\历史步道\\历史步道.gdb",
        "坐标系统": "EPSG:4326",
        "几何类型": "Point",
        "GIS分类": "历史文化建筑在册全覆盖名录",
        "分级筛选": "县级",
        "可视化状态": "已定位"
      },
      "geometry": {
        "type": "Point",
        "coordinates": [
          112.85900000000004,
          28.470000000000027
        ]
      }
    },
    {
      "type": "Feature",
      "id": "heritage-registry:县级:99",
      "properties": {
        "标准名称": "乔口古镇街巷",
        "分类类别": "历史文化遗址",
        "单位等级层级": "区级",
        "所在区县": "望城区",
        "在册体系": "各级文物保护单位/历史文化遗址点位库",
        "批次": "既有点位库",
        "在册编号": "",
        "地址或位置": "",
        "建筑年代": "",
        "具体经度": 112.744,
        "纬度": 28.394,
        "坐标状态": "已定位",
        "资料来源": "望城区历史文化资源公开资料",
        "资料来源URL": "",
        "数据状态": "古镇级对象，坐标取街区中心",
        "备注": "",
        "名称": "乔口古镇街巷",
        "来源图层": "历史文化建筑在册全覆盖名录_县级",
        "来源文件": "历史步道.gdb",
        "数据来源": "H:\\26.5长沙历史步道专项规划\\ArcGISPro历史步道\\历史步道\\历史步道.gdb",
        "坐标系统": "EPSG:4326",
        "几何类型": "Point",
        "GIS分类": "历史文化建筑在册全覆盖名录",
        "分级筛选": "县级",
        "可视化状态": "已定位"
      },
      "geometry": {
        "type": "Point",
        "coordinates": [
          112.74400000000003,
          28.394000000000062
        ]
      }
    },
    {
      "type": "Feature",
      "id": "heritage-registry:县级:100",
      "properties": {
        "标准名称": "铜官陶城遗址群",
        "分类类别": "历史文化遗址",
        "单位等级层级": "区级",
        "所在区县": "望城区",
        "在册体系": "各级文物保护单位/历史文化遗址点位库",
        "批次": "既有点位库",
        "在册编号": "",
        "地址或位置": "",
        "建筑年代": "",
        "具体经度": 112.865,
        "纬度": 28.465,
        "坐标状态": "已定位",
        "资料来源": "长沙铜官窑与望城区历史文化资源资料",
        "资料来源URL": "",
        "数据状态": "区级线索，坐标为片区中心",
        "备注": "",
        "名称": "铜官陶城遗址群",
        "来源图层": "历史文化建筑在册全覆盖名录_县级",
        "来源文件": "历史步道.gdb",
        "数据来源": "H:\\26.5长沙历史步道专项规划\\ArcGISPro历史步道\\历史步道\\历史步道.gdb",
        "坐标系统": "EPSG:4326",
        "几何类型": "Point",
        "GIS分类": "历史文化建筑在册全覆盖名录",
        "分级筛选": "县级",
        "可视化状态": "已定位"
      },
      "geometry": {
        "type": "Point",
        "coordinates": [
          112.86500000000001,
          28.465000000000032
        ]
      }
    },
    {
      "type": "Feature",
      "id": "heritage-registry:县级:101",
      "properties": {
        "标准名称": "板仓杨氏老屋群",
        "分类类别": "历史文化遗址",
        "单位等级层级": "区级",
        "所在区县": "长沙县",
        "在册体系": "各级文物保护单位/历史文化遗址点位库",
        "批次": "既有点位库",
        "在册编号": "",
        "地址或位置": "",
        "建筑年代": "",
        "具体经度": 113.2915,
        "纬度": 28.5438,
        "坐标状态": "已定位",
        "资料来源": "杨开慧故居与板仓历史文化资源资料",
        "资料来源URL": "",
        "数据状态": "区县级线索，坐标取板仓核心片区",
        "备注": "",
        "名称": "板仓杨氏老屋群",
        "来源图层": "历史文化建筑在册全覆盖名录_县级",
        "来源文件": "历史步道.gdb",
        "数据来源": "H:\\26.5长沙历史步道专项规划\\ArcGISPro历史步道\\历史步道\\历史步道.gdb",
        "坐标系统": "EPSG:4326",
        "几何类型": "Point",
        "GIS分类": "历史文化建筑在册全覆盖名录",
        "分级筛选": "县级",
        "可视化状态": "已定位"
      },
      "geometry": {
        "type": "Point",
        "coordinates": [
          113.29150000000004,
          28.543800000000033
        ]
      }
    },
    {
      "type": "Feature",
      "id": "heritage-registry:县级:102",
      "properties": {
        "标准名称": "田汉文化园",
        "分类类别": "历史文化遗址",
        "单位等级层级": "区级",
        "所在区县": "长沙县",
        "在册体系": "各级文物保护单位/历史文化遗址点位库",
        "批次": "既有点位库",
        "在册编号": "",
        "地址或位置": "",
        "建筑年代": "",
        "具体经度": 113.195,
        "纬度": 28.2915,
        "坐标状态": "已定位",
        "资料来源": "田汉故居与长沙县文旅资料",
        "资料来源URL": "",
        "数据状态": "展示节点，坐标为文化园片区定位",
        "备注": "",
        "名称": "田汉文化园",
        "来源图层": "历史文化建筑在册全覆盖名录_县级",
        "来源文件": "历史步道.gdb",
        "数据来源": "H:\\26.5长沙历史步道专项规划\\ArcGISPro历史步道\\历史步道\\历史步道.gdb",
        "坐标系统": "EPSG:4326",
        "几何类型": "Point",
        "GIS分类": "历史文化建筑在册全覆盖名录",
        "分级筛选": "县级",
        "可视化状态": "已定位"
      },
      "geometry": {
        "type": "Point",
        "coordinates": [
          113.19500000000005,
          28.291500000000042
        ]
      }
    },
    {
      "type": "Feature",
      "id": "heritage-registry:县级:103",
      "properties": {
        "标准名称": "江背镇印山古村",
        "分类类别": "历史文化遗址",
        "单位等级层级": "区级",
        "所在区县": "长沙县",
        "在册体系": "各级文物保护单位/历史文化遗址点位库",
        "批次": "既有点位库",
        "在册编号": "",
        "地址或位置": "",
        "建筑年代": "",
        "具体经度": 113.204,
        "纬度": 28.064,
        "坐标状态": "已定位",
        "资料来源": "长沙县传统村落与历史文化资源资料",
        "资料来源URL": "",
        "数据状态": "村落级对象，坐标取村域中心",
        "备注": "",
        "名称": "江背镇印山古村",
        "来源图层": "历史文化建筑在册全覆盖名录_县级",
        "来源文件": "历史步道.gdb",
        "数据来源": "H:\\26.5长沙历史步道专项规划\\ArcGISPro历史步道\\历史步道\\历史步道.gdb",
        "坐标系统": "EPSG:4326",
        "几何类型": "Point",
        "GIS分类": "历史文化建筑在册全覆盖名录",
        "分级筛选": "县级",
        "可视化状态": "已定位"
      },
      "geometry": {
        "type": "Point",
        "coordinates": [
          113.20400000000006,
          28.064000000000078
        ]
      }
    },
    {
      "type": "Feature",
      "id": "历史步道.gdb:步道主线路:1",
      "properties": {
        "Shape_Length": 2400.045333462878,
        "步道主题": "书院文庙主题步道",
        "名称": "书院文庙主题步道",
        "来源图层": "步道主线路",
        "来源文件": "历史步道.gdb",
        "数据来源": "H:\\26.5长沙历史步道专项规划\\ArcGISPro历史步道\\历史步道\\历史步道.gdb",
        "坐标系统": "EPSG:4326",
        "几何类型": "MultiLineString",
        "GIS分类": "ArcGIS历史步道"
      },
      "geometry": {
        "type": "MultiLineString",
        "coordinates": [
          [
            [
              112.96551629626978,
              28.17733265422254,
              0.0
            ],
            [
              112.96617097677074,
              28.180986215714622,
              0.0
            ],
            [
              112.96447597171228,
              28.18117969345911,
              0.0
            ],
            [
              112.9647194986976,
              28.182563671145353,
              0.0
            ],
            [
              112.96501056901933,
              28.182520085541693,
              0.0
            ],
            [
              112.96511162948879,
              28.182873453460505,
              0.0
            ],
            [
              112.96525365942341,
              28.18316161125699,
              0.0
            ],
            [
              112.96538339860831,
              28.183365096731627,
              0.0
            ],
            [
              112.96547353286898,
              28.183474350836796,
              0.0
            ],
            [
              112.96552427959772,
              28.18348564997583,
              0.0
            ],
            [
              112.965554160259,
              28.183495549984325,
              0.0
            ],
            [
              112.96559917483789,
              28.183537171500834,
              0.0
            ],
            [
              112.96561692914115,
              28.183707880914373,
              0.0
            ],
            [
              112.96560054117543,
              28.183877224978797,
              0.0
            ],
            [
              112.96553089119818,
              28.184009695130435,
              0.0
            ],
            [
              112.96536564520338,
              28.184196792579353,
              0.0
            ],
            [
              112.96526864062741,
              28.184358946287446,
              0.0
            ],
            [
              112.9652372714577,
              28.18445900178841,
              0.0
            ],
            [
              112.9652522939842,
              28.184857779403682,
              0.0
            ],
            [
              112.96522529960991,
              28.185026670321353,
              0.0
            ],
            [
              112.96454688741576,
              28.1850727078964,
              0.0
            ],
            [
              112.96467331091895,
              28.1863305285227,
              0.0
            ],
            [
              112.96530233373878,
              28.187671054774636,
              0.0
            ],
            [
              112.96396328341672,
              28.18813894170461,
              0.0
            ],
            [
              112.96405174411599,
              28.188531099038368,
              0.0
            ],
            [
              112.9642792891741,
              28.188492150910015,
              0.0
            ],
            [
              112.96452903878938,
              28.188503105889065,
              0.0
            ],
            [
              112.96471861655199,
              28.188562902984252,
              0.0
            ],
            [
              112.96490208397407,
              28.188652469901264,
              0.0
            ],
            [
              112.96515489504785,
              28.18879115429279,
              0.0
            ],
            [
              112.96537470022143,
              28.18902663001226,
              0.0
            ],
            [
              112.965872940014,
              28.189755270174103,
              0.0
            ],
            [
              112.96606379518094,
              28.190073845546827,
              0.0
            ],
            [
              112.96613636198792,
              28.190288145980762,
              0.0
            ],
            [
              112.96629976913133,
              28.190866266413835,
              0.0
            ],
            [
              112.96638539744256,
              28.191344240538108,
              0.0
            ],
            [
              112.966466268276,
              28.19186542696541,
              0.0
            ]
          ]
        ]
      }
    },
    {
      "type": "Feature",
      "id": "历史步道.gdb:步道主线路:2",
      "properties": {
        "Shape_Length": 1076.9299554144213,
        "步道主题": "湖湘民俗主题步道",
        "名称": "湖湘民俗主题步道",
        "来源图层": "步道主线路",
        "来源文件": "历史步道.gdb",
        "数据来源": "H:\\26.5长沙历史步道专项规划\\ArcGISPro历史步道\\历史步道\\历史步道.gdb",
        "坐标系统": "EPSG:4326",
        "几何类型": "MultiLineString",
        "GIS分类": "ArcGIS历史步道"
      },
      "geometry": {
        "type": "MultiLineString",
        "coordinates": [
          [
            [
              112.966466268276,
              28.19186542696541,
              0.0
            ],
            [
              112.96649127647518,
              28.19204422186479,
              0.0
            ],
            [
              112.96663860467335,
              28.192301141178646,
              0.0
            ],
            [
              112.96673353773429,
              28.192510941625976,
              0.0
            ],
            [
              112.9668299287609,
              28.192682704771848,
              0.0
            ],
            [
              112.96696463832427,
              28.192944536885296,
              0.0
            ],
            [
              112.9671604180556,
              28.193461212902655,
              0.0
            ],
            [
              112.96726811976997,
              28.193741640167584,
              0.0
            ],
            [
              112.96652446473335,
              28.193900362276782,
              0.0
            ],
            [
              112.96614204023881,
              28.193974919799,
              0.0
            ],
            [
              112.96612854125506,
              28.194171616971758,
              0.0
            ],
            [
              112.96614346496686,
              28.19459448153361,
              0.0
            ],
            [
              112.9661501089067,
              28.194975517568018,
              0.0
            ],
            [
              112.96616011973221,
              28.195254845906234,
              0.0
            ],
            [
              112.9661486033303,
              28.195473465880205,
              0.0
            ],
            [
              112.96616637829479,
              28.195788567563103,
              0.0
            ],
            [
              112.96622178009332,
              28.196134880180615,
              0.0
            ],
            [
              112.96623168042606,
              28.196741739827004,
              0.0
            ],
            [
              112.96624061147664,
              28.19703455033536,
              0.0
            ],
            [
              112.96625746566798,
              28.197350318783986,
              0.0
            ],
            [
              112.96627311701518,
              28.19775778081716,
              0.0
            ],
            [
              112.9662815396193,
              28.198056617358336,
              0.0
            ],
            [
              112.9662815396193,
              28.19836494001106,
              0.0
            ],
            [
              112.9662815396193,
              28.198769411101107,
              0.0
            ],
            [
              112.96680384437998,
              28.198755614979955,
              0.0
            ],
            [
              112.96681382825606,
              28.19898773095802,
              0.0
            ]
          ]
        ]
      }
    },
    {
      "type": "Feature",
      "id": "历史步道.gdb:步道主线路:3",
      "properties": {
        "Shape_Length": 2349.809653295797,
        "步道主题": "教堂公馆主题步道",
        "名称": "教堂公馆主题步道",
        "来源图层": "步道主线路",
        "来源文件": "历史步道.gdb",
        "数据来源": "H:\\26.5长沙历史步道专项规划\\ArcGISPro历史步道\\历史步道\\历史步道.gdb",
        "坐标系统": "EPSG:4326",
        "几何类型": "MultiLineString",
        "GIS分类": "ArcGIS历史步道"
      },
      "geometry": {
        "type": "MultiLineString",
        "coordinates": [
          [
            [
              112.96681382825606,
              28.19898773095802,
              0.0
            ],
            [
              112.96826322044113,
              28.198939808805157,
              0.0
            ],
            [
              112.96827211466075,
              28.198950226735132,
              0.0
            ],
            [
              112.9682737999002,
              28.198986700170018,
              0.0
            ],
            [
              112.96828300044534,
              28.199702800142266,
              0.0
            ],
            [
              112.96828069985992,
              28.200216100194442,
              0.0
            ],
            [
              112.96824520023652,
              28.200668299631225,
              0.0
            ],
            [
              112.968236500053,
              28.201171596923217,
              0.0
            ],
            [
              112.96829072775341,
              28.20136352048906,
              0.0
            ],
            [
              112.96830411983767,
              28.20158035302729,
              0.0
            ],
            [
              112.96835279145807,
              28.202157800416817,
              0.0
            ],
            [
              112.96857830003543,
              28.202654299758933,
              0.0
            ],
            [
              112.96877235859468,
              28.203096462434985,
              0.0
            ],
            [
              112.96895140001735,
              28.203452613904762,
              0.0
            ],
            [
              112.96898530602942,
              28.203529612582287,
              0.0
            ],
            [
              112.9691064869646,
              28.203938972409606,
              0.0
            ],
            [
              112.9691180653503,
              28.20400325432366,
              0.0
            ],
            [
              112.96912993928174,
              28.20406918126482,
              0.0
            ],
            [
              112.96875163895265,
              28.204080677724725,
              0.0
            ],
            [
              112.96874351189429,
              28.20408092472206,
              0.0
            ],
            [
              112.96874230725348,
              28.204168185994785,
              0.0
            ],
            [
              112.96872723621797,
              28.20425081837863,
              0.0
            ],
            [
              112.96875685007963,
              28.204472740942062,
              0.0
            ],
            [
              112.96877267480166,
              28.2046824850369,
              0.0
            ],
            [
              112.9687502654286,
              28.204865824743777,
              0.0
            ],
            [
              112.9687126134418,
              28.20494361009625,
              0.0
            ],
            [
              112.9687274257625,
              28.205143182144656,
              0.0
            ],
            [
              112.96874411286721,
              28.205473701946946,
              0.0
            ],
            [
              112.96876823892079,
              28.20571841029405,
              0.0
            ],
            [
              112.96876158150624,
              28.205834244664132,
              0.0
            ],
            [
              112.96875288761089,
              28.205920052628734,
              0.0
            ],
            [
              112.96871333568726,
              28.20608063680233,
              0.0
            ],
            [
              112.968694071316,
              28.206428844501005,
              0.0
            ],
            [
              112.96847420326031,
              28.206478812060233,
              0.0
            ],
            [
              112.96850285053472,
              28.20659040004311,
              0.0
            ],
            [
              112.96857867553122,
              28.20694023051918,
              0.0
            ],
            [
              112.96865764912278,
              28.207265957747747,
              0.0
            ],
            [
              112.96871915407534,
              28.207618494184306,
              0.0
            ],
            [
              112.96879408255322,
              28.207936800984406,
              0.0
            ],
            [
              112.96886223054729,
              28.208226301893514,
              0.0
            ],
            [
              112.9688919001045,
              28.20840817971819,
              0.0
            ],
            [
              112.9689019801003,
              28.208649744136324,
              0.0
            ],
            [
              112.96898365133268,
              28.20905988942284,
              0.0
            ],
            [
              112.96900151972197,
              28.2091478400882,
              0.0
            ],
            [
              112.96899747909983,
              28.20919232440556,
              0.0
            ],
            [
              112.96895191834527,
              28.209403843542503,
              0.0
            ],
            [
              112.96897930528331,
              28.209585299804992,
              0.0
            ],
            [
              112.9690414570229,
              28.209781105381246,
              0.0
            ],
            [
              112.96907160089057,
              28.209973162304177,
              0.0
            ],
            [
              112.96903289607823,
              28.210124967726184,
              0.0
            ],
            [
              112.96900923984353,
              28.210241060924933,
              0.0
            ],
            [
              112.96899559982425,
              28.21030799965468,
              0.0
            ],
            [
              112.96898728950958,
              28.210573146590825,
              0.0
            ],
            [
              112.96896023404983,
              28.210826030859444,
              0.0
            ],
            [
              112.96896549997402,
              28.21149299979654,
              0.0
            ],
            [
              112.96908421144052,
              28.211502764221493,
              0.0
            ],
            [
              112.96908018788635,
              28.211793446825155,
              0.0
            ],
            [
              112.96909026698386,
              28.212217416379413,
              0.0
            ],
            [
              112.97001636087148,
              28.212592230167548,
              0.0
            ],
            [
              112.97002626659415,
              28.212609203547206,
              0.0
            ],
            [
              112.9699228498437,
              28.212821854228764,
              0.0
            ],
            [
              112.96980883656614,
              28.213051041629246,
              0.0
            ],
            [
              112.9697782651004,
              28.21315026997081,
              0.0
            ],
            [
              112.96977383999929,
              28.21327503491617,
              0.0
            ],
            [
              112.97031806275461,
              28.21330622593183,
              0.0
            ],
            [
              112.97043294739798,
              28.213435349183005,
              0.0
            ],
            [
              112.97053979122126,
              28.213630081432882,
              0.0
            ],
            [
              112.97058354456549,
              28.213774409082944,
              0.0
            ],
            [
              112.97062335789887,
              28.21385986949563,
              0.0
            ],
            [
              112.97069833488575,
              28.213969572128327,
              0.0
            ],
            [
              112.97076554414035,
              28.21414879549271,
              0.0
            ],
            [
              112.97075597528595,
              28.214255555515678,
              0.0
            ],
            [
              112.97070920180575,
              28.214345762661,
              0.0
            ]
          ]
        ]
      }
    },
    {
      "type": "Feature",
      "id": "历史步道.gdb:步道主线路:4",
      "properties": {
        "Shape_Length": 1775.5016072123044,
        "步道主题": "千年古刹主题步道",
        "名称": "千年古刹主题步道",
        "来源图层": "步道主线路",
        "来源文件": "历史步道.gdb",
        "数据来源": "H:\\26.5长沙历史步道专项规划\\ArcGISPro历史步道\\历史步道\\历史步道.gdb",
        "坐标系统": "EPSG:4326",
        "几何类型": "MultiLineString",
        "GIS分类": "ArcGIS历史步道"
      },
      "geometry": {
        "type": "MultiLineString",
        "coordinates": [
          [
            [
              112.97070920180575,
              28.214345762661,
              0.0
            ],
            [
              112.9707276316421,
              28.214793309548707,
              0.0
            ],
            [
              112.97073280144656,
              28.214989765752495,
              0.0
            ],
            [
              112.97076726710907,
              28.215343042148525,
              0.0
            ],
            [
              112.97077361999477,
              28.215451850362324,
              0.0
            ],
            [
              112.97080140219153,
              28.215858644138812,
              0.0
            ],
            [
              112.97081610401949,
              28.216041786559625,
              0.0
            ],
            [
              112.9708706649949,
              28.216185735746826,
              0.0
            ],
            [
              112.9708703999919,
              28.216715133012848,
              0.0
            ],
            [
              112.97086204835468,
              28.21734207082615,
              0.0
            ],
            [
              112.97086228191667,
              28.217588062010766,
              0.0
            ],
            [
              112.9708776188535,
              28.21792625463718,
              0.0
            ],
            [
              112.97090685452444,
              28.2182795458564,
              0.0
            ],
            [
              112.9709464899914,
              28.218756900257723,
              0.0
            ],
            [
              112.97098267952094,
              28.219280783535293,
              0.0
            ],
            [
              112.97099129616113,
              28.219677142067987,
              0.0
            ],
            [
              112.97100506463951,
              28.219949837619147,
              0.0
            ],
            [
              112.9710033596371,
              28.22020102557946,
              0.0
            ],
            [
              112.97103093252643,
              28.220716292247186,
              0.0
            ],
            [
              112.97105505858,
              28.221073015816483,
              0.0
            ],
            [
              112.97105505768168,
              28.221169332574732,
              0.0
            ],
            [
              112.97104539989408,
              28.221308359445317,
              0.0
            ],
            [
              112.97105323679664,
              28.221480572583044,
              0.0
            ],
            [
              112.97109742941701,
              28.221644446696406,
              0.0
            ],
            [
              112.9711550096301,
              28.221839884264863,
              0.0
            ],
            [
              112.97117051904347,
              28.22197430120939,
              0.0
            ],
            [
              112.97118339908803,
              28.222081261579266,
              0.0
            ],
            [
              112.9712620313198,
              28.222800364891548,
              0.0
            ],
            [
              112.97126130009116,
              28.22297050026202,
              0.0
            ],
            [
              112.97129804388119,
              28.223116849485848,
              0.0
            ],
            [
              112.97143073762508,
              28.223489082672213,
              0.0
            ],
            [
              112.9715668782047,
              28.223844082562252,
              0.0
            ],
            [
              112.97168061659777,
              28.224140489801826,
              0.0
            ],
            [
              112.97170915427773,
              28.22426077621452,
              0.0
            ],
            [
              112.97177630424352,
              28.22453035418609,
              0.0
            ],
            [
              112.97184605303546,
              28.22509347478128,
              0.0
            ],
            [
              112.97192877170345,
              28.2255966783502,
              0.0
            ],
            [
              112.97195462072574,
              28.22580175149289,
              0.0
            ],
            [
              112.97195056752719,
              28.22618133383966,
              0.0
            ],
            [
              112.9719880146981,
              28.22679658037559,
              0.0
            ],
            [
              112.97199589831307,
              28.22692609572073,
              0.0
            ],
            [
              112.9720011498642,
              28.22697876532863,
              0.0
            ],
            [
              112.97235815473114,
              28.226950825784836,
              0.0
            ],
            [
              112.97236126829192,
              28.226975503604937,
              0.0
            ],
            [
              112.97236821316737,
              28.22716315821954,
              0.0
            ],
            [
              112.97235787355848,
              28.22749403173303,
              0.0
            ],
            [
              112.97235636259217,
              28.227762958855106,
              0.0
            ],
            [
              112.97235787355848,
              28.227945537107754,
              0.0
            ]
          ]
        ]
      }
    },
    {
      "type": "Feature",
      "id": "历史步道.gdb:书院文庙主题支步道:1",
      "properties": {
        "Shape_Length": 327.43719861855175,
        "道路等级": "主要",
        "步道名称": "",
        "街巷简介": "",
        "名称": "未命名要素",
        "来源图层": "书院文庙主题支步道",
        "来源文件": "历史步道.gdb",
        "数据来源": "H:\\26.5长沙历史步道专项规划\\ArcGISPro历史步道\\历史步道\\历史步道.gdb",
        "坐标系统": "EPSG:4326",
        "几何类型": "MultiLineString",
        "GIS分类": "ArcGIS历史步道"
      },
      "geometry": {
        "type": "MultiLineString",
        "coordinates": [
          [
            [
              112.96566056929768,
              28.178213508308637,
              0.0
            ],
            [
              112.96534780645845,
              28.178233219030023,
              0.0
            ],
            [
              112.96288718704629,
              28.17830098470305,
              0.0
            ],
            [
              112.96272121161944,
              28.17829699299183,
              0.0
            ]
          ]
        ]
      }
    },
    {
      "type": "Feature",
      "id": "历史步道.gdb:书院文庙主题支步道:2",
      "properties": {
        "Shape_Length": 1727.7862563791687,
        "道路等级": "主要",
        "步道名称": "妙高峰巷",
        "街巷简介": "妙高峰巷位于书院文庙—天心阁历史城区，街巷线长约1728米，邻近沙家巷、黄兴南路沿街步道。",
        "名称": "妙高峰巷",
        "来源图层": "书院文庙主题支步道",
        "来源文件": "历史步道.gdb",
        "数据来源": "H:\\26.5长沙历史步道专项规划\\ArcGISPro历史步道\\历史步道\\历史步道.gdb",
        "坐标系统": "EPSG:4326",
        "几何类型": "MultiLineString",
        "GIS分类": "ArcGIS历史步道"
      },
      "geometry": {
        "type": "MultiLineString",
        "coordinates": [
          [
            [
              112.96611212184827,
              28.18066172441257,
              0.0
            ],
            [
              112.96652779119486,
              28.180592329853027,
              0.0
            ],
            [
              112.96665304329494,
              28.180537015615183,
              0.0
            ],
            [
              112.96671799867649,
              28.180493075236253,
              0.0
            ],
            [
              112.96692623804081,
              28.18046059741553,
              0.0
            ],
            [
              112.96718605866877,
              28.180470149297566,
              0.0
            ],
            [
              112.9673376179319,
              28.180463336366113,
              0.0
            ],
            [
              112.96784610031534,
              28.180338709688115,
              0.0
            ],
            [
              112.96794534259467,
              28.180670626974784,
              0.0
            ],
            [
              112.96857817876285,
              28.18055719467308,
              0.0
            ],
            [
              112.9688139999997,
              28.180479582403805,
              0.0
            ],
            [
              112.96905579143987,
              28.180339283767765,
              0.0
            ],
            [
              112.96912743298209,
              28.180315402844126,
              0.0
            ],
            [
              112.96919012011757,
              28.180315402844126,
              0.0
            ],
            [
              112.96929758288006,
              28.180345254195807,
              0.0
            ],
            [
              112.96949459779492,
              28.1804467466704,
              0.0
            ],
            [
              112.97019779989763,
              28.18111208005743,
              0.0
            ],
            [
              112.97056643974416,
              28.181451059613334,
              0.0
            ],
            [
              112.97086474779212,
              28.18179301614185,
              0.0
            ],
            [
              112.9711095234357,
              28.182034807005408,
              0.0
            ],
            [
              112.97164086704477,
              28.182210926948937,
              0.0
            ],
            [
              112.97177519572247,
              28.182300479391625,
              0.0
            ],
            [
              112.97184788739527,
              28.182323305960487,
              0.0
            ],
            [
              112.97182271839762,
              28.182397792375017,
              0.0
            ],
            [
              112.97179520030554,
              28.182784800208704,
              0.0
            ],
            [
              112.97167561387997,
              28.183123763376837,
              0.0
            ],
            [
              112.97163931565429,
              28.183219285322643,
              0.0
            ],
            [
              112.97158392283893,
              28.18344563344013,
              0.0
            ],
            [
              112.97150399793145,
              28.183667416297755,
              0.0
            ],
            [
              112.97146882978642,
              28.183818605849012,
              0.0
            ],
            [
              112.97149711054817,
              28.183946155783016,
              0.0
            ],
            [
              112.97156840174745,
              28.184223142276736,
              0.0
            ],
            [
              112.97162324748881,
              28.18443210105382,
              0.0
            ],
            [
              112.97165246160014,
              28.184497485013914,
              0.0
            ],
            [
              112.97168151131982,
              28.18453320245797,
              0.0
            ],
            [
              112.97169818674644,
              28.1845434681824,
              0.0
            ],
            [
              112.97172897470615,
              28.18457538970947,
              0.0
            ],
            [
              112.97175262375434,
              28.184632426403613,
              0.0
            ],
            [
              112.971772100128,
              28.184690854263,
              0.0
            ],
            [
              112.97177937019359,
              28.184828778122064,
              0.0
            ],
            [
              112.97181661704025,
              28.185038641533843,
              0.0
            ],
            [
              112.97189869431111,
              28.185027512003973,
              0.0
            ],
            [
              112.9719348640777,
              28.18503307676907,
              0.0
            ],
            [
              112.9720072036109,
              28.18510402512307,
              0.0
            ],
            [
              112.97204434894792,
              28.18513384821684,
              0.0
            ],
            [
              112.97205567041544,
              28.185143526369185,
              0.0
            ],
            [
              112.97236316912708,
              28.18523420070863,
              0.0
            ],
            [
              112.97250330002319,
              28.185312100116647,
              0.0
            ],
            [
              112.97272961259273,
              28.1854978286471,
              0.0
            ],
            [
              112.97288539214108,
              28.185636807719433,
              0.0
            ],
            [
              112.97337471076455,
              28.185090683314172,
              0.0
            ],
            [
              112.97350124835378,
              28.184897162762507,
              0.0
            ],
            [
              112.97356993982862,
              28.184752470674372,
              0.0
            ],
            [
              112.97361161896283,
              28.18467456927504,
              0.0
            ],
            [
              112.9736805996952,
              28.18467965581018,
              0.0
            ],
            [
              112.97379509985963,
              28.184672159821908,
              0.0
            ],
            [
              112.97386320024302,
              28.1846193996732,
              0.0
            ],
            [
              112.973936761485,
              28.18456326008457,
              0.0
            ],
            [
              112.9739836041355,
              28.184502425073894,
              0.0
            ],
            [
              112.97401483676127,
              28.184444092919765,
              0.0
            ],
            [
              112.97414124678976,
              28.184337767106207,
              0.0
            ],
            [
              112.97429579474786,
              28.18419212726173,
              0.0
            ],
            [
              112.97442503985936,
              28.184056541577746,
              0.0
            ],
            [
              112.97445842754352,
              28.184007744910264,
              0.0
            ],
            [
              112.97449823548703,
              28.18398591479414,
              0.0
            ],
            [
              112.97457014742214,
              28.18373550871168,
              0.0
            ],
            [
              112.97458371288124,
              28.183612102066878,
              0.0
            ],
            [
              112.97462793334942,
              28.18338879248216,
              0.0
            ],
            [
              112.97469470781944,
              28.183202593910597,
              0.0
            ],
            [
              112.97475506203013,
              28.183062623490688,
              0.0
            ],
            [
              112.97481239969807,
              28.18295892750333,
              0.0
            ],
            [
              112.97491943126924,
              28.182863582691596,
              0.0
            ]
          ]
        ]
      }
    },
    {
      "type": "Feature",
      "id": "历史步道.gdb:书院文庙主题支步道:3",
      "properties": {
        "Shape_Length": 1054.6145432044073,
        "道路等级": "主要",
        "步道名称": "天心阁路",
        "街巷简介": "",
        "名称": "天心阁路",
        "来源图层": "书院文庙主题支步道",
        "来源文件": "历史步道.gdb",
        "数据来源": "H:\\26.5长沙历史步道专项规划\\ArcGISPro历史步道\\历史步道\\历史步道.gdb",
        "坐标系统": "EPSG:4326",
        "几何类型": "MultiLineString",
        "GIS分类": "ArcGIS历史步道"
      },
      "geometry": {
        "type": "MultiLineString",
        "coordinates": [
          [
            [
              112.97458677883132,
              28.183596619809816,
              0.0
            ],
            [
              112.97473074283874,
              28.183643338164966,
              0.0
            ],
            [
              112.97477152096275,
              28.18366743530118,
              0.0
            ],
            [
              112.9748085926379,
              28.18371933443146,
              0.0
            ],
            [
              112.974932782031,
              28.183889863022042,
              0.0
            ],
            [
              112.97496799958341,
              28.183915812932263,
              0.0
            ],
            [
              112.97533315216997,
              28.184125265605044,
              0.0
            ],
            [
              112.97542212311235,
              28.184193847854974,
              0.0
            ],
            [
              112.97549255911547,
              28.184255015599305,
              0.0
            ],
            [
              112.97554631250541,
              28.184306915236213,
              0.0
            ],
            [
              112.97560747969145,
              28.184419983289718,
              0.0
            ],
            [
              112.97570942589978,
              28.184614607685653,
              0.0
            ],
            [
              112.97581322623085,
              28.18481849975624,
              0.0
            ],
            [
              112.97585400435487,
              28.184922300041453,
              0.0
            ],
            [
              112.97589663660162,
              28.185052049068556,
              0.0
            ],
            [
              112.97597077905358,
              28.185285598662546,
              0.0
            ],
            [
              112.97603380036233,
              28.185526562120327,
              0.0
            ],
            [
              112.97607643260908,
              28.185695237405376,
              0.0
            ],
            [
              112.97617281824581,
              28.18601590412218,
              0.0
            ],
            [
              112.9762729103314,
              28.18622721101316,
              0.0
            ],
            [
              112.97633778576292,
              28.186505245468044,
              0.0
            ],
            [
              112.9763266637214,
              28.186764745065474,
              0.0
            ],
            [
              112.97638591659751,
              28.187004694080766,
              0.0
            ],
            [
              112.97653908564166,
              28.187396497689697,
              0.0
            ],
            [
              112.97680690127562,
              28.188055329311137,
              0.0
            ],
            [
              112.97695583027165,
              28.18831324238817,
              0.0
            ],
            [
              112.97710695205527,
              28.188576551567763,
              0.0
            ],
            [
              112.97754231247288,
              28.189056931032365,
              0.0
            ],
            [
              112.97805192853019,
              28.189562501533512,
              0.0
            ],
            [
              112.97840652681047,
              28.18986785661597,
              0.0
            ],
            [
              112.97853433282093,
              28.18997720621376,
              0.0
            ],
            [
              112.97901017761342,
              28.189811194052034,
              0.0
            ],
            [
              112.97939351120303,
              28.189669400139596,
              0.0
            ]
          ]
        ]
      }
    },
    {
      "type": "Feature",
      "id": "历史步道.gdb:书院文庙主题支步道:4",
      "properties": {
        "Shape_Length": 684.7892566986507,
        "道路等级": "主要",
        "步道名称": "都正街",
        "街巷简介": "长沙古城传统历史街巷，沿线保存都正街52号、都正街四条巷19号等历史建筑资源。",
        "名称": "都正街",
        "来源图层": "书院文庙主题支步道",
        "来源文件": "历史步道.gdb",
        "数据来源": "H:\\26.5长沙历史步道专项规划\\ArcGISPro历史步道\\历史步道\\历史步道.gdb",
        "坐标系统": "EPSG:4326",
        "几何类型": "MultiLineString",
        "GIS分类": "ArcGIS历史步道"
      },
      "geometry": {
        "type": "MultiLineString",
        "coordinates": [
          [
            [
              112.97853433282093,
              28.18997720621376,
              0.0
            ],
            [
              112.97798925666609,
              28.190165457108943,
              0.0
            ],
            [
              112.9770311360419,
              28.19050522743341,
              0.0
            ],
            [
              112.97619539829878,
              28.190812791990503,
              0.0
            ],
            [
              112.97618658043598,
              28.190685579619377,
              0.0
            ],
            [
              112.97617958705148,
              28.19058850062181,
              0.0
            ],
            [
              112.9761132734172,
              28.1904086106596,
              0.0
            ],
            [
              112.97599521412764,
              28.190140989309374,
              0.0
            ],
            [
              112.97583328471282,
              28.189772808542592,
              0.0
            ],
            [
              112.97571206065851,
              28.189578716893354,
              0.0
            ],
            [
              112.97555481505958,
              28.1893877919597,
              0.0
            ],
            [
              112.97540934008586,
              28.18918799967049,
              0.0
            ],
            [
              112.97492920044795,
              28.189389600355447,
              0.0
            ],
            [
              112.97475954013183,
              28.189398479229748,
              0.0
            ],
            [
              112.97473099616366,
              28.188747891103457,
              0.0
            ],
            [
              112.97457558133132,
              28.18875133135147,
              0.0
            ]
          ]
        ]
      }
    },
    {
      "type": "Feature",
      "id": "历史步道.gdb:书院文庙主题支步道:5",
      "properties": {
        "Shape_Length": 324.32456278910104,
        "道路等级": "一般",
        "步道名称": "由异巷",
        "街巷简介": "由异巷位于书院文庙—天心阁历史城区，街巷线长约324米，邻近长沙剧院街、劳动西路沿街步道。",
        "名称": "由异巷",
        "来源图层": "书院文庙主题支步道",
        "来源文件": "历史步道.gdb",
        "数据来源": "H:\\26.5长沙历史步道专项规划\\ArcGISPro历史步道\\历史步道\\历史步道.gdb",
        "坐标系统": "EPSG:4326",
        "几何类型": "MultiLineString",
        "GIS分类": "ArcGIS历史步道"
      },
      "geometry": {
        "type": "MultiLineString",
        "coordinates": [
          [
            [
              112.96617097677074,
              28.180986215714622,
              0.0
            ],
            [
              112.96623652054883,
              28.181310565086914,
              0.0
            ],
            [
              112.96628590273663,
              28.181510743462336,
              0.0
            ],
            [
              112.96655907771958,
              28.18147695627123,
              0.0
            ],
            [
              112.96669928946407,
              28.18145841646609,
              0.0
            ],
            [
              112.96704063400068,
              28.181391876165144,
              0.0
            ],
            [
              112.96738323528038,
              28.181322146344876,
              0.0
            ],
            [
              112.96774647086212,
              28.181248637087773,
              0.0
            ],
            [
              112.96794162895928,
              28.18115026121736,
              0.0
            ],
            [
              112.96787813244174,
              28.18099007271455,
              0.0
            ],
            [
              112.96793999672042,
              28.18083461753347,
              0.0
            ],
            [
              112.9678987532691,
              28.180710886849273,
              0.0
            ],
            [
              112.96794534259467,
              28.180670626974784,
              0.0
            ]
          ]
        ]
      }
    },
    {
      "type": "Feature",
      "id": "历史步道.gdb:书院文庙主题支步道:6",
      "properties": {
        "Shape_Length": 269.5311121625901,
        "道路等级": "主要",
        "步道名称": "上黎家坡巷",
        "街巷简介": "上黎家坡巷位于书院文庙—天心阁历史城区，街巷线长约270米，邻近泉嘶井、师敬湾巷。",
        "名称": "上黎家坡巷",
        "来源图层": "书院文庙主题支步道",
        "来源文件": "历史步道.gdb",
        "数据来源": "H:\\26.5长沙历史步道专项规划\\ArcGISPro历史步道\\历史步道\\历史步道.gdb",
        "坐标系统": "EPSG:4326",
        "几何类型": "MultiLineString",
        "GIS分类": "ArcGIS历史步道"
      },
      "geometry": {
        "type": "MultiLineString",
        "coordinates": [
          [
            [
              112.96827743987375,
              28.18923811939352,
              0.0
            ],
            [
              112.96824484989355,
              28.18927489543104,
              0.0
            ],
            [
              112.96804705164779,
              28.18935309910063,
              0.0
            ],
            [
              112.96763272079096,
              28.189502154719992,
              0.0
            ],
            [
              112.96712707528718,
              28.18971858297949,
              0.0
            ],
            [
              112.9667089706079,
              28.189893544585164,
              0.0
            ],
            [
              112.96645336307861,
              28.189989467448783,
              0.0
            ],
            [
              112.96629143995204,
              28.190044080046164,
              0.0
            ],
            [
              112.966140305592,
              28.190087882692474,
              0.0
            ],
            [
              112.96607433331754,
              28.19010496574343,
              0.0
            ]
          ]
        ]
      }
    },
    {
      "type": "Feature",
      "id": "历史步道.gdb:书院文庙主题支步道:7",
      "properties": {
        "Shape_Length": 336.7071661626872,
        "道路等级": "主要",
        "步道名称": "学院巷",
        "街巷简介": "学院巷位于书院文庙—天心阁历史城区，街巷线长约337米，邻近登仁桥巷、三府坪巷。",
        "名称": "学院巷",
        "来源图层": "书院文庙主题支步道",
        "来源文件": "历史步道.gdb",
        "数据来源": "H:\\26.5长沙历史步道专项规划\\ArcGISPro历史步道\\历史步道\\历史步道.gdb",
        "坐标系统": "EPSG:4326",
        "几何类型": "MultiLineString",
        "GIS分类": "ArcGIS历史步道"
      },
      "geometry": {
        "type": "MultiLineString",
        "coordinates": [
          [
            [
              112.97065921056017,
              28.188473001071873,
              0.0
            ],
            [
              112.97009807971457,
              28.188493070159186,
              0.0
            ],
            [
              112.9696826286586,
              28.18851979172302,
              0.0
            ],
            [
              112.969527757307,
              28.18853526376594,
              0.0
            ],
            [
              112.96903000080808,
              28.18862191698281,
              0.0
            ],
            [
              112.96867373345795,
              28.188691116306025,
              0.0
            ],
            [
              112.9683539206404,
              28.188779109865706,
              0.0
            ],
            [
              112.96818280774845,
              28.188805003165296,
              0.0
            ],
            [
              112.96826880706388,
              28.189138102411018,
              0.0
            ],
            [
              112.96829354397185,
              28.189219946731,
              0.0
            ],
            [
              112.96827743987375,
              28.18923811939352,
              0.0
            ]
          ]
        ]
      }
    },
    {
      "type": "Feature",
      "id": "历史步道.gdb:书院文庙主题支步道:8",
      "properties": {
        "Shape_Length": 496.25920405236974,
        "道路等级": "主要",
        "步道名称": "小古道巷",
        "街巷简介": "长沙古城传统历史街巷，与大古道巷共同保留老城街巷尺度和白果园—化龙池片区肌理。",
        "名称": "小古道巷",
        "来源图层": "书院文庙主题支步道",
        "来源文件": "历史步道.gdb",
        "数据来源": "H:\\26.5长沙历史步道专项规划\\ArcGISPro历史步道\\历史步道\\历史步道.gdb",
        "坐标系统": "EPSG:4326",
        "几何类型": "MultiLineString",
        "GIS分类": "ArcGIS历史步道"
      },
      "geometry": {
        "type": "MultiLineString",
        "coordinates": [
          [
            [
              112.97457558133132,
              28.18875133135147,
              0.0
            ],
            [
              112.97400780025767,
              28.188763899934475,
              0.0
            ],
            [
              112.97397144274318,
              28.188764090751448,
              0.0
            ],
            [
              112.97385078372915,
              28.188637989174534,
              0.0
            ],
            [
              112.97375514010085,
              28.188532669916604,
              0.0
            ],
            [
              112.97365333223306,
              28.188395177601908,
              0.0
            ],
            [
              112.97362931846888,
              28.18836849480389,
              0.0
            ],
            [
              112.97341491396679,
              28.188342623568253,
              0.0
            ],
            [
              112.97316827881058,
              28.18829587084479,
              0.0
            ],
            [
              112.97279793755489,
              28.188325362086353,
              0.0
            ],
            [
              112.97269134076835,
              28.188328233061885,
              0.0
            ],
            [
              112.97247609723976,
              28.188229081430556,
              0.0
            ],
            [
              112.97234251775701,
              28.188259439684554,
              0.0
            ],
            [
              112.97193118817155,
              28.188383551187126,
              0.0
            ],
            [
              112.9711345199568,
              28.18860012027148,
              0.0
            ],
            [
              112.97103792860587,
              28.18861682984346,
              0.0
            ],
            [
              112.97086278676986,
              28.1886359780723,
              0.0
            ],
            [
              112.97072592035148,
              28.18867131012431,
              0.0
            ],
            [
              112.97070594002295,
              28.188471329637494,
              0.0
            ],
            [
              112.97065921056017,
              28.188473001071873,
              0.0
            ]
          ]
        ]
      }
    },
    {
      "type": "Feature",
      "id": "历史步道.gdb:书院文庙主题支步道:9",
      "properties": {
        "Shape_Length": 299.8213445035137,
        "道路等级": "一般",
        "步道名称": "下碧湘街",
        "街巷简介": "长沙古城传统街巷，沿线下碧湘街119号被列入历史建筑资源，保留老城居住生活印记。",
        "名称": "下碧湘街",
        "来源图层": "书院文庙主题支步道",
        "来源文件": "历史步道.gdb",
        "数据来源": "H:\\26.5长沙历史步道专项规划\\ArcGISPro历史步道\\历史步道\\历史步道.gdb",
        "坐标系统": "EPSG:4326",
        "几何类型": "MultiLineString",
        "GIS分类": "ArcGIS历史步道"
      },
      "geometry": {
        "type": "MultiLineString",
        "coordinates": [
          [
            [
              112.96467331091895,
              28.1863305285227,
              0.0
            ],
            [
              112.96504966549713,
              28.186291151234336,
              99.0
            ],
            [
              112.96544344290025,
              28.186249544250263,
              99.0
            ],
            [
              112.96565444817733,
              28.18622725535341,
              99.0
            ],
            [
              112.96589368570716,
              28.18621388201307,
              99.0
            ],
            [
              112.96605714046133,
              28.18620199407019,
              99.0
            ],
            [
              112.96728156395652,
              28.186062314996942,
              99.0
            ],
            [
              112.96734843185129,
              28.186062314996942,
              99.0
            ]
          ]
        ]
      }
    },
    {
      "type": "Feature",
      "id": "历史步道.gdb:书院文庙主题支步道:10",
      "properties": {
        "Shape_Length": 493.423828027103,
        "道路等级": "一般",
        "步道名称": "上碧湘街",
        "街巷简介": "上碧湘街位于书院文庙—天心阁历史城区，街巷线长约493米，邻近西湖路沿街步道、清泰祠巷。",
        "名称": "上碧湘街",
        "来源图层": "书院文庙主题支步道",
        "来源文件": "历史步道.gdb",
        "数据来源": "H:\\26.5长沙历史步道专项规划\\ArcGISPro历史步道\\历史步道\\历史步道.gdb",
        "坐标系统": "EPSG:4326",
        "几何类型": "MultiLineString",
        "GIS分类": "ArcGIS历史步道"
      },
      "geometry": {
        "type": "MultiLineString",
        "coordinates": [
          [
            [
              112.96734843185129,
              28.186062314996942,
              99.0
            ],
            [
              112.96755349297615,
              28.186037053674728,
              99.0
            ],
            [
              112.96770654613762,
              28.186019222522177,
              99.0
            ],
            [
              112.96812558416653,
              28.186026651905493,
              99.0
            ],
            [
              112.9683811674413,
              28.186037053674728,
              99.0
            ],
            [
              112.96868875957773,
              28.186062314996942,
              99.0
            ],
            [
              112.96897852015574,
              28.186063800397957,
              99.0
            ],
            [
              112.96973892068759,
              28.18608214858292,
              99.0
            ],
            [
              112.97006179496361,
              28.186103915719553,
              99.0
            ],
            [
              112.97050076032048,
              28.18611842687758,
              99.0
            ],
            [
              112.97088168013691,
              28.186100287731787,
              99.0
            ],
            [
              112.97127348394136,
              28.18605675424438,
              99.0
            ],
            [
              112.97151291910056,
              28.18598419760086,
              99.0
            ],
            [
              112.97170238457373,
              28.185915598288062,
              99.0
            ],
            [
              112.97173921639873,
              28.185903719813506,
              99.0
            ]
          ]
        ]
      }
    },
    {
      "type": "Feature",
      "id": "历史步道.gdb:书院文庙主题支步道:11",
      "properties": {
        "Shape_Length": 225.12315300784417,
        "道路等级": "一般",
        "步道名称": "吴家坪巷",
        "街巷简介": "吴家坪巷位于书院文庙—天心阁历史城区，街巷线长约225米，邻近沙家巷、城南西路沿街步道。",
        "名称": "吴家坪巷",
        "来源图层": "书院文庙主题支步道",
        "来源文件": "历史步道.gdb",
        "数据来源": "H:\\26.5长沙历史步道专项规划\\ArcGISPro历史步道\\历史步道\\历史步道.gdb",
        "坐标系统": "EPSG:4326",
        "几何类型": "MultiLineString",
        "GIS分类": "ArcGIS历史步道"
      },
      "geometry": {
        "type": "MultiLineString",
        "coordinates": [
          [
            [
              112.9718731516143,
              28.18685581233933,
              99.0
            ],
            [
              112.97184789098853,
              28.18674585224853,
              99.0
            ],
            [
              112.97182857361663,
              28.186491754185987,
              99.0
            ],
            [
              112.97175576156961,
              28.186288179646798,
              99.0
            ],
            [
              112.97174238834998,
              28.18616930340806,
              99.0
            ],
            [
              112.97174387416345,
              28.185940466909877,
              99.0
            ],
            [
              112.97173050094382,
              28.185834964465773,
              99.0
            ],
            [
              112.97171266938544,
              28.18571757392077,
              99.0
            ],
            [
              112.97164431567715,
              28.18549616745953,
              99.0
            ],
            [
              112.9715982509677,
              28.185298535838694,
              99.0
            ],
            [
              112.971556644597,
              28.1851038762649,
              99.0
            ]
          ]
        ]
      }
    },
    {
      "type": "Feature",
      "id": "历史步道.gdb:书院文庙主题支步道:12",
      "properties": {
        "Shape_Length": 138.0709559875257,
        "道路等级": "一般",
        "步道名称": "沙家巷",
        "街巷简介": "沙家巷位于书院文庙—天心阁历史城区，街巷线长约138米，邻近黄兴南路沿街步道、吴家坪巷。",
        "名称": "沙家巷",
        "来源图层": "书院文庙主题支步道",
        "来源文件": "历史步道.gdb",
        "数据来源": "H:\\26.5长沙历史步道专项规划\\ArcGISPro历史步道\\历史步道\\历史步道.gdb",
        "坐标系统": "EPSG:4326",
        "几何类型": "MultiLineString",
        "GIS分类": "ArcGIS历史步道"
      },
      "geometry": {
        "type": "MultiLineString",
        "coordinates": [
          [
            [
              112.97181661704025,
              28.185038641533843,
              0.0
            ],
            [
              112.97158190522278,
              28.18509198899039,
              99.0
            ],
            [
              112.971556644597,
              28.1851038762649,
              99.0
            ],
            [
              112.97135306928564,
              28.18514845531413,
              99.0
            ],
            [
              112.97125796823975,
              28.185173716054475,
              99.0
            ],
            [
              112.97089688232647,
              28.185190061934904,
              99.0
            ],
            [
              112.97068141960894,
              28.185201949198508,
              99.0
            ],
            [
              112.97060117849452,
              28.18521978048736,
              99.0
            ]
          ]
        ]
      }
    },
    {
      "type": "Feature",
      "id": "历史步道.gdb:书院文庙主题支步道:13",
      "properties": {
        "Shape_Length": 307.2236747619258,
        "道路等级": "一般",
        "步道名称": "敦仁里",
        "街巷简介": "敦仁里位于书院文庙—天心阁历史城区，街巷线长约307米，邻近锡庆礼巷、上碧湘街。",
        "名称": "敦仁里",
        "来源图层": "书院文庙主题支步道",
        "来源文件": "历史步道.gdb",
        "数据来源": "H:\\26.5长沙历史步道专项规划\\ArcGISPro历史步道\\历史步道\\历史步道.gdb",
        "坐标系统": "EPSG:4326",
        "几何类型": "MultiLineString",
        "GIS分类": "ArcGIS历史步道"
      },
      "geometry": {
        "type": "MultiLineString",
        "coordinates": [
          [
            [
              112.96829561908014,
              28.186033572166185,
              99.0
            ],
            [
              112.96829563255486,
              28.185833570909566,
              99.0
            ],
            [
              112.96829098916317,
              28.18567336725225,
              99.0
            ],
            [
              112.96826544916132,
              28.185592103770198,
              99.0
            ],
            [
              112.96822365683936,
              28.18547601387931,
              99.0
            ],
            [
              112.96820508237424,
              28.185248478404397,
              99.0
            ],
            [
              112.96818186451739,
              28.18498147124227,
              99.0
            ],
            [
              112.96816561219727,
              28.18461927060943,
              99.0
            ],
            [
              112.96815400237055,
              28.184540329475862,
              99.0
            ],
            [
              112.96829563255486,
              28.184512468304593,
              99.0
            ],
            [
              112.96876231363318,
              28.184498537320344,
              99.0
            ],
            [
              112.96920289865248,
              28.18448126334074,
              99.0
            ]
          ]
        ]
      }
    },
    {
      "type": "Feature",
      "id": "历史步道.gdb:书院文庙主题支步道:14",
      "properties": {
        "Shape_Length": 256.0558122978385,
        "道路等级": "一般",
        "步道名称": "马益顺巷",
        "街巷简介": "长沙古城传统街巷，沿线保存马益顺巷6号、78号和79号等公馆及历史建筑资源。",
        "名称": "马益顺巷",
        "来源图层": "书院文庙主题支步道",
        "来源文件": "历史步道.gdb",
        "数据来源": "H:\\26.5长沙历史步道专项规划\\ArcGISPro历史步道\\历史步道\\历史步道.gdb",
        "坐标系统": "EPSG:4326",
        "几何类型": "MultiLineString",
        "GIS分类": "ArcGIS历史步道"
      },
      "geometry": {
        "type": "MultiLineString",
        "coordinates": [
          [
            [
              112.96959964678423,
              28.18507712930154,
              99.0
            ],
            [
              112.96958924519157,
              28.184924076048908,
              99.0
            ],
            [
              112.96956547037927,
              28.184889899578785,
              99.0
            ],
            [
              112.9694436219958,
              28.184763593898452,
              99.0
            ],
            [
              112.96934703513644,
              28.184664035142326,
              99.0
            ],
            [
              112.96926382239504,
              28.1845570468086,
              99.0
            ],
            [
              112.96920289865248,
              28.18448126334074,
              99.0
            ],
            [
              112.96921032771989,
              28.18436238667669,
              99.0
            ],
            [
              112.96924301920969,
              28.1840845145125,
              99.0
            ],
            [
              112.96926382239504,
              28.18391957322599,
              99.0
            ],
            [
              112.96931137291801,
              28.183643186929356,
              99.0
            ],
            [
              112.96937378247405,
              28.183387603181448,
              99.0
            ],
            [
              112.96942133299697,
              28.18318254204194,
              99.0
            ]
          ]
        ]
      }
    },
    {
      "type": "Feature",
      "id": "历史步道.gdb:书院文庙主题支步道:15",
      "properties": {
        "Shape_Length": 89.85409112593943,
        "道路等级": "一般",
        "步道名称": "清泰祠巷",
        "街巷简介": "长沙古城传统街巷，沿线清泰祠巷17号、30号被列入历史建筑资源，保留老城生活肌理。",
        "名称": "清泰祠巷",
        "来源图层": "书院文庙主题支步道",
        "来源文件": "历史步道.gdb",
        "数据来源": "H:\\26.5长沙历史步道专项规划\\ArcGISPro历史步道\\历史步道\\历史步道.gdb",
        "坐标系统": "EPSG:4326",
        "几何类型": "MultiLineString",
        "GIS分类": "ArcGIS历史步道"
      },
      "geometry": {
        "type": "MultiLineString",
        "coordinates": [
          [
            [
              112.96960261930953,
              28.18508158712924,
              99.0
            ],
            [
              112.96983294106016,
              28.185069699852217,
              99.0
            ],
            [
              112.96993695788521,
              28.18506375581735,
              99.0
            ],
            [
              112.97021928849755,
              28.1850310648072,
              99.0
            ],
            [
              112.97032479113608,
              28.185019177524598,
              99.0
            ],
            [
              112.97040503225055,
              28.185029578600027,
              99.0
            ]
          ]
        ]
      }
    },
    {
      "type": "Feature",
      "id": "历史步道.gdb:书院文庙主题支步道:16",
      "properties": {
        "Shape_Length": 41.5824827415033,
        "道路等级": "一般",
        "步道名称": "黄兴南路沿街步道",
        "街巷简介": "",
        "名称": "黄兴南路沿街步道",
        "来源图层": "书院文庙主题支步道",
        "来源文件": "历史步道.gdb",
        "数据来源": "H:\\26.5长沙历史步道专项规划\\ArcGISPro历史步道\\历史步道\\历史步道.gdb",
        "坐标系统": "EPSG:4326",
        "几何类型": "MultiLineString",
        "GIS分类": "ArcGIS历史步道"
      },
      "geometry": {
        "type": "MultiLineString",
        "coordinates": [
          [
            [
              112.97060117849452,
              28.18521978048736,
              99.0
            ],
            [
              112.97047041433186,
              28.18523464015638,
              99.0
            ],
            [
              112.97042434962239,
              28.18509644681747,
              99.0
            ],
            [
              112.97040503225055,
              28.185029578600027,
              99.0
            ]
          ]
        ]
      }
    },
    {
      "type": "Feature",
      "id": "历史步道.gdb:书院文庙主题支步道:17",
      "properties": {
        "Shape_Length": 336.78414238990604,
        "道路等级": "一般",
        "步道名称": "沙河街",
        "街巷简介": "沙河街位于书院文庙—天心阁历史城区，街巷线长约337米，邻近劳动西路沿街步道、马益顺巷。",
        "名称": "沙河街",
        "来源图层": "书院文庙主题支步道",
        "来源文件": "历史步道.gdb",
        "数据来源": "H:\\26.5长沙历史步道专项规划\\ArcGISPro历史步道\\历史步道\\历史步道.gdb",
        "坐标系统": "EPSG:4326",
        "几何类型": "MultiLineString",
        "GIS分类": "ArcGIS历史步道"
      },
      "geometry": {
        "type": "MultiLineString",
        "coordinates": [
          [
            [
              112.96996747185878,
              28.183259712893676,
              99.0
            ],
            [
              112.96942133299697,
              28.18318254204194,
              99.0
            ],
            [
              112.96904557310353,
              28.183114745414084,
              99.0
            ],
            [
              112.96879481917175,
              28.183075275091042,
              99.0
            ],
            [
              112.96833742487682,
              28.18299865520895,
              99.0
            ],
            [
              112.96810292326519,
              28.182933644860743,
              99.0
            ],
            [
              112.96791717951217,
              28.182887209665353,
              99.0
            ],
            [
              112.9677244702225,
              28.182836129660217,
              99.0
            ],
            [
              112.96759677111162,
              28.182812912043868,
              99.0
            ],
            [
              112.96733905164311,
              28.182778084818068,
              99.0
            ],
            [
              112.96734137378814,
              28.182480894510963,
              99.0
            ]
          ]
        ]
      }
    },
    {
      "type": "Feature",
      "id": "历史步道.gdb:书院文庙主题支步道:18",
      "properties": {
        "Shape_Length": 293.16858391925643,
        "道路等级": "一般",
        "步道名称": "劳动西路沿街步道",
        "街巷简介": "",
        "名称": "劳动西路沿街步道",
        "来源图层": "书院文庙主题支步道",
        "来源文件": "历史步道.gdb",
        "数据来源": "H:\\26.5长沙历史步道专项规划\\ArcGISPro历史步道\\历史步道\\历史步道.gdb",
        "坐标系统": "EPSG:4326",
        "几何类型": "MultiLineString",
        "GIS分类": "ArcGIS历史步道"
      },
      "geometry": {
        "type": "MultiLineString",
        "coordinates": [
          [
            [
              112.96716259467352,
              28.18234390830457,
              99.0
            ],
            [
              112.96816096790728,
              28.182285863195236,
              99.0
            ],
            [
              112.96874373916805,
              28.182253358205315,
              99.0
            ],
            [
              112.96920809899966,
              28.182223174821853,
              99.0
            ],
            [
              112.96948903632499,
              28.18220692271452,
              99.0
            ],
            [
              112.96976997454861,
              28.182109406851275,
              99.0
            ]
          ]
        ]
      }
    },
    {
      "type": "Feature",
      "id": "历史步道.gdb:书院文庙主题支步道:19",
      "properties": {
        "Shape_Length": 466.58055878473857,
        "道路等级": "一般",
        "步道名称": "长沙剧院街",
        "街巷简介": "长沙剧院街位于书院文庙—天心阁历史城区，街巷线长约467米，邻近劳动西路沿街步道、由异巷。",
        "名称": "长沙剧院街",
        "来源图层": "书院文庙主题支步道",
        "来源文件": "历史步道.gdb",
        "数据来源": "H:\\26.5长沙历史步道专项规划\\ArcGISPro历史步道\\历史步道\\历史步道.gdb",
        "坐标系统": "EPSG:4326",
        "几何类型": "MultiLineString",
        "GIS分类": "ArcGIS历史步道"
      },
      "geometry": {
        "type": "MultiLineString",
        "coordinates": [
          [
            [
              112.96976997454861,
              28.182109406851275,
              99.0
            ],
            [
              112.96965842804487,
              28.18169272535005,
              99.0
            ],
            [
              112.96952487910484,
              28.181402274426105,
              99.0
            ],
            [
              112.96944143998797,
              28.181398646278815,
              99.0
            ],
            [
              112.9691729820586,
              28.181463947368414,
              99.0
            ],
            [
              112.96912944790328,
              28.181402274426105,
              99.0
            ],
            [
              112.96805561618568,
              28.181728777088757,
              99.0
            ],
            [
              112.96781255362937,
              28.18178682170867,
              99.0
            ],
            [
              112.96723935930781,
              28.181902911645754,
              99.0
            ],
            [
              112.96706885277867,
              28.181960956962918,
              99.0
            ],
            [
              112.96706159708616,
              28.18201174599576,
              99.0
            ],
            [
              112.96716259467352,
              28.18234390830457,
              99.0
            ],
            [
              112.9672151946267,
              28.182488556934658,
              99.0
            ],
            [
              112.96734137378814,
              28.182480894510963,
              99.0
            ]
          ]
        ]
      }
    },
    {
      "type": "Feature",
      "id": "历史步道.gdb:书院文庙主题支步道:20",
      "properties": {
        "Shape_Length": 121.70421835663427,
        "道路等级": "一般",
        "步道名称": "",
        "街巷简介": "",
        "名称": "未命名要素",
        "来源图层": "书院文庙主题支步道",
        "来源文件": "历史步道.gdb",
        "数据来源": "H:\\26.5长沙历史步道专项规划\\ArcGISPro历史步道\\历史步道\\历史步道.gdb",
        "坐标系统": "EPSG:4326",
        "几何类型": "MultiLineString",
        "GIS分类": "ArcGIS历史步道"
      },
      "geometry": {
        "type": "MultiLineString",
        "coordinates": [
          [
            [
              112.96912944790328,
              28.181402274426105,
              99.0
            ],
            [
              112.96896982446381,
              28.180927031217365,
              99.0
            ],
            [
              112.9688139999997,
              28.180479582403805,
              0.0
            ]
          ]
        ]
      }
    },
    {
      "type": "Feature",
      "id": "历史步道.gdb:书院文庙主题支步道:21",
      "properties": {
        "Shape_Length": 153.61724934927622,
        "道路等级": "一般",
        "步道名称": "",
        "街巷简介": "",
        "名称": "未命名要素",
        "来源图层": "书院文庙主题支步道",
        "来源文件": "历史步道.gdb",
        "数据来源": "H:\\26.5长沙历史步道专项规划\\ArcGISPro历史步道\\历史步道\\历史步道.gdb",
        "坐标系统": "EPSG:4326",
        "几何类型": "MultiLineString",
        "GIS分类": "ArcGIS历史步道"
      },
      "geometry": {
        "type": "MultiLineString",
        "coordinates": [
          [
            [
              112.96774647086212,
              28.181248637087773,
              0.0
            ],
            [
              112.9678269078093,
              28.18145438132227,
              99.0
            ],
            [
              112.96794683289973,
              28.18175475523727,
              99.0
            ],
            [
              112.96805561618568,
              28.181728777088757,
              99.0
            ],
            [
              112.96809140686324,
              28.18178574799632,
              99.0
            ],
            [
              112.968171648876,
              28.181964062488657,
              99.0
            ],
            [
              112.96821028361974,
              28.182102255916753,
              99.0
            ],
            [
              112.96823554424552,
              28.18221370227842,
              99.0
            ],
            [
              112.96824614167093,
              28.182281112277753,
              99.0
            ]
          ]
        ]
      }
    },
    {
      "type": "Feature",
      "id": "历史步道.gdb:书院文庙主题支步道:22",
      "properties": {
        "Shape_Length": 318.28930765802744,
        "道路等级": "一般",
        "步道名称": "登仁桥巷",
        "街巷简介": "登仁桥巷位于书院文庙—天心阁历史城区，街巷线长约318米，邻近学院巷、三府坪巷。",
        "名称": "登仁桥巷",
        "来源图层": "书院文庙主题支步道",
        "来源文件": "历史步道.gdb",
        "数据来源": "H:\\26.5长沙历史步道专项规划\\ArcGISPro历史步道\\历史步道\\历史步道.gdb",
        "坐标系统": "EPSG:4326",
        "几何类型": "MultiLineString",
        "GIS分类": "ArcGIS历史步道"
      },
      "geometry": {
        "type": "MultiLineString",
        "coordinates": [
          [
            [
              112.9697461754818,
              28.189670052553844,
              99.0
            ],
            [
              112.9696264579022,
              28.18889370130711,
              99.0
            ],
            [
              112.96955945975168,
              28.188532096672727,
              0.0
            ],
            [
              112.96945232307765,
              28.187917820546986,
              99.0
            ],
            [
              112.96935799997281,
              28.187431693964925,
              99.0
            ],
            [
              112.9693253498055,
              28.187177747179422,
              99.0
            ]
          ]
        ]
      }
    },
    {
      "type": "Feature",
      "id": "历史步道.gdb:书院文庙主题支步道:23",
      "properties": {
        "Shape_Length": 93.409010271322,
        "道路等级": "一般",
        "步道名称": "西湖路沿街步道",
        "街巷简介": "",
        "名称": "西湖路沿街步道",
        "来源图层": "书院文庙主题支步道",
        "来源文件": "历史步道.gdb",
        "数据来源": "H:\\26.5长沙历史步道专项规划\\ArcGISPro历史步道\\历史步道\\历史步道.gdb",
        "坐标系统": "EPSG:4326",
        "几何类型": "MultiLineString",
        "GIS分类": "ArcGIS历史步道"
      },
      "geometry": {
        "type": "MultiLineString",
        "coordinates": [
          [
            [
              112.9693253498055,
              28.187177747179422,
              99.0
            ],
            [
              112.96931954579043,
              28.18700840121632,
              99.0
            ],
            [
              112.96912219221072,
              28.18701768805741,
              99.0
            ],
            [
              112.96875070470477,
              28.18705948081184,
              99.0
            ],
            [
              112.96867687217157,
              28.187069789050046,
              99.0
            ]
          ]
        ]
      }
    },
    {
      "type": "Feature",
      "id": "历史步道.gdb:书院文庙主题支步道:24",
      "properties": {
        "Shape_Length": 128.38391146231874,
        "道路等级": "一般",
        "步道名称": "",
        "街巷简介": "",
        "名称": "未命名要素",
        "来源图层": "书院文庙主题支步道",
        "来源文件": "历史步道.gdb",
        "数据来源": "H:\\26.5长沙历史步道专项规划\\ArcGISPro历史步道\\历史步道\\历史步道.gdb",
        "坐标系统": "EPSG:4326",
        "几何类型": "MultiLineString",
        "GIS分类": "ArcGIS历史步道"
      },
      "geometry": {
        "type": "MultiLineString",
        "coordinates": [
          [
            [
              112.96867687217157,
              28.187069789050046,
              99.0
            ],
            [
              112.9686902453912,
              28.186967258497305,
              99.0
            ],
            [
              112.96868875957773,
              28.186817177939723,
              99.0
            ],
            [
              112.96871996435574,
              28.186763683279903,
              99.0
            ],
            [
              112.9686917312047,
              28.186582397294142,
              99.0
            ],
            [
              112.96868801667097,
              28.186232920613428,
              99.0
            ],
            [
              112.96868875957773,
              28.186062314996942,
              99.0
            ]
          ]
        ]
      }
    },
    {
      "type": "Feature",
      "id": "历史步道.gdb:书院文庙主题支步道:25",
      "properties": {
        "Shape_Length": 176.36643492905472,
        "道路等级": "一般",
        "步道名称": "南墙湾巷",
        "街巷简介": "位于西文庙坪历史地段，是围绕原长沙府学宫形成的传统街巷，沿线保存多处历史建筑。",
        "名称": "南墙湾巷",
        "来源图层": "书院文庙主题支步道",
        "来源文件": "历史步道.gdb",
        "数据来源": "H:\\26.5长沙历史步道专项规划\\ArcGISPro历史步道\\历史步道\\历史步道.gdb",
        "坐标系统": "EPSG:4326",
        "几何类型": "MultiLineString",
        "GIS分类": "ArcGIS历史步道"
      },
      "geometry": {
        "type": "MultiLineString",
        "coordinates": [
          [
            [
              112.96936900792832,
              28.187488425883224,
              99.0
            ],
            [
              112.96907807864207,
              28.1875122315693,
              99.0
            ],
            [
              112.96868105113427,
              28.187563310924137,
              99.0
            ],
            [
              112.96836296487868,
              28.18761903404476,
              99.0
            ],
            [
              112.96825848362462,
              28.187632964622466,
              99.0
            ],
            [
              112.96799844201112,
              28.187709584350806,
              99.0
            ],
            [
              112.96786609950853,
              28.18774905454667,
              99.0
            ],
            [
              112.96783127272326,
              28.187776916458105,
              99.0
            ]
          ]
        ]
      }
    },
    {
      "type": "Feature",
      "id": "历史步道.gdb:书院文庙主题支步道:26",
      "properties": {
        "Shape_Length": 326.18866052900586,
        "道路等级": "一般",
        "步道名称": "西文庙坪巷",
        "街巷简介": "南宋长沙府学宫文庙所在地，1938年文庙毁于文夕大火，现存“德配天地”“道冠古今”石坊。",
        "名称": "西文庙坪巷",
        "来源图层": "书院文庙主题支步道",
        "来源文件": "历史步道.gdb",
        "数据来源": "H:\\26.5长沙历史步道专项规划\\ArcGISPro历史步道\\历史步道\\历史步道.gdb",
        "坐标系统": "EPSG:4326",
        "几何类型": "MultiLineString",
        "GIS分类": "ArcGIS历史步道"
      },
      "geometry": {
        "type": "MultiLineString",
        "coordinates": [
          [
            [
              112.96783127272326,
              28.187776916458105,
              99.0
            ],
            [
              112.96752711754111,
              28.187841926236928,
              99.0
            ],
            [
              112.96742495843206,
              28.18785121379741,
              99.0
            ],
            [
              112.96680039484929,
              28.18804624446329,
              99.0
            ],
            [
              112.96642194090832,
              28.18818555276884,
              99.0
            ],
            [
              112.96631513840754,
              28.18823431031618,
              99.0
            ],
            [
              112.96616886572983,
              28.188320217133295,
              99.0
            ],
            [
              112.96607367125917,
              28.188387548856053,
              99.0
            ],
            [
              112.96594829429328,
              28.188584902397047,
              99.0
            ],
            [
              112.96584149179255,
              28.18870563582239,
              99.0
            ],
            [
              112.96552572768194,
              28.188909953981614,
              99.0
            ],
            [
              112.96535847574907,
              28.18900924908355,
              0.0
            ]
          ]
        ]
      }
    },
    {
      "type": "Feature",
      "id": "历史步道.gdb:书院文庙主题支步道:27",
      "properties": {
        "Shape_Length": 233.27877727492208,
        "道路等级": "一般",
        "步道名称": "修文街",
        "街巷简介": "位于西文庙坪历史地段，是围绕原长沙府学宫形成的传统街巷，名称体现崇文重教的地方文脉。",
        "名称": "修文街",
        "来源图层": "书院文庙主题支步道",
        "来源文件": "历史步道.gdb",
        "数据来源": "H:\\26.5长沙历史步道专项规划\\ArcGISPro历史步道\\历史步道\\历史步道.gdb",
        "坐标系统": "EPSG:4326",
        "几何类型": "MultiLineString",
        "GIS分类": "ArcGIS历史步道"
      },
      "geometry": {
        "type": "MultiLineString",
        "coordinates": [
          [
            [
              112.96516824670789,
              28.188805457642008,
              0.0
            ],
            [
              112.96526215658768,
              28.18873256873618,
              99.0
            ],
            [
              112.96554597301352,
              28.18854979676361,
              99.0
            ],
            [
              112.96564107405938,
              28.188478470644778,
              99.0
            ],
            [
              112.9658205951824,
              28.188280746356536,
              99.0
            ],
            [
              112.96593204197316,
              28.18813215143152,
              99.0
            ],
            [
              112.96590111567289,
              28.188127786368838,
              99.0
            ],
            [
              112.96575400666364,
              28.188049030726198,
              99.0
            ],
            [
              112.9656574198043,
              28.18805497459513,
              99.0
            ],
            [
              112.96559946768868,
              28.18804308685693,
              99.0
            ],
            [
              112.96560986928137,
              28.18796135961082,
              99.0
            ],
            [
              112.96559500934991,
              28.187861801457018,
              99.0
            ],
            [
              112.96550288082932,
              28.187784531787337,
              99.0
            ],
            [
              112.96539440656382,
              28.187821680460782,
              99.0
            ],
            [
              112.96530233373878,
              28.187671054774636,
              0.0
            ]
          ]
        ]
      }
    },
    {
      "type": "Feature",
      "id": "历史步道.gdb:书院文庙主题支步道:28",
      "properties": {
        "Shape_Length": 130.02829035570215,
        "道路等级": "一般",
        "步道名称": "锡庆礼巷",
        "街巷简介": "锡庆礼巷位于书院文庙—天心阁历史城区，街巷线长约130米，邻近敦仁里、裕农街。",
        "名称": "锡庆礼巷",
        "来源图层": "书院文庙主题支步道",
        "来源文件": "历史步道.gdb",
        "数据来源": "H:\\26.5长沙历史步道专项规划\\ArcGISPro历史步道\\历史步道\\历史步道.gdb",
        "坐标系统": "EPSG:4326",
        "几何类型": "MultiLineString",
        "GIS分类": "ArcGIS历史步道"
      },
      "geometry": {
        "type": "MultiLineString",
        "coordinates": [
          [
            [
              112.96815400237055,
              28.184540329475862,
              99.0
            ],
            [
              112.96765602308945,
              28.18460162529399,
              99.0
            ],
            [
              112.96744650452415,
              28.184638773489755,
              99.0
            ],
            [
              112.96708541861085,
              28.18470266952818,
              99.0
            ],
            [
              112.96700666330989,
              28.184726444954237,
              99.0
            ]
          ]
        ]
      }
    },
    {
      "type": "Feature",
      "id": "历史步道.gdb:书院文庙主题支步道:29",
      "properties": {
        "Shape_Length": 202.35341047225182,
        "道路等级": "一般",
        "步道名称": "裕农街",
        "街巷简介": "裕农街位于书院文庙—天心阁历史城区，街巷线长约202米，邻近锡庆礼巷、下碧湘街。",
        "名称": "裕农街",
        "来源图层": "书院文庙主题支步道",
        "来源文件": "历史步道.gdb",
        "数据来源": "H:\\26.5长沙历史步道专项规划\\ArcGISPro历史步道\\历史步道\\历史步道.gdb",
        "坐标系统": "EPSG:4326",
        "几何类型": "MultiLineString",
        "GIS分类": "ArcGIS历史步道"
      },
      "geometry": {
        "type": "MultiLineString",
        "coordinates": [
          [
            [
              112.96522529960991,
              28.185026670321353,
              0.0
            ],
            [
              112.9653632017858,
              28.185004317825634,
              99.0
            ],
            [
              112.96556231875842,
              28.18497757083736,
              99.0
            ],
            [
              112.96575400666364,
              28.184952309258865,
              99.0
            ],
            [
              112.96602296315801,
              28.18490030145858,
              99.0
            ],
            [
              112.96625031418003,
              28.184855722305894,
              99.0
            ],
            [
              112.96656533538386,
              28.184788854729746,
              99.0
            ],
            [
              112.96675850910253,
              28.184751705794312,
              99.0
            ],
            [
              112.9668372644035,
              28.18473981848065,
              99.0
            ],
            [
              112.96692047804322,
              28.184745762533524,
              99.0
            ],
            [
              112.96700666330989,
              28.184726444954237,
              99.0
            ]
          ]
        ]
      }
    },
    {
      "type": "Feature",
      "id": "历史步道.gdb:书院文庙主题支步道:30",
      "properties": {
        "Shape_Length": 62.85490467482745,
        "道路等级": "一般",
        "步道名称": "城南西路沿街步道",
        "街巷简介": "",
        "名称": "城南西路沿街步道",
        "来源图层": "书院文庙主题支步道",
        "来源文件": "历史步道.gdb",
        "数据来源": "H:\\26.5长沙历史步道专项规划\\ArcGISPro历史步道\\历史步道\\历史步道.gdb",
        "坐标系统": "EPSG:4326",
        "几何类型": "MultiLineString",
        "GIS分类": "ArcGIS历史步道"
      },
      "geometry": {
        "type": "MultiLineString",
        "coordinates": [
          [
            [
              112.9718731516143,
              28.18685581233933,
              99.0
            ],
            [
              112.97189021151988,
              28.187025379452017,
              99.0
            ],
            [
              112.97226024824666,
              28.18699635658838,
              99.0
            ]
          ]
        ]
      }
    },
    {
      "type": "Feature",
      "id": "历史步道.gdb:书院文庙主题支步道:31",
      "properties": {
        "Shape_Length": 177.41638808056427,
        "道路等级": "一般",
        "步道名称": "",
        "街巷简介": "",
        "名称": "未命名要素",
        "来源图层": "书院文庙主题支步道",
        "来源文件": "历史步道.gdb",
        "数据来源": "H:\\26.5长沙历史步道专项规划\\ArcGISPro历史步道\\历史步道\\历史步道.gdb",
        "坐标系统": "EPSG:4326",
        "几何类型": "MultiLineString",
        "GIS分类": "ArcGIS历史步道"
      },
      "geometry": {
        "type": "MultiLineString",
        "coordinates": [
          [
            [
              112.97226024824666,
              28.18699635658838,
              99.0
            ],
            [
              112.97232627442004,
              28.187461151398292,
              99.0
            ],
            [
              112.97215446084218,
              28.187495978682282,
              99.0
            ],
            [
              112.9722310808477,
              28.18771654963395,
              99.0
            ],
            [
              112.97238007003084,
              28.18825090513794,
              0.0
            ]
          ]
        ]
      }
    },
    {
      "type": "Feature",
      "id": "历史步道.gdb:书院文庙主题支步道:32",
      "properties": {
        "Shape_Length": 442.1247332926266,
        "道路等级": "一般",
        "步道名称": "大古道巷",
        "街巷简介": "长沙传统历史街巷，巷内原有洗药庵，相关地方文化记忆与古城医药、民俗历史相联系。",
        "名称": "大古道巷",
        "来源图层": "书院文庙主题支步道",
        "来源文件": "历史步道.gdb",
        "数据来源": "H:\\26.5长沙历史步道专项规划\\ArcGISPro历史步道\\历史步道\\历史步道.gdb",
        "坐标系统": "EPSG:4326",
        "几何类型": "MultiLineString",
        "GIS分类": "ArcGIS历史步道"
      },
      "geometry": {
        "type": "MultiLineString",
        "coordinates": [
          [
            [
              112.97080085242261,
              28.190138184890497,
              99.0
            ],
            [
              112.97126985564591,
              28.190054600188805,
              99.0
            ],
            [
              112.97156240279797,
              28.189943154082147,
              99.0
            ],
            [
              112.97165295297862,
              28.18990136166322,
              99.0
            ],
            [
              112.9717133197657,
              28.18991064904479,
              99.0
            ],
            [
              112.97209873834508,
              28.189745801465,
              99.0
            ],
            [
              112.97233091781175,
              28.18965525130013,
              99.0
            ],
            [
              112.97257935049683,
              28.189541482527986,
              99.0
            ],
            [
              112.97288814907068,
              28.18944164556029,
              99.0
            ],
            [
              112.97326892425839,
              28.189365026281514,
              99.0
            ],
            [
              112.97343145015452,
              28.189341808499357,
              99.0
            ],
            [
              112.9736079071241,
              28.18935341739105,
              99.0
            ],
            [
              112.97388187891269,
              28.189378956631675,
              99.0
            ],
            [
              112.97409084052252,
              28.189399852945304,
              99.0
            ],
            [
              112.97421853963343,
              28.189402175197543,
              99.0
            ],
            [
              112.97448322463863,
              28.189404496657975,
              99.0
            ],
            [
              112.9745923492844,
              28.18939753148477,
              99.0
            ]
          ]
        ]
      }
    },
    {
      "type": "Feature",
      "id": "历史步道.gdb:书院文庙主题支步道:33",
      "properties": {
        "Shape_Length": 18.61198492007864,
        "道路等级": "一般",
        "步道名称": "",
        "街巷简介": "",
        "名称": "未命名要素",
        "来源图层": "书院文庙主题支步道",
        "来源文件": "历史步道.gdb",
        "数据来源": "H:\\26.5长沙历史步道专项规划\\ArcGISPro历史步道\\历史步道\\历史步道.gdb",
        "坐标系统": "EPSG:4326",
        "几何类型": "MultiLineString",
        "GIS分类": "ArcGIS历史步道"
      },
      "geometry": {
        "type": "MultiLineString",
        "coordinates": [
          [
            [
              112.9745923492844,
              28.18939753148477,
              99.0
            ],
            [
              112.97475954013183,
              28.189398479229748,
              0.0
            ]
          ]
        ]
      }
    },
    {
      "type": "Feature",
      "id": "历史步道.gdb:书院文庙主题支步道:34",
      "properties": {
        "Shape_Length": 163.73856153856298,
        "道路等级": "一般",
        "步道名称": "",
        "街巷简介": "",
        "名称": "未命名要素",
        "来源图层": "书院文庙主题支步道",
        "来源文件": "历史步道.gdb",
        "数据来源": "H:\\26.5长沙历史步道专项规划\\ArcGISPro历史步道\\历史步道\\历史步道.gdb",
        "坐标系统": "EPSG:4326",
        "几何类型": "MultiLineString",
        "GIS分类": "ArcGIS历史步道"
      },
      "geometry": {
        "type": "MultiLineString",
        "coordinates": [
          [
            [
              112.97257935049683,
              28.189541482527986,
              99.0
            ],
            [
              112.9722545798772,
              28.188976687546557,
              99.0
            ],
            [
              112.97209019446842,
              28.188766954589244,
              99.0
            ],
            [
              112.97198816202183,
              28.188534548002888,
              99.0
            ],
            [
              112.97193118817155,
              28.188383551187126,
              0.0
            ]
          ]
        ]
      }
    },
    {
      "type": "Feature",
      "id": "历史步道.gdb:书院文庙主题支步道:35",
      "properties": {
        "Shape_Length": 231.70791682770178,
        "道路等级": "一般",
        "步道名称": "化龙池街",
        "街巷简介": "位于白果园—化龙池历史地段，保留传统街巷肌理，沿线分布化龙池19号等历史建筑。",
        "名称": "化龙池街",
        "来源图层": "书院文庙主题支步道",
        "来源文件": "历史步道.gdb",
        "数据来源": "H:\\26.5长沙历史步道专项规划\\ArcGISPro历史步道\\历史步道\\历史步道.gdb",
        "坐标系统": "EPSG:4326",
        "几何类型": "MultiLineString",
        "GIS分类": "ArcGIS历史步道"
      },
      "geometry": {
        "type": "MultiLineString",
        "coordinates": [
          [
            [
              112.9717133197657,
              28.18991064904479,
              99.0
            ],
            [
              112.97174350315925,
              28.19008710518239,
              99.0
            ],
            [
              112.97177368655278,
              28.190249631585576,
              99.0
            ],
            [
              112.97181547887476,
              28.19034714715055,
              99.0
            ],
            [
              112.97182012226644,
              28.190433053061597,
              99.0
            ],
            [
              112.97177832994448,
              28.1904841326044,
              99.0
            ],
            [
              112.9717109976207,
              28.19057003919711,
              99.0
            ],
            [
              112.9717109976207,
              28.190725599779388,
              99.0
            ],
            [
              112.97169010101057,
              28.19081847205089,
              99.0
            ],
            [
              112.9716947453006,
              28.1909601013376,
              99.0
            ],
            [
              112.9717202844041,
              28.191092443950307,
              99.0
            ],
            [
              112.97174350315925,
              28.19118763811655,
              99.0
            ],
            [
              112.97179690440963,
              28.191271222724048,
              99.0
            ],
            [
              112.97186423673344,
              28.191343198591838,
              99.0
            ],
            [
              112.97191763798384,
              28.19147786293743,
              99.0
            ],
            [
              112.97195014262404,
              28.19157537817369,
              99.0
            ],
            [
              112.971991934946,
              28.191642710221448,
              99.0
            ]
          ]
        ]
      }
    },
    {
      "type": "Feature",
      "id": "历史步道.gdb:书院文庙主题支步道:36",
      "properties": {
        "Shape_Length": 387.84102384555933,
        "道路等级": "一般",
        "步道名称": "火药局巷",
        "街巷简介": "火药局巷位于书院文庙—天心阁历史城区，街巷线长约388米，邻近都正街、天心阁。",
        "名称": "火药局巷",
        "来源图层": "书院文庙主题支步道",
        "来源文件": "历史步道.gdb",
        "数据来源": "H:\\26.5长沙历史步道专项规划\\ArcGISPro历史步道\\历史步道\\历史步道.gdb",
        "坐标系统": "EPSG:4326",
        "几何类型": "MultiLineString",
        "GIS分类": "ArcGIS历史步道"
      },
      "geometry": {
        "type": "MultiLineString",
        "coordinates": [
          [
            [
              112.9752215661403,
              28.188890512846704,
              99.0
            ],
            [
              112.9754482577989,
              28.188799836065726,
              99.0
            ],
            [
              112.97564055476188,
              28.188737300364515,
              99.0
            ],
            [
              112.97569683690939,
              28.188729483201335,
              99.0
            ],
            [
              112.97576718936917,
              28.188745117527088,
              99.0
            ],
            [
              112.97595635929665,
              28.18882797719853,
              99.0
            ],
            [
              112.97604859920835,
              28.188859245027192,
              99.0
            ],
            [
              112.97615022022653,
              28.188913963507414,
              99.0
            ],
            [
              112.97623307993004,
              28.188976499105316,
              99.0
            ],
            [
              112.9763081224939,
              28.189112514023165,
              99.0
            ],
            [
              112.97649729242137,
              28.18942988228366,
              99.0
            ],
            [
              112.97658171519346,
              28.18952212226803,
              99.0
            ],
            [
              112.97669740652398,
              28.18968471524668,
              99.0
            ],
            [
              112.97673805439224,
              28.1897237999158,
              99.0
            ],
            [
              112.97679277347117,
              28.189719109502903,
              99.0
            ],
            [
              112.97692097114707,
              28.189639376410852,
              99.0
            ],
            [
              112.97695067573855,
              28.189629996369217,
              99.0
            ],
            [
              112.97702728226935,
              28.189697221962298,
              99.0
            ],
            [
              112.97711952218101,
              28.189773828334754,
              99.0
            ],
            [
              112.97741187619529,
              28.18992235051099,
              99.0
            ],
            [
              112.9776588922372,
              28.19002866126969,
              99.0
            ],
            [
              112.97769172296589,
              28.190067745813057,
              99.0
            ],
            [
              112.97770110317408,
              28.190102140737782,
              99.0
            ],
            [
              112.97770636370836,
              28.1902657771663,
              0.0
            ]
          ]
        ]
      }
    },
    {
      "type": "Feature",
      "id": "历史步道.gdb:书院文庙主题支步道:37",
      "properties": {
        "Shape_Length": 155.67568672499132,
        "道路等级": "一般",
        "步道名称": "都正街",
        "街巷简介": "长沙古城传统历史街巷，沿线保存都正街52号、都正街四条巷19号等历史建筑资源。",
        "名称": "都正街",
        "来源图层": "书院文庙主题支步道",
        "来源文件": "历史步道.gdb",
        "数据来源": "H:\\26.5长沙历史步道专项规划\\ArcGISPro历史步道\\历史步道\\历史步道.gdb",
        "坐标系统": "EPSG:4326",
        "几何类型": "MultiLineString",
        "GIS分类": "ArcGIS历史步道"
      },
      "geometry": {
        "type": "MultiLineString",
        "coordinates": [
          [
            [
              112.97540934008586,
              28.18918799967049,
              0.0
            ],
            [
              112.97529817177282,
              28.18900464019159,
              99.0
            ],
            [
              112.9752215661403,
              28.188890512846704,
              99.0
            ],
            [
              112.97507148011421,
              28.188662257791457,
              99.0
            ],
            [
              112.97490888774273,
              28.188394917899963,
              99.0
            ],
            [
              112.97483228121196,
              28.188294860539784,
              99.0
            ],
            [
              112.97475411161255,
              28.1882182546911,
              99.0
            ],
            [
              112.97467906904868,
              28.188141648787493,
              99.0
            ]
          ]
        ]
      }
    },
    {
      "type": "Feature",
      "id": "历史步道.gdb:书院文庙主题支步道:38",
      "properties": {
        "Shape_Length": 329.1946203434026,
        "道路等级": "一般",
        "步道名称": "师敬湾巷",
        "街巷简介": "长沙古城传统街巷，沿线师敬湾45号被列入历史建筑资源，反映老城传统居住空间形态。",
        "名称": "师敬湾巷",
        "来源图层": "书院文庙主题支步道",
        "来源文件": "历史步道.gdb",
        "数据来源": "H:\\26.5长沙历史步道专项规划\\ArcGISPro历史步道\\历史步道\\历史步道.gdb",
        "坐标系统": "EPSG:4326",
        "几何类型": "MultiLineString",
        "GIS分类": "ArcGIS历史步道"
      },
      "geometry": {
        "type": "MultiLineString",
        "coordinates": [
          [
            [
              112.96807169333434,
              28.18934335640442,
              0.0
            ],
            [
              112.96819173520574,
              28.189535409683856,
              99.0
            ],
            [
              112.96825625580271,
              28.189628963907406,
              99.0
            ],
            [
              112.96829658117582,
              28.189675741384367,
              99.0
            ],
            [
              112.9683030328762,
              28.18981284804668,
              99.0
            ],
            [
              112.96825464242848,
              28.18992575905071,
              99.0
            ],
            [
              112.96819980028037,
              28.19011286910803,
              99.0
            ],
            [
              112.96819012183148,
              28.190193519497917,
              99.0
            ],
            [
              112.9682014127563,
              28.1902967524149,
              99.0
            ],
            [
              112.9682272213544,
              28.19050644436653,
              99.0
            ],
            [
              112.96824657735384,
              28.190638711532156,
              99.0
            ],
            [
              112.96823367305478,
              28.190675810916602,
              99.0
            ],
            [
              112.96813527968341,
              28.190777431351275,
              99.0
            ],
            [
              112.96812721460877,
              28.190817756303137,
              99.0
            ],
            [
              112.96814334475802,
              28.190879050897564,
              99.0
            ],
            [
              112.96819496105594,
              28.190962927904085,
              99.0
            ],
            [
              112.96836110177279,
              28.191251657713323,
              99.0
            ],
            [
              112.96842562236975,
              28.191374247161207,
              99.0
            ],
            [
              112.96847078696729,
              28.191458123779164,
              99.0
            ],
            [
              112.96848369036803,
              28.191538774737616,
              99.0
            ],
            [
              112.96849820804131,
              28.191635555174024,
              99.0
            ],
            [
              112.96845465681804,
              28.19176620973264,
              99.0
            ]
          ]
        ]
      }
    },
    {
      "type": "Feature",
      "id": "历史步道.gdb:书院文庙主题支步道:39",
      "properties": {
        "Shape_Length": 456.8821994306399,
        "道路等级": "一般",
        "步道名称": "百花村巷",
        "街巷简介": "百花村巷位于书院文庙—天心阁历史城区，街巷线长约457米，邻近黄兴路步行街、化龙池街。",
        "名称": "百花村巷",
        "来源图层": "书院文庙主题支步道",
        "来源文件": "历史步道.gdb",
        "数据来源": "H:\\26.5长沙历史步道专项规划\\ArcGISPro历史步道\\历史步道\\历史步道.gdb",
        "坐标系统": "EPSG:4326",
        "几何类型": "MultiLineString",
        "GIS分类": "ArcGIS历史步道"
      },
      "geometry": {
        "type": "MultiLineString",
        "coordinates": [
          [
            [
              112.97011063906055,
              28.188492621223535,
              0.0
            ],
            [
              112.97012251478863,
              28.18859502125448,
              99.0
            ],
            [
              112.97015961341322,
              28.188906333215005,
              99.0
            ],
            [
              112.97021929568407,
              28.18925313131529,
              99.0
            ],
            [
              112.97024833013236,
              28.189498309903637,
              99.0
            ],
            [
              112.97026607275754,
              28.189674128559382,
              99.0
            ],
            [
              112.97032182310241,
              28.190154303568153,
              99.0
            ],
            [
              112.97035962780282,
              28.19043658114067,
              99.0
            ],
            [
              112.97038231116207,
              28.190691134588874,
              99.0
            ],
            [
              112.9703747500423,
              28.190769265172545,
              99.0
            ],
            [
              112.97033694444357,
              28.190827232834835,
              99.0
            ],
            [
              112.97018572474359,
              28.190943168856837,
              99.0
            ],
            [
              112.9700093010117,
              28.19110699085195,
              99.0
            ],
            [
              112.96986312175875,
              28.191144795526654,
              99.0
            ],
            [
              112.96970938048776,
              28.191147315679487,
              99.0
            ],
            [
              112.96971764768331,
              28.191219397725664,
              99.0
            ],
            [
              112.96973539120681,
              28.191341986418777,
              99.0
            ],
            [
              112.96974506875739,
              28.191585552170604,
              99.0
            ],
            [
              112.969738617057,
              28.191645233529535,
              99.0
            ],
            [
              112.96970796923445,
              28.19172911072659,
              99.0
            ]
          ]
        ]
      }
    },
    {
      "type": "Feature",
      "id": "历史步道.gdb:书院文庙主题支步道:40",
      "properties": {
        "Shape_Length": 188.22764031385876,
        "道路等级": "一般",
        "步道名称": "三府坪巷",
        "街巷简介": "三府坪巷位于书院文庙—天心阁历史城区，街巷线长约188米，邻近学院巷、登仁桥巷。",
        "名称": "三府坪巷",
        "来源图层": "书院文庙主题支步道",
        "来源文件": "历史步道.gdb",
        "数据来源": "H:\\26.5长沙历史步道专项规划\\ArcGISPro历史步道\\历史步道\\历史步道.gdb",
        "坐标系统": "EPSG:4326",
        "几何类型": "MultiLineString",
        "GIS分类": "ArcGIS历史步道"
      },
      "geometry": {
        "type": "MultiLineString",
        "coordinates": [
          [
            [
              112.96829658117582,
              28.189675741384367,
              99.0
            ],
            [
              112.96839013622107,
              28.189638642444617,
              99.0
            ],
            [
              112.96854821186332,
              28.18956928300634,
              99.0
            ],
            [
              112.96863047508546,
              28.189525731137298,
              99.0
            ],
            [
              112.96863370093563,
              28.18944830669226,
              99.0
            ],
            [
              112.96860950571177,
              28.18939668983655,
              99.0
            ],
            [
              112.96873370857959,
              28.189346686577647,
              99.0
            ],
            [
              112.96880790672712,
              28.189328943071498,
              99.0
            ],
            [
              112.96883210195097,
              28.189272487665082,
              99.0
            ],
            [
              112.96883048947505,
              28.18921764506078,
              99.0
            ],
            [
              112.96886920147391,
              28.18919183737212,
              99.0
            ],
            [
              112.96896275651916,
              28.18917409384027,
              99.0
            ],
            [
              112.96904501974132,
              28.189146672516383,
              99.0
            ],
            [
              112.96904663311554,
              28.1890886041799,
              99.0
            ],
            [
              112.96902082451743,
              28.18895311100816,
              99.0
            ],
            [
              112.96901759866725,
              28.188886976798916,
              99.0
            ],
            [
              112.968986951743,
              28.188740192706824,
              99.0
            ],
            [
              112.96896679175141,
              28.18863419420873,
              0.0
            ]
          ]
        ]
      }
    },
    {
      "type": "Feature",
      "id": "历史步道.gdb:书院文庙主题支步道:41",
      "properties": {
        "Shape_Length": 207.06994631542148,
        "道路等级": "一般",
        "步道名称": "泉嘶井",
        "街巷简介": "长沙古城传统街巷及井泉文化节点，沿线泉嘶井91号民居被列入重要历史文化资源。",
        "名称": "泉嘶井",
        "来源图层": "书院文庙主题支步道",
        "来源文件": "历史步道.gdb",
        "数据来源": "H:\\26.5长沙历史步道专项规划\\ArcGISPro历史步道\\历史步道\\历史步道.gdb",
        "坐标系统": "EPSG:4326",
        "几何类型": "MultiLineString",
        "GIS分类": "ArcGIS历史步道"
      },
      "geometry": {
        "type": "MultiLineString",
        "coordinates": [
          [
            [
              112.96594013309893,
              28.18859412734293,
              99.0
            ],
            [
              112.96596899956228,
              28.18863212055642,
              99.0
            ],
            [
              112.96609320153176,
              28.188867621171077,
              99.0
            ],
            [
              112.96620288672626,
              28.189069247796812,
              99.0
            ],
            [
              112.9662254694742,
              28.189107960559483,
              99.0
            ],
            [
              112.9662657948473,
              28.189124090477243,
              99.0
            ],
            [
              112.96631418529502,
              28.189122477643952,
              99.0
            ],
            [
              112.96637386666754,
              28.18911118622653,
              99.0
            ],
            [
              112.96646419586266,
              28.189083764886497,
              99.0
            ],
            [
              112.96649000356244,
              28.18916441605278,
              99.0
            ],
            [
              112.96649645616111,
              28.18921441939694,
              99.0
            ],
            [
              112.9664883910865,
              28.189288618349806,
              99.0
            ],
            [
              112.96650774708594,
              28.189378947130486,
              99.0
            ],
            [
              112.96656097675809,
              28.189583800028117,
              99.0
            ],
            [
              112.96661669386528,
              28.18972153863642,
              99.0
            ],
            [
              112.96666259597967,
              28.18983059147251,
              99.0
            ],
            [
              112.96669431728897,
              28.189899043380624,
              0.0
            ]
          ]
        ]
      }
    },
    {
      "type": "Feature",
      "id": "历史步道.gdb:书院文庙主题支步道:42",
      "properties": {
        "Shape_Length": 285.47915795109066,
        "道路等级": "一般",
        "步道名称": "豆豉园巷",
        "街巷简介": "豆豉园巷位于书院文庙—天心阁历史城区，街巷线长约285米，邻近永湘新街、泉嘶井。",
        "名称": "豆豉园巷",
        "来源图层": "书院文庙主题支步道",
        "来源文件": "历史步道.gdb",
        "数据来源": "H:\\26.5长沙历史步道专项规划\\ArcGISPro历史步道\\历史步道\\历史步道.gdb",
        "坐标系统": "EPSG:4326",
        "几何类型": "MultiLineString",
        "GIS分类": "ArcGIS历史步道"
      },
      "geometry": {
        "type": "MultiLineString",
        "coordinates": [
          [
            [
              112.96535847574907,
              28.18900924908355,
              0.0
            ],
            [
              112.96505442027991,
              28.189198289492808,
              99.0
            ],
            [
              112.96479633789207,
              28.189369268569756,
              99.0
            ],
            [
              112.96472375222046,
              28.189453145177374,
              99.0
            ],
            [
              112.96470762207122,
              28.18950153635065,
              99.0
            ],
            [
              112.96470600869701,
              28.189566056561333,
              99.0
            ],
            [
              112.96472375222046,
              28.189657998724606,
              99.0
            ],
            [
              112.96480278959243,
              28.189949954533123,
              99.0
            ],
            [
              112.96480762881686,
              28.19003544429646,
              99.0
            ],
            [
              112.96482053311593,
              28.190198358741053,
              99.0
            ],
            [
              112.96480924129281,
              28.190270944195003,
              99.0
            ],
            [
              112.96482859819054,
              28.190395146789957,
              99.0
            ],
            [
              112.96486247096496,
              28.19051289640787,
              99.0
            ],
            [
              112.96489150541328,
              28.1906903285799,
              99.0
            ],
            [
              112.96489957048787,
              28.190882277302908,
              99.0
            ],
            [
              112.96489957048787,
              28.190975831931276,
              99.0
            ]
          ]
        ]
      }
    },
    {
      "type": "Feature",
      "id": "历史步道.gdb:书院文庙主题支步道:43",
      "properties": {
        "Shape_Length": 347.61672938309744,
        "道路等级": "一般",
        "步道名称": "永湘新街",
        "街巷简介": "永湘新街位于书院文庙—天心阁历史城区，街巷线长约348米，邻近豆豉园巷、泉嘶井。",
        "名称": "永湘新街",
        "来源图层": "书院文庙主题支步道",
        "来源文件": "历史步道.gdb",
        "数据来源": "H:\\26.5长沙历史步道专项规划\\ArcGISPro历史步道\\历史步道\\历史步道.gdb",
        "坐标系统": "EPSG:4326",
        "几何类型": "MultiLineString",
        "GIS分类": "ArcGIS历史步道"
      },
      "geometry": {
        "type": "MultiLineString",
        "coordinates": [
          [
            [
              112.9642608162186,
              28.19185492521117,
              99.0
            ],
            [
              112.96426404206878,
              28.191708141235566,
              99.0
            ],
            [
              112.96427210714337,
              28.19148393171244,
              99.0
            ],
            [
              112.96426404206878,
              28.191311339258682,
              99.0
            ],
            [
              112.96427372051762,
              28.19119036333255,
              99.0
            ],
            [
              112.96430436744188,
              28.19108874329043,
              99.0
            ],
            [
              112.96435921048827,
              28.191037126435067,
              99.0
            ],
            [
              112.96449470338257,
              28.191003253577705,
              99.0
            ],
            [
              112.96470439532274,
              28.19099357516407,
              99.0
            ],
            [
              112.96485118004016,
              28.190985510346515,
              99.0
            ],
            [
              112.96489957048787,
              28.190975831931276,
              99.0
            ],
            [
              112.96506409783048,
              28.190969379917874,
              99.0
            ],
            [
              112.96522862607141,
              28.190951636681064,
              99.0
            ],
            [
              112.96530282421892,
              28.190954863084215,
              99.0
            ],
            [
              112.96536089311553,
              28.1909838975413,
              99.0
            ],
            [
              112.96546412571135,
              28.19099196235895,
              99.0
            ],
            [
              112.96549799938406,
              28.191009705589064,
              99.0
            ],
            [
              112.96552219460796,
              28.191038740031253,
              99.0
            ],
            [
              112.96561252290469,
              28.19107422647301,
              99.0
            ],
            [
              112.96563671812855,
              28.191159716128976,
              99.0
            ],
            [
              112.96565123580187,
              28.19131779125144,
              99.0
            ],
            [
              112.96567220517555,
              28.19154845231015,
              99.0
            ],
            [
              112.96568027025016,
              28.191653298297318,
              99.0
            ],
            [
              112.96566414010091,
              28.191753305800834,
              99.0
            ],
            [
              112.9656528482778,
              28.191832343744146,
              99.0
            ]
          ]
        ]
      }
    },
    {
      "type": "Feature",
      "id": "历史步道.gdb:书院文庙主题支步道:44",
      "properties": {
        "Shape_Length": 83.31370033617694,
        "道路等级": "一般",
        "步道名称": "",
        "街巷简介": "",
        "名称": "未命名要素",
        "来源图层": "书院文庙主题支步道",
        "来源文件": "历史步道.gdb",
        "数据来源": "H:\\26.5长沙历史步道专项规划\\ArcGISPro历史步道\\历史步道\\历史步道.gdb",
        "坐标系统": "EPSG:4326",
        "几何类型": "MultiLineString",
        "GIS分类": "ArcGIS历史步道"
      },
      "geometry": {
        "type": "MultiLineString",
        "coordinates": [
          [
            [
              112.97035532307596,
              28.190404436503883,
              99.0
            ],
            [
              112.9707903026079,
              28.19040643807173,
              99.0
            ],
            [
              112.97078385090755,
              28.190148355065375,
              99.0
            ],
            [
              112.97080085242261,
              28.190138184890497,
              99.0
            ]
          ]
        ]
      }
    },
    {
      "type": "Feature",
      "id": "历史步道.gdb:书院文庙主题支步道:45",
      "properties": {
        "Shape_Length": 723.3877122294617,
        "道路等级": "一般",
        "步道名称": "天心阁",
        "街巷简介": "天心阁位于长沙古城墙遗址之上，是反映长沙古城格局、城防历史和城市记忆的重要地标。",
        "名称": "天心阁",
        "来源图层": "书院文庙主题支步道",
        "来源文件": "历史步道.gdb",
        "数据来源": "H:\\26.5长沙历史步道专项规划\\ArcGISPro历史步道\\历史步道\\历史步道.gdb",
        "坐标系统": "EPSG:4326",
        "几何类型": "MultiLineString",
        "GIS分类": "ArcGIS历史步道"
      },
      "geometry": {
        "type": "MultiLineString",
        "coordinates": [
          [
            [
              112.9781349301675,
              28.18963397657267,
              0.0
            ],
            [
              112.97796338249096,
              28.189775748362738,
              99.0
            ],
            [
              112.9776698139544,
              28.189601542700217,
              99.0
            ],
            [
              112.97746334786446,
              28.18945153234904,
              99.0
            ],
            [
              112.97737947126807,
              28.189537022510937,
              99.0
            ],
            [
              112.97730849807242,
              28.189549926710246,
              99.0
            ],
            [
              112.9772794636241,
              28.18949992273127,
              99.0
            ],
            [
              112.97725526840024,
              28.189438628137815,
              99.0
            ],
            [
              112.9771762310283,
              28.18940152911578,
              99.0
            ],
            [
              112.97705364153472,
              28.189383785618737,
              99.0
            ],
            [
              112.97691008356581,
              28.189330556693466,
              99.0
            ],
            [
              112.97683588451996,
              28.18924506636646,
              99.0
            ],
            [
              112.97678749407224,
              28.189157963930047,
              99.0
            ],
            [
              112.97674878207339,
              28.189057957165524,
              99.0
            ],
            [
              112.97664877532775,
              28.188866008333907,
              99.0
            ],
            [
              112.97653263753458,
              28.188630507715665,
              99.0
            ],
            [
              112.97642607847723,
              28.188417791465987,
              99.0
            ],
            [
              112.97615718935651,
              28.187870248147295,
              99.0
            ],
            [
              112.97598785423052,
              28.18753551625838,
              99.0
            ],
            [
              112.9760203040735,
              28.187351689169194,
              99.0
            ],
            [
              112.97603038496763,
              28.187208029720757,
              99.0
            ],
            [
              112.97598501914749,
              28.18710721588799,
              99.0
            ],
            [
              112.97584388034161,
              28.186976158950976,
              99.0
            ],
            [
              112.97571786377523,
              28.186935833341842,
              99.0
            ],
            [
              112.97551119556435,
              28.186925752333053,
              99.0
            ],
            [
              112.97531965049126,
              28.186961036651393,
              99.0
            ],
            [
              112.97512558474547,
              28.186983719704084,
              99.0
            ],
            [
              112.97500208795346,
              28.18700640275196,
              99.0
            ],
            [
              112.97489371340096,
              28.187013963502924,
              99.0
            ],
            [
              112.97489119272828,
              28.187134940196362,
              99.0
            ],
            [
              112.97495420146062,
              28.187213070211946,
              99.0
            ],
            [
              112.97495672213331,
              28.187318924431096,
              99.0
            ],
            [
              112.97499200616105,
              28.187417217823523,
              99.0
            ],
            [
              112.97506257601312,
              28.187512990095374,
              99.0
            ],
            [
              112.97504241332656,
              28.187543234536264,
              99.0
            ],
            [
              112.97485338802787,
              28.18757599920565,
              99.0
            ],
            [
              112.97467661035975,
              28.187603911044317,
              99.0
            ]
          ]
        ]
      }
    },
    {
      "type": "Feature",
      "id": "历史步道.gdb:书院文庙主题支步道:46",
      "properties": {
        "Shape_Length": 344.56842403232156,
        "道路等级": "一般",
        "步道名称": "熙台岭巷",
        "街巷简介": "熙台岭巷位于书院文庙—天心阁历史城区，街巷线长约345米，邻近里仁坡巷、天心阁路。",
        "名称": "熙台岭巷",
        "来源图层": "书院文庙主题支步道",
        "来源文件": "历史步道.gdb",
        "数据来源": "H:\\26.5长沙历史步道专项规划\\ArcGISPro历史步道\\历史步道\\历史步道.gdb",
        "坐标系统": "EPSG:4326",
        "几何类型": "MultiLineString",
        "GIS分类": "ArcGIS历史步道"
      },
      "geometry": {
        "type": "MultiLineString",
        "coordinates": [
          [
            [
              112.97449823548703,
              28.18398591479414,
              0.0
            ],
            [
              112.97450830380474,
              28.18415438980734,
              99.0
            ],
            [
              112.97451475550511,
              28.184252783501037,
              99.0
            ],
            [
              112.97447604350623,
              28.18451409229269,
              99.0
            ],
            [
              112.97446475168312,
              28.184681845934037,
              99.0
            ],
            [
              112.97446959090755,
              28.1847866915293,
              99.0
            ],
            [
              112.97449862535588,
              28.185091551917463,
              99.0
            ],
            [
              112.97450991628065,
              28.185330278194215,
              99.0
            ],
            [
              112.97453572487879,
              28.18552222703951,
              99.0
            ],
            [
              112.97452927228008,
              28.1857319188545,
              99.0
            ],
            [
              112.97452120720547,
              28.185906124488138,
              99.0
            ],
            [
              112.97449862535588,
              28.186109364827068,
              99.0
            ],
            [
              112.97447281675775,
              28.18629647443774,
              99.0
            ],
            [
              112.97446959090755,
              28.186344864664502,
              99.0
            ],
            [
              112.97449862535588,
              28.18638196395547,
              99.0
            ],
            [
              112.97450023873012,
              28.186531974654816,
              99.0
            ],
            [
              112.97449217365548,
              28.1866190776471,
              99.0
            ],
            [
              112.97453733735472,
              28.186686823754,
              99.0
            ]
          ]
        ]
      }
    },
    {
      "type": "Feature",
      "id": "历史步道.gdb:书院文庙主题支步道:47",
      "properties": {
        "Shape_Length": 298.29367328831165,
        "道路等级": "一般",
        "步道名称": "里仁坡巷",
        "街巷简介": "里仁坡巷位于书院文庙—天心阁历史城区，街巷线长约298米，邻近城南西路沿街步道、晏家塘。",
        "名称": "里仁坡巷",
        "来源图层": "书院文庙主题支步道",
        "来源文件": "历史步道.gdb",
        "数据来源": "H:\\26.5长沙历史步道专项规划\\ArcGISPro历史步道\\历史步道\\历史步道.gdb",
        "坐标系统": "EPSG:4326",
        "几何类型": "MultiLineString",
        "GIS分类": "ArcGIS历史步道"
      },
      "geometry": {
        "type": "MultiLineString",
        "coordinates": [
          [
            [
              112.97182857361663,
              28.186491754185987,
              99.0
            ],
            [
              112.9719468350272,
              28.18647390568992,
              99.0
            ],
            [
              112.972177496341,
              28.18643035493531,
              99.0
            ],
            [
              112.97252590792394,
              28.18638357683011,
              99.0
            ],
            [
              112.97274850326482,
              28.18637551245659,
              99.0
            ],
            [
              112.9729372267296,
              28.18636906016554,
              99.0
            ],
            [
              112.9730098124012,
              28.18640454657381,
              99.0
            ],
            [
              112.97305981532485,
              28.186431967809227,
              99.0
            ],
            [
              112.97327595986368,
              28.18644487159156,
              99.0
            ],
            [
              112.97354533317635,
              28.186440032970268,
              99.0
            ],
            [
              112.9738469667875,
              28.18639648141006,
              99.0
            ],
            [
              112.97406956302672,
              28.18636583362399,
              99.0
            ],
            [
              112.97425667311724,
              28.186354542707196,
              99.0
            ],
            [
              112.97446959090755,
              28.186344864664502,
              99.0
            ]
          ]
        ]
      }
    },
    {
      "type": "Feature",
      "id": "历史步道.gdb:书院文庙主题支步道:48",
      "properties": {
        "Shape_Length": 366.4726655165805,
        "道路等级": "一般",
        "步道名称": "晏家塘",
        "街巷简介": "长沙古城传统历史街巷，沿线晏家塘100号被列入历史建筑资源，保留老城居住空间特征。",
        "名称": "晏家塘",
        "来源图层": "书院文庙主题支步道",
        "来源文件": "历史步道.gdb",
        "数据来源": "H:\\26.5长沙历史步道专项规划\\ArcGISPro历史步道\\历史步道\\历史步道.gdb",
        "坐标系统": "EPSG:4326",
        "几何类型": "MultiLineString",
        "GIS分类": "ArcGIS历史步道"
      },
      "geometry": {
        "type": "MultiLineString",
        "coordinates": [
          [
            [
              112.97232627442004,
              28.187461151398292,
              99.0
            ],
            [
              112.97275898840081,
              28.18739201462151,
              99.0
            ],
            [
              112.97314711989237,
              28.18736429037983,
              99.0
            ],
            [
              112.97351508959567,
              28.18733404668006,
              99.0
            ],
            [
              112.97398639250612,
              28.187316404188014,
              99.0
            ],
            [
              112.9741376122061,
              28.1873138839449,
              99.0
            ]
          ],
          [
            [
              112.97215446084218,
              28.187495978682282,
              99.0
            ],
            [
              112.97181638257993,
              28.18753315279298,
              99.0
            ],
            [
              112.97157443034129,
              28.187555836516083,
              99.0
            ],
            [
              112.9713980066094,
              28.18752055160228,
              99.0
            ],
            [
              112.97098971153298,
              28.187510469856864,
              99.0
            ],
            [
              112.97069276622928,
              28.187514991717357,
              99.0
            ]
          ]
        ]
      }
    },
    {
      "type": "Feature",
      "id": "历史步道.gdb:书院文庙主题支步道:49",
      "properties": {
        "Shape_Length": 260.3431999798546,
        "道路等级": "一般",
        "步道名称": "西学巷",
        "街巷简介": "西学巷位于书院文庙—天心阁历史城区，街巷线长约260米，邻近化龙池街、大古道巷。",
        "名称": "西学巷",
        "来源图层": "书院文庙主题支步道",
        "来源文件": "历史步道.gdb",
        "数据来源": "H:\\26.5长沙历史步道专项规划\\ArcGISPro历史步道\\历史步道\\历史步道.gdb",
        "坐标系统": "EPSG:4326",
        "几何类型": "MultiLineString",
        "GIS分类": "ArcGIS历史步道"
      },
      "geometry": {
        "type": "MultiLineString",
        "coordinates": [
          [
            [
              112.97220031983743,
              28.18970618473813,
              99.0
            ],
            [
              112.97228718153549,
              28.189862851879287,
              99.0
            ],
            [
              112.97248235580234,
              28.190272557802757,
              99.0
            ],
            [
              112.97254687639929,
              28.190438698304757,
              99.0
            ],
            [
              112.97262268881941,
              28.190654842010694,
              99.0
            ],
            [
              112.97269366111672,
              28.19064838997792,
              99.0
            ],
            [
              112.97288722290763,
              28.190591934476572,
              99.0
            ],
            [
              112.97320176081783,
              28.190488701844625,
              99.0
            ],
            [
              112.97324531204112,
              28.19049031465734,
              99.0
            ],
            [
              112.97329854171329,
              28.190520962052826,
              99.0
            ],
            [
              112.97331951108697,
              28.190577417591655,
              99.0
            ],
            [
              112.97341951783261,
              28.190914537392338,
              99.0
            ]
          ]
        ]
      }
    },
    {
      "type": "Feature",
      "id": "历史步道.gdb:书院文庙主题支步道:50",
      "properties": {
        "Shape_Length": 594.9961383681891,
        "道路等级": "主要",
        "步道名称": "黄兴路步行街",
        "街巷简介": "",
        "名称": "黄兴路步行街",
        "来源图层": "书院文庙主题支步道",
        "来源文件": "历史步道.gdb",
        "数据来源": "H:\\26.5长沙历史步道专项规划\\ArcGISPro历史步道\\历史步道\\历史步道.gdb",
        "坐标系统": "EPSG:4326",
        "几何类型": "MultiLineString",
        "GIS分类": "ArcGIS历史步道"
      },
      "geometry": {
        "type": "MultiLineString",
        "coordinates": [
          [
            [
              112.97082740213084,
              28.19179363117631,
              99.0
            ],
            [
              112.9708076877036,
              28.19097565299458,
              99.0
            ],
            [
              112.9707903026079,
              28.19040643807173,
              99.0
            ],
            [
              112.97078385090755,
              28.190148355065375,
              99.0
            ],
            [
              112.97077632302543,
              28.18970764316854,
              99.0
            ],
            [
              112.97075840073721,
              28.18918341374752,
              99.0
            ],
            [
              112.97072592035148,
              28.18867131012431,
              0.0
            ],
            [
              112.97070594002295,
              28.188471329637494,
              0.0
            ],
            [
              112.97068671158428,
              28.188081186364307,
              99.0
            ],
            [
              112.97068757845854,
              28.18760145415038,
              99.0
            ],
            [
              112.97069308423292,
              28.187509691536267,
              99.0
            ],
            [
              112.97070409578167,
              28.187307813349587,
              99.0
            ],
            [
              112.9706985900073,
              28.18708574825,
              99.0
            ]
          ]
        ]
      }
    },
    {
      "type": "Feature",
      "id": "历史步道.gdb:书院文庙主题支步道:51",
      "properties": {
        "Shape_Length": 267.21938973587606,
        "道路等级": "一般",
        "步道名称": "蔡锷南路",
        "街巷简介": "",
        "名称": "蔡锷南路",
        "来源图层": "书院文庙主题支步道",
        "来源文件": "历史步道.gdb",
        "数据来源": "H:\\26.5长沙历史步道专项规划\\ArcGISPro历史步道\\历史步道\\历史步道.gdb",
        "坐标系统": "EPSG:4326",
        "几何类型": "MultiLineString",
        "GIS分类": "ArcGIS历史步道"
      },
      "geometry": {
        "type": "MultiLineString",
        "coordinates": [
          [
            [
              112.97473099616366,
              28.188747891103457,
              0.0
            ],
            [
              112.97467942567985,
              28.18818302542023,
              99.0
            ],
            [
              112.97467906904868,
              28.188141648787493,
              99.0
            ],
            [
              112.97467107314434,
              28.18790321857874,
              99.0
            ],
            [
              112.97467661035975,
              28.187603911044317,
              99.0
            ],
            [
              112.9746761683886,
              28.18732447799197,
              99.0
            ],
            [
              112.97467349590065,
              28.187140055910444,
              99.0
            ],
            [
              112.97467483169547,
              28.18685540456968,
              99.0
            ],
            [
              112.97465211330194,
              28.186763193955905,
              99.0
            ],
            [
              112.97458128473505,
              28.186720429563337,
              99.0
            ],
            [
              112.97453733735472,
              28.186686823754,
              99.0
            ]
          ]
        ]
      }
    },
    {
      "type": "Feature",
      "id": "历史步道.gdb:湖湘民俗主题支步道:1",
      "properties": {
        "道路等级": "主要",
        "步道名称": "坡子街",
        "Shape_Length": 313.31134711361443,
        "街巷简介": "因地势坡度较大得名，拥有千余年历史；1971年合并小西门正街等，现为长沙代表性民俗美食街。",
        "名称": "坡子街",
        "来源图层": "湖湘民俗主题支步道",
        "来源文件": "历史步道.gdb",
        "数据来源": "H:\\26.5长沙历史步道专项规划\\ArcGISPro历史步道\\历史步道\\历史步道.gdb",
        "坐标系统": "EPSG:4326",
        "几何类型": "MultiLineString",
        "GIS分类": "ArcGIS历史步道"
      },
      "geometry": {
        "type": "MultiLineString",
        "coordinates": [
          [
            [
              112.96614204023881,
              28.193974919799,
              0.0
            ],
            [
              112.96573933268346,
              28.194062023852506,
              99.0
            ],
            [
              112.96513334266754,
              28.194212941391452,
              99.0
            ],
            [
              112.9647014892728,
              28.194322064859804,
              99.0
            ],
            [
              112.9645134233748,
              28.194370822775134,
              99.0
            ],
            [
              112.96409550015518,
              28.194398685335894,
              99.0
            ],
            [
              112.96380759729311,
              28.194412615030082,
              99.0
            ],
            [
              112.96348951013923,
              28.194396363192205,
              99.0
            ],
            [
              112.96339199532017,
              28.194382431912445,
              99.0
            ]
          ]
        ]
      }
    },
    {
      "type": "Feature",
      "id": "历史步道.gdb:湖湘民俗主题支步道:2",
      "properties": {
        "道路等级": "主要",
        "步道名称": "坡子街",
        "Shape_Length": 403.0135947121823,
        "街巷简介": "因地势坡度较大得名，拥有千余年历史；1971年合并小西门正街等，现为长沙代表性民俗美食街。",
        "名称": "坡子街",
        "来源图层": "湖湘民俗主题支步道",
        "来源文件": "历史步道.gdb",
        "数据来源": "H:\\26.5长沙历史步道专项规划\\ArcGISPro历史步道\\历史步道\\历史步道.gdb",
        "坐标系统": "EPSG:4326",
        "几何类型": "MultiLineString",
        "GIS分类": "ArcGIS历史步道"
      },
      "geometry": {
        "type": "MultiLineString",
        "coordinates": [
          [
            [
              112.96726811976997,
              28.193741640167584,
              0.0
            ],
            [
              112.9677254862171,
              28.193675154223463,
              99.0
            ],
            [
              112.96799031585108,
              28.193606225733298,
              99.0
            ],
            [
              112.96837486396292,
              28.193504646783,
              99.0
            ],
            [
              112.96944143998797,
              28.19341758027864,
              99.0
            ],
            [
              112.97028309223892,
              28.193377674344912,
              99.0
            ],
            [
              112.9707381643888,
              28.193351554132526,
              99.0
            ],
            [
              112.97084728903457,
              28.193353874715438,
              99.0
            ]
          ]
        ]
      }
    },
    {
      "type": "Feature",
      "id": "历史步道.gdb:湖湘民俗主题支步道:3",
      "properties": {
        "道路等级": "一般",
        "步道名称": "苏家巷",
        "Shape_Length": 514.5449688334345,
        "街巷简介": "长沙古城传统历史街巷，位于白果园—化龙池历史片区，是现存老城街巷网络的重要组成。",
        "名称": "苏家巷",
        "来源图层": "湖湘民俗主题支步道",
        "来源文件": "历史步道.gdb",
        "数据来源": "H:\\26.5长沙历史步道专项规划\\ArcGISPro历史步道\\历史步道\\历史步道.gdb",
        "坐标系统": "EPSG:4326",
        "几何类型": "MultiLineString",
        "GIS分类": "ArcGIS历史步道"
      },
      "geometry": {
        "type": "MultiLineString",
        "coordinates": [
          [
            [
              112.97084728903457,
              28.193353874715438,
              99.0
            ],
            [
              112.97085265826502,
              28.192869780709017,
              99.0
            ],
            [
              112.9714040846106,
              28.19286615295086,
              99.0
            ],
            [
              112.97192286168719,
              28.192848013366486,
              99.0
            ],
            [
              112.97232192118418,
              28.19285889743417,
              99.0
            ],
            [
              112.97262302928087,
              28.192851641125266,
              99.0
            ],
            [
              112.9730619937394,
              28.192775457373404,
              99.0
            ],
            [
              112.97333407996423,
              28.19273917975429,
              99.0
            ],
            [
              112.97339212460632,
              28.192800852491242,
              99.0
            ],
            [
              112.97366058253573,
              28.192746435279105,
              99.0
            ],
            [
              112.97384197305284,
              28.19274280751676,
              99.0
            ],
            [
              112.97416847562432,
              28.192659367365376,
              99.0
            ],
            [
              112.97459292959606,
              28.192550533561132,
              99.0
            ],
            [
              112.97483962044781,
              28.192517882844022,
              99.0
            ]
          ]
        ]
      }
    },
    {
      "type": "Feature",
      "id": "历史步道.gdb:湖湘民俗主题支步道:4",
      "properties": {
        "道路等级": "一般",
        "步道名称": "白果园巷",
        "Shape_Length": 184.99051344262438,
        "街巷简介": "位于白果园—化龙池历史地段，周边保存白果园清代公沟、程潜公馆等历史文化遗存。",
        "名称": "白果园巷",
        "来源图层": "湖湘民俗主题支步道",
        "来源文件": "历史步道.gdb",
        "数据来源": "H:\\26.5长沙历史步道专项规划\\ArcGISPro历史步道\\历史步道\\历史步道.gdb",
        "坐标系统": "EPSG:4326",
        "几何类型": "MultiLineString",
        "GIS分类": "ArcGIS历史步道"
      },
      "geometry": {
        "type": "MultiLineString",
        "coordinates": [
          [
            [
              112.971991934946,
              28.191642710221448,
              99.0
            ],
            [
              112.972060718049,
              28.191922922151317,
              99.0
            ],
            [
              112.97205462387812,
              28.192016519415024,
              99.0
            ],
            [
              112.97207319834327,
              28.192097782764254,
              99.0
            ],
            [
              112.97214053066705,
              28.19214886230334,
              99.0
            ],
            [
              112.97251201817303,
              28.192299779376572,
              99.0
            ],
            [
              112.97254452281327,
              28.192353180215502,
              99.0
            ],
            [
              112.97258399388853,
              28.192675910036925,
              99.0
            ],
            [
              112.97260256835365,
              28.192801287157415,
              99.0
            ],
            [
              112.97260573581335,
              28.192852057581195,
              99.0
            ]
          ]
        ]
      }
    },
    {
      "type": "Feature",
      "id": "历史步道.gdb:湖湘民俗主题支步道:5",
      "properties": {
        "道路等级": "一般",
        "步道名称": "三王街",
        "Shape_Length": 208.16596319478776,
        "街巷简介": "三王街位于太平街—坡子街及都正街历史城区，街巷线长约208米，邻近火后街、坡子街。",
        "名称": "三王街",
        "来源图层": "湖湘民俗主题支步道",
        "来源文件": "历史步道.gdb",
        "数据来源": "H:\\26.5长沙历史步道专项规划\\ArcGISPro历史步道\\历史步道\\历史步道.gdb",
        "坐标系统": "EPSG:4326",
        "几何类型": "MultiLineString",
        "GIS分类": "ArcGIS历史步道"
      },
      "geometry": {
        "type": "MultiLineString",
        "coordinates": [
          [
            [
              112.96777776996326,
              28.193661545877692,
              99.0
            ],
            [
              112.96781502040314,
              28.193875444043904,
              99.0
            ],
            [
              112.96782542199583,
              28.194139943746848,
              99.0
            ],
            [
              112.9678306924116,
              28.19438983300401,
              99.0
            ],
            [
              112.96787785396403,
              28.194647406981005,
              99.0
            ],
            [
              112.9679685487734,
              28.194973910365086,
              99.0
            ],
            [
              112.96801469522957,
              28.19515559065003,
              99.0
            ],
            [
              112.96815400237055,
              28.19520899243733,
              99.0
            ]
          ]
        ]
      }
    },
    {
      "type": "Feature",
      "id": "历史步道.gdb:湖湘民俗主题支步道:6",
      "properties": {
        "道路等级": "一般",
        "步道名称": "三泰街&三兴街",
        "Shape_Length": 481.31065084973943,
        "街巷简介": "三泰街&三兴街位于太平街—坡子街及都正街历史城区，街巷线长约481米，邻近西牌楼街、药王街。",
        "名称": "三泰街&三兴街",
        "来源图层": "湖湘民俗主题支步道",
        "来源文件": "历史步道.gdb",
        "数据来源": "H:\\26.5长沙历史步道专项规划\\ArcGISPro历史步道\\历史步道\\历史步道.gdb",
        "坐标系统": "EPSG:4326",
        "几何类型": "MultiLineString",
        "GIS分类": "ArcGIS历史步道"
      },
      "geometry": {
        "type": "MultiLineString",
        "coordinates": [
          [
            [
              112.96815400237055,
              28.19520899243733,
              99.0
            ],
            [
              112.9682712073623,
              28.195258864694736,
              99.0
            ],
            [
              112.96831727207174,
              28.195710593450244,
              99.0
            ],
            [
              112.96830956362831,
              28.19617021687944,
              99.0
            ],
            [
              112.96829331040986,
              28.196620645748112,
              99.0
            ],
            [
              112.96827705808974,
              28.197133762677705,
              99.0
            ],
            [
              112.96828634487314,
              28.19774439546033,
              99.0
            ],
            [
              112.96829098916317,
              28.198192502758356,
              99.0
            ],
            [
              112.96829563255486,
              28.198598817575753,
              99.0
            ],
            [
              112.96829795469989,
              28.198828675974468,
              99.0
            ],
            [
              112.96827211466075,
              28.198950226735132,
              0.0
            ]
          ]
        ]
      }
    },
    {
      "type": "Feature",
      "id": "历史步道.gdb:湖湘民俗主题支步道:7",
      "properties": {
        "道路等级": "一般",
        "步道名称": "西牌楼街",
        "Shape_Length": 226.44120864079784,
        "街巷简介": "太平街历史文化街区的传统餐饮街，承担街区东西向联系并延续老长沙商业和市井文化。",
        "名称": "西牌楼街",
        "来源图层": "湖湘民俗主题支步道",
        "来源文件": "历史步道.gdb",
        "数据来源": "H:\\26.5长沙历史步道专项规划\\ArcGISPro历史步道\\历史步道\\历史步道.gdb",
        "坐标系统": "EPSG:4326",
        "几何类型": "MultiLineString",
        "GIS分类": "ArcGIS历史步道"
      },
      "geometry": {
        "type": "MultiLineString",
        "coordinates": [
          [
            [
              112.96624903857231,
              28.197192434676307,
              0.0
            ],
            [
              112.96634125872107,
              28.197166558450963,
              99.0
            ],
            [
              112.96685582719053,
              28.197146968392925,
              99.0
            ],
            [
              112.96732860333803,
              28.197122153839246,
              99.0
            ],
            [
              112.96785753856385,
              28.197120848309993,
              99.0
            ],
            [
              112.96827705808974,
              28.197133762677705,
              99.0
            ]
          ]
        ]
      }
    },
    {
      "type": "Feature",
      "id": "历史步道.gdb:湖湘民俗主题支步道:8",
      "properties": {
        "道路等级": "一般",
        "步道名称": "药王街",
        "Shape_Length": 289.1463137385067,
        "街巷简介": "药王街位于太平街—坡子街及都正街历史城区，街巷线长约289米，邻近怡长街、三泰街&三兴街。",
        "名称": "药王街",
        "来源图层": "湖湘民俗主题支步道",
        "来源文件": "历史步道.gdb",
        "数据来源": "H:\\26.5长沙历史步道专项规划\\ArcGISPro历史步道\\历史步道\\历史步道.gdb",
        "坐标系统": "EPSG:4326",
        "几何类型": "MultiLineString",
        "GIS分类": "ArcGIS历史步道"
      },
      "geometry": {
        "type": "MultiLineString",
        "coordinates": [
          [
            [
              112.96827705808974,
              28.197133762677705,
              99.0
            ],
            [
              112.96858890464736,
              28.197128683860527,
              99.0
            ],
            [
              112.96877827669579,
              28.197126072010413,
              99.0
            ],
            [
              112.96925366424584,
              28.19704771093539,
              99.0
            ],
            [
              112.96990797643751,
              28.19693800596721,
              99.0
            ],
            [
              112.97016134267014,
              28.19691319215671,
              99.0
            ],
            [
              112.97055183942584,
              28.19687140008787,
              99.0
            ],
            [
              112.97076218893277,
              28.196853115508297,
              99.0
            ],
            [
              112.9708458553234,
              28.19683270913793,
              99.0
            ]
          ]
        ]
      }
    },
    {
      "type": "Feature",
      "id": "历史步道.gdb:湖湘民俗主题支步道:9",
      "properties": {
        "道路等级": "一般",
        "步道名称": "东牌楼街",
        "Shape_Length": 515.1026784792699,
        "街巷简介": "东牌楼街位于太平街—坡子街及都正街历史城区，街巷线长约515米，邻近犁头街、青石井巷。",
        "名称": "东牌楼街",
        "来源图层": "湖湘民俗主题支步道",
        "来源文件": "历史步道.gdb",
        "数据来源": "H:\\26.5长沙历史步道专项规划\\ArcGISPro历史步道\\历史步道\\历史步道.gdb",
        "坐标系统": "EPSG:4326",
        "几何类型": "MultiLineString",
        "GIS分类": "ArcGIS历史步道"
      },
      "geometry": {
        "type": "MultiLineString",
        "coordinates": [
          [
            [
              112.9708458553234,
              28.19683270913793,
              99.0
            ],
            [
              112.97094886693367,
              28.196815241598504,
              99.0
            ],
            [
              112.97124663778908,
              28.196815241598504,
              99.0
            ],
            [
              112.9715626929538,
              28.196819158989168,
              99.0
            ],
            [
              112.97181736533686,
              28.19687923565669,
              99.0
            ],
            [
              112.9719949829298,
              28.19694714864596,
              99.0
            ],
            [
              112.97203808050384,
              28.19695759685525,
              99.0
            ],
            [
              112.97245439214586,
              28.196947240484455,
              99.0
            ],
            [
              112.9732100684376,
              28.19694086325233,
              99.0
            ],
            [
              112.97385095710402,
              28.196953616924468,
              99.0
            ],
            [
              112.97408052965972,
              28.19698869050461,
              99.0
            ],
            [
              112.97483939407238,
              28.196972748617377,
              99.0
            ],
            [
              112.97529853828543,
              28.196985502285703,
              99.0
            ],
            [
              112.97544024123331,
              28.196979798801724,
              99.0
            ]
          ]
        ]
      }
    },
    {
      "type": "Feature",
      "id": "历史步道.gdb:湖湘民俗主题支步道:10",
      "properties": {
        "道路等级": "一般",
        "步道名称": "登隆街",
        "Shape_Length": 336.2870960704294,
        "街巷简介": "登隆街位于太平街—坡子街及都正街历史城区，街巷线长约336米，邻近民主巷、育英街。",
        "名称": "登隆街",
        "来源图层": "湖湘民俗主题支步道",
        "来源文件": "历史步道.gdb",
        "数据来源": "H:\\26.5长沙历史步道专项规划\\ArcGISPro历史步道\\历史步道\\历史步道.gdb",
        "坐标系统": "EPSG:4326",
        "几何类型": "MultiLineString",
        "GIS分类": "ArcGIS历史步道"
      },
      "geometry": {
        "type": "MultiLineString",
        "coordinates": [
          [
            [
              112.97240351785636,
              28.192856930748864,
              99.0
            ],
            [
              112.97244033261335,
              28.192988627328294,
              99.0
            ],
            [
              112.97254367031205,
              28.19334741888688,
              99.0
            ],
            [
              112.97267121042115,
              28.193742792933325,
              99.0
            ],
            [
              112.97274135806505,
              28.194032946686235,
              99.0
            ],
            [
              112.9728402014924,
              28.19439643682309,
              99.0
            ],
            [
              112.9729358567988,
              28.19472804128197,
              99.0
            ],
            [
              112.97299325016229,
              28.19489703140689,
              99.0
            ],
            [
              112.97301556970383,
              28.195126604037846,
              99.0
            ],
            [
              112.97301696388917,
              28.195452828063576,
              99.0
            ]
          ]
        ]
      }
    },
    {
      "type": "Feature",
      "id": "历史步道.gdb:湖湘民俗主题支步道:11",
      "properties": {
        "道路等级": "主要",
        "步道名称": "都正街",
        "Shape_Length": 464.85628117413563,
        "街巷简介": "长沙古城传统历史街巷，沿线保存都正街52号、都正街四条巷19号等历史建筑资源。",
        "名称": "都正街",
        "来源图层": "湖湘民俗主题支步道",
        "来源文件": "历史步道.gdb",
        "数据来源": "H:\\26.5长沙历史步道专项规划\\ArcGISPro历史步道\\历史步道\\历史步道.gdb",
        "坐标系统": "EPSG:4326",
        "几何类型": "MultiLineString",
        "GIS分类": "ArcGIS历史步道"
      },
      "geometry": {
        "type": "MultiLineString",
        "coordinates": [
          [
            [
              112.97619539829878,
              28.190812791990503,
              0.0
            ],
            [
              112.9762104504697,
              28.191140973730217,
              99.0
            ],
            [
              112.97621682760992,
              28.19123981704406,
              99.0
            ],
            [
              112.97635393387844,
              28.19158417531613,
              99.0
            ],
            [
              112.976459154446,
              28.191880706129215,
              99.0
            ],
            [
              112.97662176837704,
              28.192260138260334,
              99.0
            ],
            [
              112.9766951032436,
              28.19256623462623,
              99.0
            ],
            [
              112.97677481614863,
              28.193025379906786,
              99.0
            ],
            [
              112.97682264335266,
              28.193274082578977,
              99.0
            ],
            [
              112.97683539763308,
              28.193497278091357,
              99.0
            ],
            [
              112.97694699534084,
              28.193914972134944,
              99.0
            ],
            [
              112.97710654781338,
              28.19438393778283,
              99.0
            ]
          ]
        ]
      }
    },
    {
      "type": "Feature",
      "id": "历史步道.gdb:湖湘民俗主题支步道:12",
      "properties": {
        "道路等级": "主要",
        "步道名称": "东庆街",
        "Shape_Length": 539.7548321447653,
        "街巷简介": "东庆街位于太平街—坡子街及都正街历史城区，街巷线长约540米，邻近藩后街、肇家坪巷。",
        "名称": "东庆街",
        "来源图层": "湖湘民俗主题支步道",
        "来源文件": "历史步道.gdb",
        "数据来源": "H:\\26.5长沙历史步道专项规划\\ArcGISPro历史步道\\历史步道\\历史步道.gdb",
        "坐标系统": "EPSG:4326",
        "几何类型": "MultiLineString",
        "GIS分类": "ArcGIS历史步道"
      },
      "geometry": {
        "type": "MultiLineString",
        "coordinates": [
          [
            [
              112.97710654781338,
              28.19438393778283,
              99.0
            ],
            [
              112.97719569841881,
              28.194587747091564,
              99.0
            ],
            [
              112.97738700903162,
              28.19511066187285,
              99.0
            ],
            [
              112.97753686868226,
              28.19549965920419,
              99.0
            ],
            [
              112.97768672833288,
              28.195907787794955,
              99.0
            ],
            [
              112.9778333998626,
              28.196341424694264,
              99.0
            ],
            [
              112.97791311276765,
              28.196641143997702,
              99.0
            ],
            [
              112.97801514431593,
              28.19706202663885,
              99.0
            ],
            [
              112.97806616053923,
              28.197291598577838,
              99.0
            ],
            [
              112.97807572580035,
              28.19756581039804,
              99.0
            ],
            [
              112.97807253767942,
              28.197929299603324,
              99.0
            ],
            [
              112.9781076115014,
              28.1983693133644,
              99.0
            ],
            [
              112.97804702911863,
              28.198522361617485,
              99.0
            ]
          ]
        ]
      }
    },
    {
      "type": "Feature",
      "id": "历史步道.gdb:湖湘民俗主题支步道:13",
      "properties": {
        "道路等级": "一般",
        "步道名称": "小瀛洲巷",
        "Shape_Length": 171.46458579692867,
        "街巷简介": "小瀛洲巷位于太平街—坡子街及都正街历史城区，街巷线长约171米，邻近蔡锷南路沿街步道、都正街。",
        "名称": "小瀛洲巷",
        "来源图层": "湖湘民俗主题支步道",
        "来源文件": "历史步道.gdb",
        "数据来源": "H:\\26.5长沙历史步道专项规划\\ArcGISPro历史步道\\历史步道\\历史步道.gdb",
        "坐标系统": "EPSG:4326",
        "几何类型": "MultiLineString",
        "GIS分类": "ArcGIS历史步道"
      },
      "geometry": {
        "type": "MultiLineString",
        "coordinates": [
          [
            [
              112.97498223877896,
              28.192265750153684,
              99.0
            ],
            [
              112.97541689581571,
              28.192149433944326,
              99.0
            ],
            [
              112.97574339838718,
              28.19205964510101,
              99.0
            ],
            [
              112.97619846245222,
              28.191943328667378,
              99.0
            ],
            [
              112.976459154446,
              28.191880706129215,
              99.0
            ]
          ]
        ]
      }
    },
    {
      "type": "Feature",
      "id": "历史步道.gdb:湖湘民俗主题支步道:14",
      "properties": {
        "道路等级": "一般",
        "步道名称": "蔡锷南路沿街步道",
        "Shape_Length": 48.17921112112958,
        "街巷简介": "",
        "名称": "蔡锷南路沿街步道",
        "来源图层": "湖湘民俗主题支步道",
        "来源文件": "历史步道.gdb",
        "数据来源": "H:\\26.5长沙历史步道专项规划\\ArcGISPro历史步道\\历史步道\\历史步道.gdb",
        "坐标系统": "EPSG:4326",
        "几何类型": "MultiLineString",
        "GIS分类": "ArcGIS历史步道"
      },
      "geometry": {
        "type": "MultiLineString",
        "coordinates": [
          [
            [
              112.97483962044781,
              28.192517882844022,
              99.0
            ],
            [
              112.97500533895649,
              28.192498873073962,
              99.0
            ],
            [
              112.97499880910269,
              28.192383944255127,
              99.0
            ],
            [
              112.97498223877896,
              28.192265750153684,
              99.0
            ]
          ]
        ]
      }
    },
    {
      "type": "Feature",
      "id": "历史步道.gdb:湖湘民俗主题支步道:15",
      "properties": {
        "道路等级": "一般",
        "步道名称": "藩后街",
        "Shape_Length": 279.0562790512623,
        "街巷简介": "藩后街位于太平街—坡子街及都正街历史城区，街巷线长约279米，邻近五一西路、东庆街。",
        "名称": "藩后街",
        "来源图层": "湖湘民俗主题支步道",
        "来源文件": "历史步道.gdb",
        "数据来源": "H:\\26.5长沙历史步道专项规划\\ArcGISPro历史步道\\历史步道\\历史步道.gdb",
        "坐标系统": "EPSG:4326",
        "几何类型": "MultiLineString",
        "GIS分类": "ArcGIS历史步道"
      },
      "geometry": {
        "type": "MultiLineString",
        "coordinates": [
          [
            [
              112.97544024123331,
              28.196979798801724,
              99.0
            ],
            [
              112.97604604350133,
              28.19692252959855,
              99.0
            ],
            [
              112.97674851078216,
              28.196807942805734,
              99.0
            ],
            [
              112.97743105073504,
              28.1967033195959,
              99.0
            ],
            [
              112.9777399364455,
              28.196613643042884,
              99.0
            ],
            [
              112.97788928585304,
              28.1965515560645,
              99.0
            ]
          ]
        ]
      }
    },
    {
      "type": "Feature",
      "id": "历史步道.gdb:湖湘民俗主题支步道:16",
      "properties": {
        "道路等级": "一般",
        "步道名称": "东茅街",
        "Shape_Length": 467.13233489283795,
        "街巷简介": "东茅街位于太平街—坡子街及都正街历史城区，街巷线长约467米，邻近蔡锷南路沿街步道、小瀛洲巷。",
        "名称": "东茅街",
        "来源图层": "湖湘民俗主题支步道",
        "来源文件": "历史步道.gdb",
        "数据来源": "H:\\26.5长沙历史步道专项规划\\ArcGISPro历史步道\\历史步道\\历史步道.gdb",
        "坐标系统": "EPSG:4326",
        "几何类型": "MultiLineString",
        "GIS分类": "ArcGIS历史步道"
      },
      "geometry": {
        "type": "MultiLineString",
        "coordinates": [
          [
            [
              112.9726869345319,
              28.19380783312868,
              99.0
            ],
            [
              112.97301962469903,
              28.193767397670253,
              99.0
            ],
            [
              112.97340264028504,
              28.19371294057174,
              99.0
            ],
            [
              112.97350429364258,
              28.193692973014773,
              99.0
            ],
            [
              112.97386734147648,
              28.193594949832494,
              99.0
            ],
            [
              112.97430481383333,
              28.19350055746401,
              99.0
            ],
            [
              112.974426434943,
              28.193478774415194,
              99.0
            ],
            [
              112.97461885048361,
              28.193471513397956,
              99.0
            ],
            [
              112.97495466948287,
              28.19341342603389,
              99.0
            ],
            [
              112.97511985708724,
              28.193435208304262,
              99.0
            ],
            [
              112.97533405497684,
              28.19341342603389,
              99.0
            ],
            [
              112.9759748340488,
              28.193329924650456,
              99.0
            ],
            [
              112.97617269517661,
              28.193297250419292,
              99.0
            ],
            [
              112.97637781738692,
              28.193251869570073,
              99.0
            ],
            [
              112.9766210596063,
              28.193191966629595,
              99.0
            ],
            [
              112.9767499417984,
              28.193170183517896,
              99.0
            ],
            [
              112.97680227135865,
              28.193168149540483,
              99.0
            ]
          ]
        ]
      }
    },
    {
      "type": "Feature",
      "id": "历史步道.gdb:湖湘民俗主题支步道:17",
      "properties": {
        "道路等级": "一般",
        "步道名称": "育英街",
        "Shape_Length": 208.03944981951983,
        "街巷简介": "育英街位于太平街—坡子街及都正街历史城区，街巷线长约208米，邻近民主巷、登隆街。",
        "名称": "育英街",
        "来源图层": "湖湘民俗主题支步道",
        "来源文件": "历史步道.gdb",
        "数据来源": "H:\\26.5长沙历史步道专项规划\\ArcGISPro历史步道\\历史步道\\历史步道.gdb",
        "坐标系统": "EPSG:4326",
        "几何类型": "MultiLineString",
        "GIS分类": "ArcGIS历史步道"
      },
      "geometry": {
        "type": "MultiLineString",
        "coordinates": [
          [
            [
              112.97086039904785,
              28.193905233021443,
              99.0
            ],
            [
              112.97096658889757,
              28.19387086623935,
              99.0
            ],
            [
              112.97143673567624,
              28.19387631178407,
              99.0
            ],
            [
              112.97177074007867,
              28.19386905079381,
              99.0
            ],
            [
              112.97195226354646,
              28.19392169315989,
              99.0
            ],
            [
              112.9720176123901,
              28.193927138702012,
              99.0
            ],
            [
              112.97223725676527,
              28.19391080128308,
              99.0
            ],
            [
              112.97239699788403,
              28.193841822273935,
              99.0
            ],
            [
              112.9724859445719,
              28.19380733275264,
              99.0
            ],
            [
              112.97267121042115,
              28.193742792933325,
              99.0
            ]
          ]
        ]
      }
    },
    {
      "type": "Feature",
      "id": "历史步道.gdb:湖湘民俗主题支步道:18",
      "properties": {
        "道路等级": "一般",
        "步道名称": "桂花井巷",
        "Shape_Length": 150.58578151824753,
        "街巷简介": "桂花井巷位于太平街—坡子街及都正街历史城区，街巷线长约151米，邻近都正街、堂皇里。",
        "名称": "桂花井巷",
        "来源图层": "湖湘民俗主题支步道",
        "来源文件": "历史步道.gdb",
        "数据来源": "H:\\26.5长沙历史步道专项规划\\ArcGISPro历史步道\\历史步道\\历史步道.gdb",
        "坐标系统": "EPSG:4326",
        "几何类型": "MultiLineString",
        "GIS分类": "ArcGIS历史步道"
      },
      "geometry": {
        "type": "MultiLineString",
        "coordinates": [
          [
            [
              112.97662176837704,
              28.192260138260334,
              99.0
            ],
            [
              112.97673723512874,
              28.192246226495765,
              99.0
            ],
            [
              112.97702948853168,
              28.192217182880622,
              99.0
            ],
            [
              112.97716744640314,
              28.192184509101036,
              99.0
            ],
            [
              112.97771383409828,
              28.19205744166859,
              99.0
            ],
            [
              112.9779392995565,
              28.19200176124057,
              99.0
            ]
          ]
        ]
      }
    },
    {
      "type": "Feature",
      "id": "历史步道.gdb:湖湘民俗主题支步道:19",
      "properties": {
        "道路等级": "一般",
        "步道名称": "堂皇里",
        "Shape_Length": 229.1956609402899,
        "街巷简介": "堂皇里位于太平街—坡子街及都正街历史城区，街巷线长约229米，邻近桂花井巷、都正街。",
        "名称": "堂皇里",
        "来源图层": "湖湘民俗主题支步道",
        "来源文件": "历史步道.gdb",
        "数据来源": "H:\\26.5长沙历史步道专项规划\\ArcGISPro历史步道\\历史步道\\历史步道.gdb",
        "坐标系统": "EPSG:4326",
        "几何类型": "MultiLineString",
        "GIS分类": "ArcGIS历史步道"
      },
      "geometry": {
        "type": "MultiLineString",
        "coordinates": [
          [
            [
              112.97770636370836,
              28.1902657771663,
              0.0
            ],
            [
              112.9778818711587,
              28.190604924058412,
              99.0
            ],
            [
              112.97799709626356,
              28.19109241544717,
              99.0
            ],
            [
              112.97801925500666,
              28.191212072422896,
              99.0
            ],
            [
              112.97798823258667,
              28.191309570483067,
              99.0
            ],
            [
              112.97785598979705,
              28.191679532144953,
              99.0
            ],
            [
              112.97786733462075,
              28.191824183980014,
              99.0
            ],
            [
              112.9779392995565,
              28.19200176124057,
              99.0
            ]
          ]
        ]
      }
    },
    {
      "type": "Feature",
      "id": "历史步道.gdb:湖湘民俗主题支步道:20",
      "properties": {
        "道路等级": "一般",
        "步道名称": "凤凰台巷",
        "Shape_Length": 445.23674636144426,
        "街巷简介": "凤凰台巷位于太平街—坡子街及都正街历史城区，街巷线长约445米，邻近东门捷径巷、桂花井巷。",
        "名称": "凤凰台巷",
        "来源图层": "湖湘民俗主题支步道",
        "来源文件": "历史步道.gdb",
        "数据来源": "H:\\26.5长沙历史步道专项规划\\ArcGISPro历史步道\\历史步道\\历史步道.gdb",
        "坐标系统": "EPSG:4326",
        "几何类型": "MultiLineString",
        "GIS分类": "ArcGIS历史步道"
      },
      "geometry": {
        "type": "MultiLineString",
        "coordinates": [
          [
            [
              112.97950184443306,
              28.191727068804276,
              99.0
            ],
            [
              112.97927312437855,
              28.19178515629305,
              99.0
            ],
            [
              112.97905892559065,
              28.19181238454511,
              99.0
            ],
            [
              112.97884109760896,
              28.19179786307545,
              99.0
            ],
            [
              112.97855065880287,
              28.19179241742484,
              99.0
            ],
            [
              112.97843811427082,
              28.19180693889524,
              99.0
            ],
            [
              112.97830560198665,
              28.19185958069342,
              99.0
            ],
            [
              112.9779392995565,
              28.19200176124057,
              99.0
            ],
            [
              112.97800245651088,
              28.192131866671147,
              99.0
            ],
            [
              112.97810955545566,
              28.19239870712728,
              99.0
            ],
            [
              112.97818398087695,
              28.19259112228634,
              99.0
            ],
            [
              112.97836550434472,
              28.193061269476292,
              99.0
            ],
            [
              112.97851979987625,
              28.19346969794564,
              99.0
            ],
            [
              112.97857607214226,
              28.193609471849733,
              99.0
            ],
            [
              112.97861237755448,
              28.193723831676962,
              99.0
            ],
            [
              112.97871403091204,
              28.193981595691394,
              99.0
            ]
          ]
        ]
      }
    },
    {
      "type": "Feature",
      "id": "历史步道.gdb:湖湘民俗主题支步道:21",
      "properties": {
        "道路等级": "一般",
        "步道名称": "东门捷径巷",
        "Shape_Length": 199.37358055950176,
        "街巷简介": "东门捷径巷位于太平街—坡子街及都正街历史城区，街巷线长约199米，邻近凤凰台巷、都正街。",
        "名称": "东门捷径巷",
        "来源图层": "湖湘民俗主题支步道",
        "来源文件": "历史步道.gdb",
        "数据来源": "H:\\26.5长沙历史步道专项规划\\ArcGISPro历史步道\\历史步道\\历史步道.gdb",
        "坐标系统": "EPSG:4326",
        "几何类型": "MultiLineString",
        "GIS分类": "ArcGIS历史步道"
      },
      "geometry": {
        "type": "MultiLineString",
        "coordinates": [
          [
            [
              112.97681413271366,
              28.193229829155577,
              99.0
            ],
            [
              112.97689489215603,
              28.193220093938336,
              99.0
            ],
            [
              112.97720419737972,
              28.19314607268873,
              99.0
            ],
            [
              112.97727293197367,
              28.19313549822031,
              99.0
            ],
            [
              112.97732580411638,
              28.19314342907171,
              99.0
            ],
            [
              112.97737471199368,
              28.19317515247147,
              99.0
            ],
            [
              112.97750292763587,
              28.193321874260487,
              99.0
            ],
            [
              112.9776694770862,
              28.193561122914637,
              99.0
            ],
            [
              112.97770648767587,
              28.193670833724315,
              99.0
            ],
            [
              112.97774217684379,
              28.193755429810388,
              99.0
            ],
            [
              112.97776993478607,
              28.193883646405045,
              99.0
            ],
            [
              112.97781487660143,
              28.194141400533304,
              99.0
            ]
          ]
        ]
      }
    },
    {
      "type": "Feature",
      "id": "历史步道.gdb:湖湘民俗主题支步道:22",
      "properties": {
        "道路等级": "一般",
        "步道名称": "火后街",
        "Shape_Length": 293.68282181168905,
        "街巷简介": "火后街位于太平街—坡子街及都正街历史城区，街巷线长约294米，邻近三王街、坡子街。",
        "名称": "火后街",
        "来源图层": "湖湘民俗主题支步道",
        "来源文件": "历史步道.gdb",
        "数据来源": "H:\\26.5长沙历史步道专项规划\\ArcGISPro历史步道\\历史步道\\历史步道.gdb",
        "坐标系统": "EPSG:4326",
        "几何类型": "MultiLineString",
        "GIS分类": "ArcGIS历史步道"
      },
      "geometry": {
        "type": "MultiLineString",
        "coordinates": [
          [
            [
              112.97027316765165,
              28.194049865218098,
              99.0
            ],
            [
              112.96898852648972,
              28.19412628241423,
              99.0
            ],
            [
              112.96882329935951,
              28.19418824254105,
              99.0
            ],
            [
              112.9687964505123,
              28.194287379144278,
              99.0
            ],
            [
              112.96873655534074,
              28.194411299175243,
              99.0
            ],
            [
              112.96856100117799,
              28.194425756159728,
              99.0
            ],
            [
              112.96783487047597,
              28.194412653033126,
              99.0
            ]
          ]
        ]
      }
    },
    {
      "type": "Feature",
      "id": "历史步道.gdb:湖湘民俗主题支步道:23",
      "properties": {
        "道路等级": "一般",
        "步道名称": "三王街",
        "Shape_Length": 93.5786727209191,
        "街巷简介": "三王街位于太平街—坡子街及都正街历史城区，街巷线长约94米，邻近火后街、坡子街。",
        "名称": "三王街",
        "来源图层": "湖湘民俗主题支步道",
        "来源文件": "历史步道.gdb",
        "数据来源": "H:\\26.5长沙历史步道专项规划\\ArcGISPro历史步道\\历史步道\\历史步道.gdb",
        "坐标系统": "EPSG:4326",
        "几何类型": "MultiLineString",
        "GIS分类": "ArcGIS历史步道"
      },
      "geometry": {
        "type": "MultiLineString",
        "coordinates": [
          [
            [
              112.96891623995712,
              28.195068076582494,
              99.0
            ],
            [
              112.96888525975791,
              28.194783059989454,
              99.0
            ],
            [
              112.96886460659121,
              28.194568265027684,
              99.0
            ],
            [
              112.96881090799849,
              28.19439890702026,
              99.0
            ],
            [
              112.96876650337566,
              28.194349339177734,
              99.0
            ]
          ]
        ]
      }
    },
    {
      "type": "Feature",
      "id": "历史步道.gdb:湖湘民俗主题支步道:24",
      "properties": {
        "道路等级": "一般",
        "步道名称": "太平路",
        "Shape_Length": 267.301983805898,
        "街巷简介": "",
        "名称": "太平路",
        "来源图层": "湖湘民俗主题支步道",
        "来源文件": "历史步道.gdb",
        "数据来源": "H:\\26.5长沙历史步道专项规划\\ArcGISPro历史步道\\历史步道\\历史步道.gdb",
        "坐标系统": "EPSG:4326",
        "几何类型": "MultiLineString",
        "GIS分类": "ArcGIS历史步道"
      },
      "geometry": {
        "type": "MultiLineString",
        "coordinates": [
          [
            [
              112.96614204023881,
              28.193974919799,
              0.0
            ],
            [
              112.96620662820943,
              28.193334362340583,
              99.0
            ],
            [
              112.96624252937976,
              28.192703263949138,
              99.0
            ],
            [
              112.96627802720651,
              28.192251471019816,
              99.0
            ],
            [
              112.96629739039248,
              28.19203202895573,
              99.0
            ],
            [
              112.96648803355703,
              28.192021037126178,
              0.0
            ]
          ]
        ]
      }
    },
    {
      "type": "Feature",
      "id": "历史步道.gdb:湖湘民俗主题支步道:25",
      "properties": {
        "道路等级": "一般",
        "步道名称": "粮道街（洪家井街）",
        "Shape_Length": 706.1194750393897,
        "街巷简介": "粮道街（洪家井街）位于太平街—坡子街及都正街历史城区，街巷线长约706米，邻近坡子街、火后街。",
        "名称": "粮道街（洪家井街）",
        "来源图层": "湖湘民俗主题支步道",
        "来源文件": "历史步道.gdb",
        "数据来源": "H:\\26.5长沙历史步道专项规划\\ArcGISPro历史步道\\历史步道\\历史步道.gdb",
        "坐标系统": "EPSG:4326",
        "几何类型": "MultiLineString",
        "GIS分类": "ArcGIS历史步道"
      },
      "geometry": {
        "type": "MultiLineString",
        "coordinates": [
          [
            [
              112.96692290618941,
              28.192863423027138,
              0.0
            ],
            [
              112.96778830630322,
              28.192696809664763,
              99.0
            ],
            [
              112.96866930296699,
              28.192535454804215,
              99.0
            ],
            [
              112.96949543861803,
              28.192390236250713,
              99.0
            ],
            [
              112.96984719103551,
              28.192341829758448,
              99.0
            ],
            [
              112.97016021977603,
              28.192316012531343,
              99.0
            ],
            [
              112.97024089657339,
              28.192309558223617,
              99.0
            ],
            [
              112.97024412422022,
              28.192758124558758,
              99.0
            ],
            [
              112.97026671325634,
              28.19304210858056,
              99.0
            ],
            [
              112.97028142855902,
              28.19324644774571,
              99.0
            ],
            [
              112.97028309223892,
              28.193377674344912,
              99.0
            ],
            [
              112.97029175559152,
              28.193581032699495,
              99.0
            ],
            [
              112.97029382081836,
              28.193967251072916,
              99.0
            ],
            [
              112.97027316765165,
              28.194049865218098,
              99.0
            ],
            [
              112.97029588604521,
              28.194149001157964,
              99.0
            ],
            [
              112.97029898433459,
              28.194594339814238,
              99.0
            ],
            [
              112.97030866547841,
              28.194833144628348,
              99.0
            ],
            [
              112.9703312554129,
              28.19491382233408,
              99.0
            ]
          ]
        ]
      }
    },
    {
      "type": "Feature",
      "id": "历史步道.gdb:湖湘民俗主题支步道:26",
      "properties": {
        "道路等级": "一般",
        "步道名称": "民主巷",
        "Shape_Length": 112.37859928109894,
        "街巷简介": "民主巷位于太平街—坡子街及都正街历史城区，街巷线长约112米，邻近登隆街、育英街。",
        "名称": "民主巷",
        "来源图层": "湖湘民俗主题支步道",
        "来源文件": "历史步道.gdb",
        "数据来源": "H:\\26.5长沙历史步道专项规划\\ArcGISPro历史步道\\历史步道\\历史步道.gdb",
        "坐标系统": "EPSG:4326",
        "几何类型": "MultiLineString",
        "GIS分类": "ArcGIS历史步道"
      },
      "geometry": {
        "type": "MultiLineString",
        "coordinates": [
          [
            [
              112.97224870579359,
              28.19479173494197,
              99.0
            ],
            [
              112.97227117625208,
              28.194734896849447,
              99.0
            ],
            [
              112.97227117625208,
              28.194523405675742,
              99.0
            ],
            [
              112.97222623443672,
              28.194408407778095,
              99.0
            ],
            [
              112.97222491301495,
              28.194174445828526,
              99.0
            ],
            [
              112.97222359069487,
              28.19399335688367,
              99.0
            ],
            [
              112.97222079693434,
              28.19391202530303,
              99.0
            ]
          ]
        ]
      }
    },
    {
      "type": "Feature",
      "id": "历史步道.gdb:湖湘民俗主题支步道:27",
      "properties": {
        "道路等级": "一般",
        "步道名称": "怡长街",
        "Shape_Length": 453.18770394911223,
        "街巷简介": "怡长街位于太平街—坡子街及都正街历史城区，街巷线长约453米，邻近药王街、三泰街&三兴街。",
        "名称": "怡长街",
        "来源图层": "湖湘民俗主题支步道",
        "来源文件": "历史步道.gdb",
        "数据来源": "H:\\26.5长沙历史步道专项规划\\ArcGISPro历史步道\\历史步道\\历史步道.gdb",
        "坐标系统": "EPSG:4326",
        "几何类型": "MultiLineString",
        "GIS分类": "ArcGIS历史步道"
      },
      "geometry": {
        "type": "MultiLineString",
        "coordinates": [
          [
            [
              112.96985596937245,
              28.198676224308812,
              99.0
            ],
            [
              112.96989727570586,
              28.198368488412516,
              99.0
            ],
            [
              112.96994271339125,
              28.19800292327204,
              99.0
            ],
            [
              112.96995717087744,
              28.197870742014658,
              99.0
            ],
            [
              112.96997162836362,
              28.1975588758415,
              99.0
            ],
            [
              112.96995717087744,
              28.197387452257445,
              99.0
            ],
            [
              112.96992412545137,
              28.197108632228744,
              99.0
            ],
            [
              112.96990797643751,
              28.19693800596721,
              99.0
            ],
            [
              112.96992206022455,
              28.1968628567283,
              99.0
            ],
            [
              112.96992412545137,
              28.19670589107899,
              99.0
            ],
            [
              112.96991379841887,
              28.196425004479813,
              99.0
            ],
            [
              112.96990140615954,
              28.19600574076832,
              99.0
            ],
            [
              112.9698848834465,
              28.19567941709007,
              99.0
            ],
            [
              112.96988075299284,
              28.195474948775303,
              99.0
            ],
            [
              112.96987249208547,
              28.195268414462987,
              99.0
            ],
            [
              112.96984977279364,
              28.195099056773287,
              99.0
            ]
          ]
        ]
      }
    },
    {
      "type": "Feature",
      "id": "历史步道.gdb:湖湘民俗主题支步道:28",
      "properties": {
        "道路等级": "一般",
        "步道名称": "五一大道跨路",
        "Shape_Length": 28.380611958583298,
        "街巷简介": "",
        "名称": "五一大道跨路",
        "来源图层": "湖湘民俗主题支步道",
        "来源文件": "历史步道.gdb",
        "数据来源": "H:\\26.5长沙历史步道专项规划\\ArcGISPro历史步道\\历史步道\\历史步道.gdb",
        "坐标系统": "EPSG:4326",
        "几何类型": "MultiLineString",
        "GIS分类": "ArcGIS历史步道"
      },
      "geometry": {
        "type": "MultiLineString",
        "coordinates": [
          [
            [
              112.96985929313901,
              28.19890089376227,
              99.0
            ],
            [
              112.96985596937245,
              28.198676224308812,
              99.0
            ]
          ]
        ]
      }
    },
    {
      "type": "Feature",
      "id": "历史步道.gdb:湖湘民俗主题支步道:29",
      "properties": {
        "道路等级": "一般",
        "步道名称": "走马楼巷",
        "Shape_Length": 222.19842905898912,
        "街巷简介": "走马楼巷位于太平街—坡子街及都正街历史城区，街巷线长约222米，邻近青石井巷、东牌楼街。",
        "名称": "走马楼巷",
        "来源图层": "湖湘民俗主题支步道",
        "来源文件": "历史步道.gdb",
        "数据来源": "H:\\26.5长沙历史步道专项规划\\ArcGISPro历史步道\\历史步道\\历史步道.gdb",
        "坐标系统": "EPSG:4326",
        "几何类型": "MultiLineString",
        "GIS分类": "ArcGIS历史步道"
      },
      "geometry": {
        "type": "MultiLineString",
        "coordinates": [
          [
            [
              112.97198326800014,
              28.198614263617074,
              99.0
            ],
            [
              112.97200392206517,
              28.198432514000316,
              99.0
            ],
            [
              112.97201424819937,
              28.198168150801393,
              99.0
            ],
            [
              112.972022510005,
              28.197986401217594,
              99.0
            ],
            [
              112.97201218297252,
              28.197645619914812,
              99.0
            ],
            [
              112.9720101177457,
              28.197414302229554,
              99.0
            ],
            [
              112.9720101177457,
              28.19719950701401,
              99.0
            ],
            [
              112.972022510005,
              28.19700743029456,
              99.0
            ],
            [
              112.97201653171683,
              28.196952372354872,
              99.0
            ],
            [
              112.9720369674912,
              28.19685872557707,
              99.0
            ]
          ]
        ]
      }
    },
    {
      "type": "Feature",
      "id": "历史步道.gdb:湖湘民俗主题支步道:30",
      "properties": {
        "道路等级": "一般",
        "步道名称": "青石井巷",
        "Shape_Length": 270.04190526408047,
        "街巷简介": "青石井巷位于太平街—坡子街及都正街历史城区，街巷线长约270米，邻近走马楼巷、东牌楼街。",
        "名称": "青石井巷",
        "来源图层": "湖湘民俗主题支步道",
        "来源文件": "历史步道.gdb",
        "数据来源": "H:\\26.5长沙历史步道专项规划\\ArcGISPro历史步道\\历史步道\\历史步道.gdb",
        "坐标系统": "EPSG:4326",
        "几何类型": "MultiLineString",
        "GIS分类": "ArcGIS历史步道"
      },
      "geometry": {
        "type": "MultiLineString",
        "coordinates": [
          [
            [
              112.97098901444035,
              28.19740232290245,
              99.0
            ],
            [
              112.97151906267877,
              28.197386461039386,
              99.0
            ],
            [
              112.9720101177457,
              28.19738381752726,
              99.0
            ],
            [
              112.97261220548,
              28.197360025123523,
              99.0
            ],
            [
              112.97304840492411,
              28.197352093793285,
              99.0
            ],
            [
              112.97341322603236,
              28.197333588409396,
              99.0
            ]
          ]
        ]
      }
    },
    {
      "type": "Feature",
      "id": "历史步道.gdb:湖湘民俗主题支步道:31",
      "properties": {
        "道路等级": "一般",
        "步道名称": "犁头街",
        "Shape_Length": 221.14065018746888,
        "街巷简介": "犁头街位于太平街—坡子街及都正街历史城区，街巷线长约221米，邻近东牌楼街、青石井巷。",
        "名称": "犁头街",
        "来源图层": "湖湘民俗主题支步道",
        "来源文件": "历史步道.gdb",
        "数据来源": "H:\\26.5长沙历史步道专项规划\\ArcGISPro历史步道\\历史步道\\历史步道.gdb",
        "坐标系统": "EPSG:4326",
        "几何类型": "MultiLineString",
        "GIS分类": "ArcGIS历史步道"
      },
      "geometry": {
        "type": "MultiLineString",
        "coordinates": [
          [
            [
              112.97361847849837,
              28.198671700545372,
              99.0
            ],
            [
              112.97359216774198,
              28.198469690641218,
              99.0
            ],
            [
              112.97358803639001,
              28.198236306815637,
              99.0
            ],
            [
              112.97357564502897,
              28.197916179488786,
              99.0
            ],
            [
              112.97355086051029,
              28.19774062536072,
              99.0
            ],
            [
              112.97351574985741,
              28.197554744717188,
              99.0
            ],
            [
              112.97344965900531,
              28.197414302229554,
              99.0
            ],
            [
              112.97341322603236,
              28.197333588409396,
              99.0
            ],
            [
              112.97340628654679,
              28.19716439629267,
              99.0
            ],
            [
              112.97340009086628,
              28.197036345142667,
              99.0
            ],
            [
              112.97339379008287,
              28.196944519373762,
              99.0
            ]
          ]
        ]
      }
    },
    {
      "type": "Feature",
      "id": "历史步道.gdb:湖湘民俗主题支步道:32",
      "properties": {
        "道路等级": "一般",
        "步道名称": "孚嘉巷",
        "Shape_Length": 169.86105806409554,
        "街巷简介": "太平街历史文化街区的传统居住巷，与马家巷共同构成保存较完整的传统居住街坊。",
        "名称": "孚嘉巷",
        "来源图层": "湖湘民俗主题支步道",
        "来源文件": "历史步道.gdb",
        "数据来源": "H:\\26.5长沙历史步道专项规划\\ArcGISPro历史步道\\历史步道\\历史步道.gdb",
        "坐标系统": "EPSG:4326",
        "几何类型": "MultiLineString",
        "GIS分类": "ArcGIS历史步道"
      },
      "geometry": {
        "type": "MultiLineString",
        "coordinates": [
          [
            [
              112.9662276263292,
              28.196493254236355,
              0.0
            ],
            [
              112.96584095010842,
              28.196530337337915,
              99.0
            ],
            [
              112.96561995915863,
              28.196575774590226,
              99.0
            ],
            [
              112.96545473202839,
              28.196648061196104,
              99.0
            ],
            [
              112.96529570057871,
              28.196714151809672,
              99.0
            ],
            [
              112.96508090530943,
              28.19676372013886,
              99.0
            ],
            [
              112.96485165255402,
              28.19681948438279,
              99.0
            ],
            [
              112.96476490853522,
              28.19684013776975,
              99.0
            ]
          ]
        ]
      }
    },
    {
      "type": "Feature",
      "id": "历史步道.gdb:湖湘民俗主题支步道:33",
      "properties": {
        "道路等级": "一般",
        "步道名称": "回龙巷",
        "Shape_Length": 161.04075134516003,
        "街巷简介": "回龙巷位于太平街—坡子街及都正街历史城区，街巷线长约161米，邻近下河街、卫国街。",
        "名称": "回龙巷",
        "来源图层": "湖湘民俗主题支步道",
        "来源文件": "历史步道.gdb",
        "数据来源": "H:\\26.5长沙历史步道专项规划\\ArcGISPro历史步道\\历史步道\\历史步道.gdb",
        "坐标系统": "EPSG:4326",
        "几何类型": "MultiLineString",
        "GIS分类": "ArcGIS历史步道"
      },
      "geometry": {
        "type": "MultiLineString",
        "coordinates": [
          [
            [
              112.96337799238155,
              28.196737449536872,
              99.0
            ],
            [
              112.96348902504896,
              28.196804861462528,
              99.0
            ],
            [
              112.96364235578987,
              28.19679428735611,
              99.0
            ],
            [
              112.96399924567248,
              28.196789000302516,
              99.0
            ],
            [
              112.96422659849108,
              28.196778425402798,
              99.0
            ],
            [
              112.96447377802636,
              28.196754632864284,
              99.0
            ],
            [
              112.96460728205064,
              28.196749345808698,
              99.0
            ],
            [
              112.96467733806637,
              28.196773138348423,
              99.0
            ],
            [
              112.96473417627102,
              28.19681411420067,
              99.0
            ],
            [
              112.96476490853522,
              28.19684013776975,
              99.0
            ]
          ]
        ]
      }
    },
    {
      "type": "Feature",
      "id": "历史步道.gdb:湖湘民俗主题支步道:34",
      "properties": {
        "道路等级": "一般",
        "步道名称": "福临街",
        "Shape_Length": 206.6026204399864,
        "街巷简介": "福临街位于太平街—坡子街及都正街历史城区，街巷线长约207米，邻近坡子街、金线街。",
        "名称": "福临街",
        "来源图层": "湖湘民俗主题支步道",
        "来源文件": "历史步道.gdb",
        "数据来源": "H:\\26.5长沙历史步道专项规划\\ArcGISPro历史步道\\历史步道\\历史步道.gdb",
        "坐标系统": "EPSG:4326",
        "几何类型": "MultiLineString",
        "GIS分类": "ArcGIS历史步道"
      },
      "geometry": {
        "type": "MultiLineString",
        "coordinates": [
          [
            [
              112.96440922509004,
              28.19437776941451,
              99.0
            ],
            [
              112.96438901658941,
              28.194425756159728,
              99.0
            ],
            [
              112.96440967065443,
              28.194626094452463,
              99.0
            ],
            [
              112.96446336924716,
              28.194915241898883,
              99.0
            ],
            [
              112.96449641467322,
              28.195020573869787,
              99.0
            ],
            [
              112.96453359055293,
              28.195111448847065,
              99.0
            ],
            [
              112.96455630894646,
              28.195253957592453,
              99.0
            ],
            [
              112.96457283165948,
              28.19541505420627,
              99.0
            ],
            [
              112.96456044029844,
              28.19551832087476,
              99.0
            ],
            [
              112.96455630894646,
              28.195582346586658,
              99.0
            ],
            [
              112.96458522391883,
              28.195776488297053,
              99.0
            ],
            [
              112.96460587708553,
              28.195921061749495,
              99.0
            ],
            [
              112.96462033457172,
              28.19598921840511,
              99.0
            ]
          ]
        ]
      }
    },
    {
      "type": "Feature",
      "id": "历史步道.gdb:湖湘民俗主题支步道:35",
      "properties": {
        "道路等级": "一般",
        "步道名称": "卫国街",
        "Shape_Length": 361.9287294611486,
        "街巷简介": "卫国街位于太平街—坡子街及都正街历史城区，街巷线长约362米，邻近马家巷、下河街。",
        "名称": "卫国街",
        "来源图层": "湖湘民俗主题支步道",
        "来源文件": "历史步道.gdb",
        "数据来源": "H:\\26.5长沙历史步道专项规划\\ArcGISPro历史步道\\历史步道\\历史步道.gdb",
        "坐标系统": "EPSG:4326",
        "几何类型": "MultiLineString",
        "GIS分类": "ArcGIS历史步道"
      },
      "geometry": {
        "type": "MultiLineString",
        "coordinates": [
          [
            [
              112.96462033457172,
              28.19598921840511,
              99.0
            ],
            [
              112.96467416252183,
              28.196295017490467,
              99.0
            ],
            [
              112.96468061691716,
              28.196440236280658,
              99.0
            ],
            [
              112.96469997920478,
              28.196627407772024,
              99.0
            ],
            [
              112.96471611474395,
              28.19675649180499,
              99.0
            ],
            [
              112.96470575716872,
              28.196793626276513,
              99.0
            ],
            [
              112.96476490853522,
              28.19684013776975,
              99.0
            ],
            [
              112.96478043950817,
              28.19693307835754,
              99.0
            ],
            [
              112.9648000191881,
              28.19714374296838,
              99.0
            ],
            [
              112.96481654190111,
              28.197344080124818,
              99.0
            ],
            [
              112.96483512984096,
              28.19759605199464,
              99.0
            ],
            [
              112.96485991435968,
              28.197812912762124,
              99.0
            ],
            [
              112.96489089455889,
              28.198038034509572,
              99.0
            ],
            [
              112.96490535114674,
              28.198246633768534,
              99.0
            ],
            [
              112.9649239399849,
              28.198424252610746,
              99.0
            ],
            [
              112.96492600521172,
              28.198515127860666,
              99.0
            ],
            [
              112.96496111586463,
              28.19859980640746,
              99.0
            ],
            [
              112.96500035697119,
              28.198665897397397,
              99.0
            ],
            [
              112.96502927194354,
              28.198750576616437,
              99.0
            ],
            [
              112.96503546762405,
              28.198800144792777,
              99.0
            ]
          ]
        ]
      }
    },
    {
      "type": "Feature",
      "id": "历史步道.gdb:湖湘民俗主题支步道:36",
      "properties": {
        "道路等级": "一般",
        "步道名称": "金线街",
        "Shape_Length": 255.00470310355348,
        "街巷简介": "太平街历史文化街区的传统风貌街，保留老城街巷尺度，是街区历史空间框架的重要部分。",
        "名称": "金线街",
        "来源图层": "湖湘民俗主题支步道",
        "来源文件": "历史步道.gdb",
        "数据来源": "H:\\26.5长沙历史步道专项规划\\ArcGISPro历史步道\\历史步道\\历史步道.gdb",
        "坐标系统": "EPSG:4326",
        "几何类型": "MultiLineString",
        "GIS分类": "ArcGIS历史步道"
      },
      "geometry": {
        "type": "MultiLineString",
        "coordinates": [
          [
            [
              112.96462033457172,
              28.19598921840511,
              99.0
            ],
            [
              112.9646451190904,
              28.195958237680635,
              99.0
            ],
            [
              112.96483719506782,
              28.19591280095751,
              99.0
            ],
            [
              112.96511188550866,
              28.195894212193934,
              99.0
            ],
            [
              112.96559104418625,
              28.195842579449607,
              99.0
            ],
            [
              112.96602683040533,
              28.1958054026865,
              99.0
            ],
            [
              112.96616637829479,
              28.195788567563103,
              0.0
            ],
            [
              112.96624988748023,
              28.195764096300387,
              99.0
            ],
            [
              112.96680959449614,
              28.195726920301684,
              99.0
            ],
            [
              112.9668715539962,
              28.195718658702994,
              99.0
            ]
          ]
        ]
      }
    },
    {
      "type": "Feature",
      "id": "历史步道.gdb:湖湘民俗主题支步道:37",
      "properties": {
        "道路等级": "一般",
        "步道名称": "内正巷",
        "Shape_Length": 257.74512892122004,
        "街巷简介": "内正巷位于太平街—坡子街及都正街历史城区，街巷线长约258米，邻近太平路、坡子街。",
        "名称": "内正巷",
        "来源图层": "湖湘民俗主题支步道",
        "来源文件": "历史步道.gdb",
        "数据来源": "H:\\26.5长沙历史步道专项规划\\ArcGISPro历史步道\\历史步道\\历史步道.gdb",
        "坐标系统": "EPSG:4326",
        "几何类型": "MultiLineString",
        "GIS分类": "ArcGIS历史步道"
      },
      "geometry": {
        "type": "MultiLineString",
        "coordinates": [
          [
            [
              112.96508313582629,
              28.194333064370028,
              99.0
            ],
            [
              112.96505322911386,
              28.19423318516541,
              99.0
            ],
            [
              112.96500647090501,
              28.194035655203326,
              99.0
            ],
            [
              112.96496945941699,
              28.193853244619472,
              99.0
            ],
            [
              112.96493244882727,
              28.193670833724315,
              99.0
            ],
            [
              112.96492055243799,
              28.193536008252085,
              99.0
            ],
            [
              112.96492451760163,
              28.193489744717954,
              99.0
            ],
            [
              112.96494698895846,
              28.193452734192938,
              99.0
            ],
            [
              112.9649813558063,
              28.19342629730402,
              99.0
            ],
            [
              112.96504744665837,
              28.1934104356426,
              99.0
            ],
            [
              112.96536336078759,
              28.19335756342084,
              99.0
            ],
            [
              112.96566473568396,
              28.193313943422297,
              99.0
            ],
            [
              112.96587358230941,
              28.193279575658373,
              99.0
            ],
            [
              112.96607582092766,
              28.19325181810709,
              99.0
            ],
            [
              112.96617363488569,
              28.193241243649137,
              99.0
            ],
            [
              112.96621184652292,
              28.19324263315006,
              99.0
            ]
          ]
        ]
      }
    },
    {
      "type": "Feature",
      "id": "历史步道.gdb:湖湘民俗主题支步道:38",
      "properties": {
        "道路等级": "一般",
        "步道名称": "五一西路",
        "Shape_Length": 250.48804990937452,
        "街巷简介": "",
        "名称": "五一西路",
        "来源图层": "湖湘民俗主题支步道",
        "来源文件": "历史步道.gdb",
        "数据来源": "H:\\26.5长沙历史步道专项规划\\ArcGISPro历史步道\\历史步道\\历史步道.gdb",
        "坐标系统": "EPSG:4326",
        "几何类型": "MultiLineString",
        "GIS分类": "ArcGIS历史步道"
      },
      "geometry": {
        "type": "MultiLineString",
        "coordinates": [
          [
            [
              112.9764032307263,
              28.198649483908135,
              99.0
            ],
            [
              112.97640102805721,
              28.198463494007488,
              99.0
            ],
            [
              112.97662615035902,
              28.19844697123256,
              99.0
            ],
            [
              112.97660343196546,
              28.198188803927703,
              99.0
            ],
            [
              112.97657864744677,
              28.197895526309754,
              99.0
            ],
            [
              112.97655592905323,
              28.19760224788696,
              99.0
            ],
            [
              112.97651462182155,
              28.197364734202115,
              99.0
            ],
            [
              112.97646174608559,
              28.197018202307497,
              99.0
            ],
            [
              112.97641670455725,
              28.196862067391827,
              99.0
            ]
          ]
        ]
      }
    },
    {
      "type": "Feature",
      "id": "历史步道.gdb:湖湘民俗主题支步道:39",
      "properties": {
        "道路等级": "一般",
        "步道名称": "建湘街",
        "Shape_Length": 1272.8159196143301,
        "街巷简介": "",
        "名称": "建湘街",
        "来源图层": "湖湘民俗主题支步道",
        "来源文件": "历史步道.gdb",
        "数据来源": "H:\\26.5长沙历史步道专项规划\\ArcGISPro历史步道\\历史步道\\历史步道.gdb",
        "坐标系统": "EPSG:4326",
        "几何类型": "MultiLineString",
        "GIS分类": "ArcGIS历史步道"
      },
      "geometry": {
        "type": "MultiLineString",
        "coordinates": [
          [
            [
              112.97853433282093,
              28.18997720621376,
              0.0
            ],
            [
              112.97879591774009,
              28.190218402959875,
              99.0
            ],
            [
              112.97900567885048,
              28.19045398083952,
              99.0
            ],
            [
              112.9791186276244,
              28.1907089206238,
              99.0
            ],
            [
              112.97924448339235,
              28.191060674010693,
              99.0
            ],
            [
              112.97933484223182,
              28.191518920786653,
              99.0
            ],
            [
              112.97942339725424,
              28.191746991598773,
              99.0
            ],
            [
              112.97958010116905,
              28.192090116278752,
              99.0
            ],
            [
              112.9797059578353,
              28.192367646187577,
              99.0
            ],
            [
              112.97979954342327,
              28.192593542645422,
              99.0
            ],
            [
              112.97994153562864,
              28.19275489741828,
              99.0
            ],
            [
              112.98018356781735,
              28.19303242718454,
              99.0
            ],
            [
              112.98056436456459,
              28.1934422682228,
              99.0
            ],
            [
              112.9808806191553,
              28.19384565426632,
              99.0
            ],
            [
              112.98095807010249,
              28.193948921659448,
              99.0
            ],
            [
              112.98120978253664,
              28.194261949543506,
              99.0
            ],
            [
              112.9813743646765,
              28.194516889746435,
              99.0
            ],
            [
              112.98144858797684,
              28.194687925237943,
              99.0
            ],
            [
              112.98147440465979,
              28.194794419688,
              99.0
            ],
            [
              112.9814776314083,
              28.194884777860338,
              99.0
            ],
            [
              112.98141934242446,
              28.19542692924879,
              99.0
            ],
            [
              112.98130841126667,
              28.19593116249463,
              99.0
            ],
            [
              112.98100082901169,
              28.196319422127495,
              99.0
            ],
            [
              112.98078400804143,
              28.196551369220007,
              99.0
            ],
            [
              112.98033524116653,
              28.19688416326882,
              99.0
            ],
            [
              112.97980579659597,
              28.197307719343584,
              99.0
            ],
            [
              112.97953855229048,
              28.197595132032067,
              99.0
            ],
            [
              112.97936711331009,
              28.197953137799132,
              99.0
            ],
            [
              112.9791301233651,
              28.198432159318713,
              99.0
            ],
            [
              112.97906457329883,
              28.19858847165609,
              99.0
            ]
          ]
        ]
      }
    },
    {
      "type": "Feature",
      "id": "历史步道.gdb:湖湘民俗主题支步道:40",
      "properties": {
        "道路等级": "一般",
        "步道名称": "肇家坪巷",
        "Shape_Length": 449.0321996026503,
        "街巷简介": "肇家坪巷位于太平街—坡子街及都正街历史城区，街巷线长约449米，邻近浏正街、东庆街。",
        "名称": "肇家坪巷",
        "来源图层": "湖湘民俗主题支步道",
        "来源文件": "历史步道.gdb",
        "数据来源": "H:\\26.5长沙历史步道专项规划\\ArcGISPro历史步道\\历史步道\\历史步道.gdb",
        "坐标系统": "EPSG:4326",
        "几何类型": "MultiLineString",
        "GIS分类": "ArcGIS历史步道"
      },
      "geometry": {
        "type": "MultiLineString",
        "coordinates": [
          [
            [
              112.97788487422669,
              28.19653496728168,
              99.0
            ],
            [
              112.97809834537924,
              28.19646292444739,
              99.0
            ],
            [
              112.97831834458894,
              28.196392836309066,
              99.0
            ],
            [
              112.97849940632267,
              28.196346110857995,
              99.0
            ],
            [
              112.97865515892155,
              28.196309119531524,
              99.0
            ],
            [
              112.97883427310776,
              28.196246818612842,
              99.0
            ],
            [
              112.979017282389,
              28.196190358942975,
              99.0
            ],
            [
              112.97908347654734,
              28.196178677164113,
              99.0
            ],
            [
              112.9791399365613,
              28.196254606724484,
              99.0
            ],
            [
              112.97916913989283,
              28.19628965044885,
              99.0
            ],
            [
              112.97921586576236,
              28.196295490936517,
              99.0
            ],
            [
              112.9792586974351,
              28.19628965044885,
              99.0
            ],
            [
              112.97940471499126,
              28.19622734951882,
              99.0
            ],
            [
              112.98003940438393,
              28.195923633251404,
              99.0
            ],
            [
              112.98038595286096,
              28.19573867813503,
              99.0
            ],
            [
              112.98071887299683,
              28.19558487296862,
              99.0
            ],
            [
              112.98083373967387,
              28.195508943724167,
              99.0
            ],
            [
              112.98112382813702,
              28.195314253655383,
              99.0
            ],
            [
              112.98124453566005,
              28.195288943849132,
              99.0
            ],
            [
              112.98138860656701,
              28.195209120696607,
              99.0
            ],
            [
              112.9814438655334,
              28.195198838578417,
              99.0
            ]
          ]
        ]
      }
    },
    {
      "type": "Feature",
      "id": "历史步道.gdb:湖湘民俗主题支步道:41",
      "properties": {
        "道路等级": "一般",
        "步道名称": "浏正街",
        "Shape_Length": 448.2351963626659,
        "街巷简介": "浏正街位于太平街—坡子街及都正街历史城区，街巷线长约448米，邻近肇家坪巷、建湘街。",
        "名称": "浏正街",
        "来源图层": "湖湘民俗主题支步道",
        "来源文件": "历史步道.gdb",
        "数据来源": "H:\\26.5长沙历史步道专项规划\\ArcGISPro历史步道\\历史步道\\历史步道.gdb",
        "坐标系统": "EPSG:4326",
        "几何类型": "MultiLineString",
        "GIS分类": "ArcGIS历史步道"
      },
      "geometry": {
        "type": "MultiLineString",
        "coordinates": [
          [
            [
              112.97771353765422,
              28.195987049889265,
              99.0
            ],
            [
              112.97783940779523,
              28.195960624711297,
              99.0
            ],
            [
              112.97808276949051,
              28.19586717341078,
              99.0
            ],
            [
              112.97893161814518,
              28.195505050037113,
              99.0
            ],
            [
              112.97943975916884,
              28.195288943849132,
              99.0
            ],
            [
              112.97982913931861,
              28.195107882127786,
              99.0
            ],
            [
              112.98021462527166,
              28.194903457847992,
              99.0
            ],
            [
              112.9805163954267,
              28.194704873751757,
              99.0
            ],
            [
              112.98090577467819,
              28.194426467132956,
              99.0
            ],
            [
              112.98110435894984,
              28.194292131111727,
              99.0
            ],
            [
              112.98119394344155,
              28.194242252069387,
              99.0
            ]
          ]
        ]
      }
    },
    {
      "type": "Feature",
      "id": "历史步道.gdb:湖湘民俗主题支步道:42",
      "properties": {
        "道路等级": "一般",
        "步道名称": "太傅里",
        "Shape_Length": 74.65002802351131,
        "街巷简介": "位于太平街历史文化街区，是规划明确保护的传统居住街坊，延续老长沙里巷生活格局。",
        "名称": "太傅里",
        "来源图层": "湖湘民俗主题支步道",
        "来源文件": "历史步道.gdb",
        "数据来源": "H:\\26.5长沙历史步道专项规划\\ArcGISPro历史步道\\历史步道\\历史步道.gdb",
        "坐标系统": "EPSG:4326",
        "几何类型": "MultiLineString",
        "GIS分类": "ArcGIS历史步道"
      },
      "geometry": {
        "type": "MultiLineString",
        "coordinates": [
          [
            [
              112.96685582719053,
              28.197146968392925,
              99.0
            ],
            [
              112.96685383921881,
              28.19655595799372,
              99.0
            ]
          ]
        ]
      }
    },
    {
      "type": "Feature",
      "id": "历史步道.gdb:湖湘民俗主题支步道:43",
      "properties": {
        "道路等级": "一般",
        "步道名称": "马家巷",
        "Shape_Length": 244.00371152722371,
        "街巷简介": "太平街历史文化街区的传统居住巷，与孚嘉巷共同构成保存较完整的传统居住街坊。",
        "名称": "马家巷",
        "来源图层": "湖湘民俗主题支步道",
        "来源文件": "历史步道.gdb",
        "数据来源": "H:\\26.5长沙历史步道专项规划\\ArcGISPro历史步道\\历史步道\\历史步道.gdb",
        "坐标系统": "EPSG:4326",
        "几何类型": "MultiLineString",
        "GIS分类": "ArcGIS历史步道"
      },
      "geometry": {
        "type": "MultiLineString",
        "coordinates": [
          [
            [
              112.96484090600826,
              28.19764659450464,
              99.0
            ],
            [
              112.96520604332346,
              28.197648876992425,
              99.0
            ],
            [
              112.96541412278768,
              28.19765371589805,
              99.0
            ],
            [
              112.96554961568198,
              28.197632746777657,
              99.0
            ],
            [
              112.96562220135358,
              28.19761500385529,
              99.0
            ],
            [
              112.96566091335244,
              28.19758596961609,
              99.0
            ],
            [
              112.9656851085763,
              28.197553709165124,
              99.0
            ],
            [
              112.96566897842705,
              28.197503705763555,
              99.0
            ],
            [
              112.96554961568198,
              28.197113355569197,
              99.0
            ],
            [
              112.9655431639816,
              28.19707303061736,
              99.0
            ],
            [
              112.96557865013028,
              28.19705044866932,
              99.0
            ],
            [
              112.9656480099517,
              28.197016575342513,
              99.0
            ],
            [
              112.96573027317383,
              28.196948828656648,
              99.0
            ],
            [
              112.96585931436775,
              28.196921406952136,
              99.0
            ],
            [
              112.96603997275793,
              28.196900437688054,
              99.0
            ],
            [
              112.96623646395497,
              28.196898570041025,
              0.0
            ]
          ]
        ]
      }
    },
    {
      "type": "Feature",
      "id": "历史步道.gdb:湖湘民俗主题支步道:44",
      "properties": {
        "道路等级": "一般",
        "步道名称": "下河街",
        "Shape_Length": 425.5648267555949,
        "街巷简介": "下河街位于太平街—坡子街及都正街历史城区，街巷线长约426米，邻近回龙巷、卫国街。",
        "名称": "下河街",
        "来源图层": "湖湘民俗主题支步道",
        "来源文件": "历史步道.gdb",
        "数据来源": "H:\\26.5长沙历史步道专项规划\\ArcGISPro历史步道\\历史步道\\历史步道.gdb",
        "坐标系统": "EPSG:4326",
        "几何类型": "MultiLineString",
        "GIS分类": "ArcGIS历史步道"
      },
      "geometry": {
        "type": "MultiLineString",
        "coordinates": [
          [
            [
              112.96394789168262,
              28.19552766081362,
              99.0
            ],
            [
              112.96394789168262,
              28.196069533423284,
              99.0
            ],
            [
              112.96394537100993,
              28.19636441294205,
              99.0
            ],
            [
              112.9639529321297,
              28.196576121360835,
              99.0
            ],
            [
              112.96396529743959,
              28.19678950303972,
              99.0
            ],
            [
              112.96401594086205,
              28.197218806505198,
              99.0
            ],
            [
              112.96406382645655,
              28.19754141000418,
              99.0
            ],
            [
              112.96406634712925,
              28.19776067924901,
              99.0
            ],
            [
              112.96406382645655,
              28.197972387276927,
              99.0
            ],
            [
              112.9640613066822,
              28.19816141262602,
              99.0
            ],
            [
              112.96408903048848,
              28.198393283675998,
              99.0
            ],
            [
              112.96407642892167,
              28.198511739387342,
              99.0
            ],
            [
              112.96404114399564,
              28.19874613044253,
              99.0
            ],
            [
              112.96403106220322,
              28.198887269456264,
              99.0
            ]
          ]
        ]
      }
    },
    {
      "type": "Feature",
      "id": "历史步道.gdb:湖湘民俗主题支步道:45",
      "properties": {
        "道路等级": "主要",
        "步道名称": "黄兴路步行街",
        "Shape_Length": 391.29865440662047,
        "街巷简介": "",
        "名称": "黄兴路步行街",
        "来源图层": "湖湘民俗主题支步道",
        "来源文件": "历史步道.gdb",
        "数据来源": "H:\\26.5长沙历史步道专项规划\\ArcGISPro历史步道\\历史步道\\历史步道.gdb",
        "坐标系统": "EPSG:4326",
        "几何类型": "MultiLineString",
        "GIS分类": "ArcGIS历史步道"
      },
      "geometry": {
        "type": "MultiLineString",
        "coordinates": [
          [
            [
              112.97084174014107,
              28.194891079209413,
              99.0
            ],
            [
              112.97084908117358,
              28.194452454072156,
              99.0
            ],
            [
              112.97086053289681,
              28.193917367920307,
              99.0
            ],
            [
              112.97085642220605,
              28.193544003996145,
              99.0
            ],
            [
              112.97084728903457,
              28.193353874715438,
              99.0
            ],
            [
              112.97085265826502,
              28.192869780709017,
              99.0
            ],
            [
              112.97084460756348,
              28.192599422130456,
              99.0
            ],
            [
              112.97083600529629,
              28.19205171337744,
              99.0
            ],
            [
              112.97082740213084,
              28.19179363117631,
              99.0
            ]
          ]
        ]
      }
    },
    {
      "type": "Feature",
      "id": "历史步道.gdb:教堂公馆主题支步道:1",
      "properties": {
        "Shape_Length": 1011.4314313428825,
        "步道名称": "中山路",
        "道路等级": "主要",
        "步道长度": 1011.4314313428825,
        "街巷简介": "",
        "名称": "中山路",
        "来源图层": "教堂公馆主题支步道",
        "来源文件": "历史步道.gdb",
        "数据来源": "H:\\26.5长沙历史步道专项规划\\ArcGISPro历史步道\\历史步道\\历史步道.gdb",
        "坐标系统": "EPSG:4326",
        "几何类型": "MultiLineString",
        "GIS分类": "ArcGIS历史步道"
      },
      "geometry": {
        "type": "MultiLineString",
        "coordinates": [
          [
            [
              112.96912993900003,
              28.20406918100008,
              0.0
            ],
            [
              112.96938957300006,
              28.204058494000037,
              99.0
            ],
            [
              112.96969837200004,
              28.204027091000057,
              99.0
            ],
            [
              112.9700211280001,
              28.203981730000066,
              99.0
            ],
            [
              112.97012231600002,
              28.20396253900003,
              99.0
            ],
            [
              112.97017814500009,
              28.203929392000077,
              99.0
            ],
            [
              112.97021652600006,
              28.203915434000066,
              99.0
            ],
            [
              112.97021652600006,
              28.20379854400005,
              99.0
            ],
            [
              112.97074689300007,
              28.203747950000036,
              99.0
            ],
            [
              112.97080621000009,
              28.203826459000027,
              99.0
            ],
            [
              112.97082540100007,
              28.20387356300006,
              99.0
            ],
            [
              112.97122317600008,
              28.203822969000043,
              99.0
            ],
            [
              112.97168550300012,
              28.20376714100007,
              99.0
            ],
            [
              112.97241650100011,
              28.203618848000076,
              99.0
            ],
            [
              112.97322393700006,
              28.203470555000024,
              99.0
            ],
            [
              112.97393541800011,
              28.203328804000023,
              99.0
            ],
            [
              112.97443427200005,
              28.203241572000024,
              99.0
            ],
            [
              112.97553556800005,
              28.202925359000062,
              99.0
            ],
            [
              112.97593628700008,
              28.202846305000037,
              99.0
            ],
            [
              112.97650601700002,
              28.202750896000055,
              99.0
            ],
            [
              112.97711118400002,
              28.20254644700003,
              99.0
            ],
            [
              112.97741195100002,
              28.20244124000004,
              99.0
            ],
            [
              112.97765809100008,
              28.202363825000077,
              99.0
            ],
            [
              112.97788438000009,
              28.202296335000028,
              99.0
            ],
            [
              112.9781503700001,
              28.20217723500008,
              99.0
            ],
            [
              112.9783885700001,
              28.202044240000077,
              99.0
            ],
            [
              112.97855134000008,
              28.201887425000052,
              99.0
            ],
            [
              112.97866845500005,
              28.20176237100003,
              99.0
            ]
          ]
        ]
      }
    },
    {
      "type": "Feature",
      "id": "历史步道.gdb:教堂公馆主题支步道:2",
      "properties": {
        "Shape_Length": 501.67882164756327,
        "步道名称": "宝南街",
        "道路等级": "主要",
        "步道长度": 501.67882164756327,
        "街巷简介": "宝南街位于潮宗街—中山亭历史城区，街巷线长约502米，邻近伍家井巷、建湘街。",
        "名称": "宝南街",
        "来源图层": "教堂公馆主题支步道",
        "来源文件": "历史步道.gdb",
        "数据来源": "H:\\26.5长沙历史步道专项规划\\ArcGISPro历史步道\\历史步道\\历史步道.gdb",
        "坐标系统": "EPSG:4326",
        "几何类型": "MultiLineString",
        "GIS分类": "ArcGIS历史步道"
      },
      "geometry": {
        "type": "MultiLineString",
        "coordinates": [
          [
            [
              112.9780470290001,
              28.198522362000062,
              99.0
            ],
            [
              112.978038018,
              28.198702815000047,
              99.0
            ],
            [
              112.97804619600004,
              28.19916895800003,
              99.0
            ],
            [
              112.978076181,
              28.19940611800007,
              99.0
            ],
            [
              112.978127975,
              28.199700524000036,
              99.0
            ],
            [
              112.97814433100007,
              28.199926780000055,
              99.0
            ],
            [
              112.97786355500011,
              28.199937684000076,
              99.0
            ],
            [
              112.97783356900004,
              28.200027642000066,
              99.0
            ],
            [
              112.97781448700005,
              28.200512866000054,
              99.0
            ],
            [
              112.97743830200011,
              28.200515592000045,
              99.0
            ],
            [
              112.97724748300004,
              28.200526496000066,
              99.0
            ],
            [
              112.9769803370001,
              28.200619179000057,
              99.0
            ],
            [
              112.97706211700006,
              28.201028076000057,
              99.0
            ],
            [
              112.97712481400004,
              28.201153471000055,
              99.0
            ],
            [
              112.97719023800005,
              28.201297948000047,
              99.0
            ],
            [
              112.97721477200002,
              28.201385180000045,
              99.0
            ],
            [
              112.97720659400011,
              28.20168503800005,
              99.0
            ],
            [
              112.97747101400012,
              28.202290205000054,
              99.0
            ],
            [
              112.97751882600005,
              28.202407626000024,
              99.0
            ]
          ]
        ]
      }
    },
    {
      "type": "Feature",
      "id": "历史步道.gdb:教堂公馆主题支步道:3",
      "properties": {
        "Shape_Length": 245.0666858159415,
        "步道名称": "乐古道巷",
        "道路等级": "主要",
        "步道长度": 245.0666858159415,
        "街巷简介": "乐古道巷位于潮宗街—中山亭历史城区，街巷线长约245米，邻近望麓园巷、建湘街。",
        "名称": "乐古道巷",
        "来源图层": "教堂公馆主题支步道",
        "来源文件": "历史步道.gdb",
        "数据来源": "H:\\26.5长沙历史步道专项规划\\ArcGISPro历史步道\\历史步道\\历史步道.gdb",
        "坐标系统": "EPSG:4326",
        "几何类型": "MultiLineString",
        "GIS分类": "ArcGIS历史步道"
      },
      "geometry": {
        "type": "MultiLineString",
        "coordinates": [
          [
            [
              112.97697600700008,
              28.202592115000073,
              99.0
            ],
            [
              112.97707633200002,
              28.202923964000036,
              99.0
            ],
            [
              112.97722008500011,
              28.20332886700004,
              99.0
            ],
            [
              112.97731831600004,
              28.203601998000067,
              99.0
            ],
            [
              112.9776417600001,
              28.203937421000035,
              99.0
            ],
            [
              112.97782723500006,
              28.20446794000003,
              99.0
            ],
            [
              112.97791497500009,
              28.20481305000004,
              99.0
            ]
          ]
        ]
      }
    },
    {
      "type": "Feature",
      "id": "历史步道.gdb:教堂公馆主题支步道:4",
      "properties": {
        "Shape_Length": 209.23074353650023,
        "步道名称": "望麓园巷",
        "道路等级": "主要",
        "步道长度": 209.23074353650023,
        "街巷简介": "望麓园巷位于潮宗街—中山亭历史城区，街巷线长约209米，邻近司马里、乐古道巷。",
        "名称": "望麓园巷",
        "来源图层": "教堂公馆主题支步道",
        "来源文件": "历史步道.gdb",
        "数据来源": "H:\\26.5长沙历史步道专项规划\\ArcGISPro历史步道\\历史步道\\历史步道.gdb",
        "坐标系统": "EPSG:4326",
        "几何类型": "MultiLineString",
        "GIS分类": "ArcGIS历史步道"
      },
      "geometry": {
        "type": "MultiLineString",
        "coordinates": [
          [
            [
              112.977909124,
              28.20479003400004,
              99.0
            ],
            [
              112.97730394100006,
              28.204924524000035,
              99.0
            ],
            [
              112.97635996400004,
              28.20514494500003,
              99.0
            ],
            [
              112.97596943500002,
              28.205216822000068,
              99.0
            ],
            [
              112.97586353700001,
              28.205215863000035,
              99.0
            ]
          ]
        ]
      }
    },
    {
      "type": "Feature",
      "id": "历史步道.gdb:教堂公馆主题支步道:5",
      "properties": {
        "Shape_Length": 96.49232431031336,
        "步道名称": "教育街",
        "道路等级": "主要",
        "步道长度": 96.49232431031336,
        "街巷简介": "教育街位于潮宗街—中山亭历史城区，街巷线长约96米，邻近司马里、望麓园巷。",
        "名称": "教育街",
        "来源图层": "教堂公馆主题支步道",
        "来源文件": "历史步道.gdb",
        "数据来源": "H:\\26.5长沙历史步道专项规划\\ArcGISPro历史步道\\历史步道\\历史步道.gdb",
        "坐标系统": "EPSG:4326",
        "几何类型": "MultiLineString",
        "GIS分类": "ArcGIS历史步道"
      },
      "geometry": {
        "type": "MultiLineString",
        "coordinates": [
          [
            [
              112.97586353700001,
              28.205215863000035,
              99.0
            ],
            [
              112.97574393500008,
              28.20531093200003,
              99.0
            ],
            [
              112.97552773100006,
              28.205419801000062,
              99.0
            ],
            [
              112.97536366100007,
              28.205501069000036,
              99.0
            ],
            [
              112.97507078800004,
              28.20557007000008,
              99.0
            ],
            [
              112.97498492000011,
              28.205576204000067,
              99.0
            ]
          ]
        ]
      }
    },
    {
      "type": "Feature",
      "id": "历史步道.gdb:教堂公馆主题支步道:6",
      "properties": {
        "Shape_Length": 443.2468514886192,
        "步道名称": "",
        "道路等级": "主要",
        "步道长度": 443.2468514886192,
        "街巷简介": "",
        "名称": "未命名要素",
        "来源图层": "教堂公馆主题支步道",
        "来源文件": "历史步道.gdb",
        "数据来源": "H:\\26.5长沙历史步道专项规划\\ArcGISPro历史步道\\历史步道\\历史步道.gdb",
        "坐标系统": "EPSG:4326",
        "几何类型": "MultiLineString",
        "GIS分类": "ArcGIS历史步道"
      },
      "geometry": {
        "type": "MultiLineString",
        "coordinates": [
          [
            [
              112.97498492000011,
              28.205576204000067,
              99.0
            ],
            [
              112.9750647190001,
              28.205879966000055,
              99.0
            ],
            [
              112.97511946800012,
              28.206149503000063,
              99.0
            ],
            [
              112.97488151800007,
              28.20621478100003,
              99.0
            ],
            [
              112.97493416200007,
              28.206606451000027,
              99.0
            ],
            [
              112.97481202800009,
              28.20662329700008,
              99.0
            ],
            [
              112.97483729700002,
              28.206972853000025,
              99.0
            ],
            [
              112.9745993470001,
              28.207010756000045,
              99.0
            ],
            [
              112.97464356800003,
              28.207320302000028,
              99.0
            ],
            [
              112.97474043300008,
              28.207933077000064,
              99.0
            ],
            [
              112.9738567170001,
              28.208099666000066,
              99.0
            ],
            [
              112.97320908100005,
              28.208193255000026,
              99.0
            ]
          ]
        ]
      }
    },
    {
      "type": "Feature",
      "id": "历史步道.gdb:教堂公馆主题支步道:7",
      "properties": {
        "Shape_Length": 303.3836713513986,
        "步道名称": "民主东街",
        "道路等级": "主要",
        "步道长度": 303.3836713513986,
        "街巷简介": "民主东街位于潮宗街—中山亭历史城区，街巷线长约303米，邻近民主西街、学宫街。",
        "名称": "民主东街",
        "来源图层": "教堂公馆主题支步道",
        "来源文件": "历史步道.gdb",
        "数据来源": "H:\\26.5长沙历史步道专项规划\\ArcGISPro历史步道\\历史步道\\历史步道.gdb",
        "坐标系统": "EPSG:4326",
        "几何类型": "MultiLineString",
        "GIS分类": "ArcGIS历史步道"
      },
      "geometry": {
        "type": "MultiLineString",
        "coordinates": [
          [
            [
              112.97320908100005,
              28.208193255000026,
              99.0
            ],
            [
              112.97324292300004,
              28.208453657000064,
              99.0
            ],
            [
              112.97328365300007,
              28.208808247000036,
              99.0
            ],
            [
              112.97331000700001,
              28.20901189700004,
              99.0
            ],
            [
              112.97325250600011,
              28.20906700200004,
              99.0
            ],
            [
              112.97330282000007,
              28.209277840000027,
              99.0
            ],
            [
              112.9733818840001,
              28.209577325000055,
              99.0
            ],
            [
              112.97345136400008,
              28.209881602000053,
              99.0
            ],
            [
              112.97345855200001,
              28.210123586000066,
              99.0
            ],
            [
              112.97348490700006,
              28.210454218000052,
              99.0
            ],
            [
              112.97348490700006,
              28.21057161600004,
              99.0
            ],
            [
              112.97347053100009,
              28.210909435000076,
              99.0
            ],
            [
              112.97345855200001,
              28.211170586000037,
              99.0
            ]
          ]
        ]
      }
    },
    {
      "type": "Feature",
      "id": "历史步道.gdb:教堂公馆主题支步道:8",
      "properties": {
        "Shape_Length": 199.81122709521094,
        "步道名称": "",
        "道路等级": "主要",
        "步道长度": 199.81122709521094,
        "街巷简介": "",
        "名称": "未命名要素",
        "来源图层": "教堂公馆主题支步道",
        "来源文件": "历史步道.gdb",
        "数据来源": "H:\\26.5长沙历史步道专项规划\\ArcGISPro历史步道\\历史步道\\历史步道.gdb",
        "坐标系统": "EPSG:4326",
        "几何类型": "MultiLineString",
        "GIS分类": "ArcGIS历史步道"
      },
      "geometry": {
        "type": "MultiLineString",
        "coordinates": [
          [
            [
              112.97345855200001,
              28.211170586000037,
              99.0
            ],
            [
              112.97372449500006,
              28.21118735700003,
              99.0
            ],
            [
              112.97372209900004,
              28.21147725900005,
              99.0
            ],
            [
              112.97374845400009,
              28.211678513000038,
              99.0
            ],
            [
              112.97378199600007,
              28.21188216300004,
              99.0
            ],
            [
              112.9738418930001,
              28.212126543000068,
              99.0
            ],
            [
              112.973853297,
              28.21241654000005,
              99.0
            ],
            [
              112.97390389800012,
              28.212790681000058,
              99.0
            ],
            [
              112.97401123400005,
              28.212825948000045,
              99.0
            ]
          ]
        ]
      }
    },
    {
      "type": "Feature",
      "id": "历史步道.gdb:教堂公馆主题支步道:9",
      "properties": {
        "Shape_Length": 433.3204804207123,
        "步道名称": "营盘路",
        "道路等级": "一般",
        "步道长度": 433.3204804207123,
        "街巷简介": "",
        "名称": "营盘路",
        "来源图层": "教堂公馆主题支步道",
        "来源文件": "历史步道.gdb",
        "数据来源": "H:\\26.5长沙历史步道专项规划\\ArcGISPro历史步道\\历史步道\\历史步道.gdb",
        "坐标系统": "EPSG:4326",
        "几何类型": "MultiLineString",
        "GIS分类": "ArcGIS历史步道"
      },
      "geometry": {
        "type": "MultiLineString",
        "coordinates": [
          [
            [
              112.97320908100005,
              28.208193255000026,
              99.0
            ],
            [
              112.9722112180001,
              28.208334181000055,
              99.0
            ],
            [
              112.97141206100002,
              28.20839978400005,
              99.0
            ],
            [
              112.97068446900005,
              28.208453459000054,
              99.0
            ],
            [
              112.96996880600011,
              28.208554844000048,
              99.0
            ],
            [
              112.96919946800006,
              28.208614483000076,
              99.0
            ],
            [
              112.96890198000006,
              28.20864974400007,
              0.0
            ]
          ]
        ]
      }
    },
    {
      "type": "Feature",
      "id": "历史步道.gdb:教堂公馆主题支步道:10",
      "properties": {
        "Shape_Length": 382.01227756700126,
        "步道名称": "湘春路",
        "道路等级": "一般",
        "步道长度": 382.01227756700126,
        "街巷简介": "",
        "名称": "湘春路",
        "来源图层": "教堂公馆主题支步道",
        "来源文件": "历史步道.gdb",
        "数据来源": "H:\\26.5长沙历史步道专项规划\\ArcGISPro历史步道\\历史步道\\历史步道.gdb",
        "坐标系统": "EPSG:4326",
        "几何类型": "MultiLineString",
        "GIS分类": "ArcGIS历史步道"
      },
      "geometry": {
        "type": "MultiLineString",
        "coordinates": [
          [
            [
              112.97031806300004,
              28.213306226000043,
              0.0
            ],
            [
              112.9703859980001,
              28.213287224000055,
              99.0
            ],
            [
              112.97040944900004,
              28.213246576000074,
              99.0
            ],
            [
              112.97045635100005,
              28.213232505000065,
              99.0
            ],
            [
              112.97091129800003,
              28.21324813900003,
              99.0
            ],
            [
              112.97123961000011,
              28.21322312500007,
              99.0
            ],
            [
              112.9717961770001,
              28.21319029400007,
              99.0
            ],
            [
              112.97215419300005,
              28.213163716000054,
              99.0
            ],
            [
              112.9725559850001,
              28.213149646000033,
              99.0
            ],
            [
              112.97302656500005,
              28.213098054000056,
              99.0
            ],
            [
              112.97352372300008,
              28.213026138000032,
              99.0
            ],
            [
              112.97390362700003,
              28.21291670000005,
              99.0
            ],
            [
              112.97404952300008,
              28.212878929000055,
              99.0
            ],
            [
              112.97407328100007,
              28.212862577000067,
              99.0
            ]
          ]
        ]
      }
    },
    {
      "type": "Feature",
      "id": "历史步道.gdb:教堂公馆主题支步道:11",
      "properties": {
        "Shape_Length": 163.98747302855125,
        "步道名称": "望麓园巷",
        "道路等级": "一般",
        "步道长度": 160.3180492475125,
        "街巷简介": "望麓园巷位于潮宗街—中山亭历史城区，街巷线长约160米，邻近戥子桥巷、乐古道巷。",
        "名称": "望麓园巷",
        "来源图层": "教堂公馆主题支步道",
        "来源文件": "历史步道.gdb",
        "数据来源": "H:\\26.5长沙历史步道专项规划\\ArcGISPro历史步道\\历史步道\\历史步道.gdb",
        "坐标系统": "EPSG:4326",
        "几何类型": "MultiLineString",
        "GIS分类": "ArcGIS历史步道"
      },
      "geometry": {
        "type": "MultiLineString",
        "coordinates": [
          [
            [
              112.977909124,
              28.20479003400004,
              99.0
            ],
            [
              112.9781379320001,
              28.204747977000068,
              99.0
            ],
            [
              112.97863741700007,
              28.20463783400004,
              99.0
            ],
            [
              112.97921425700008,
              28.204518982000025,
              99.0
            ],
            [
              112.97951450900007,
              28.20445597400004,
              99.0
            ]
          ]
        ]
      }
    },
    {
      "type": "Feature",
      "id": "历史步道.gdb:教堂公馆主题支步道:12",
      "properties": {
        "Shape_Length": 405.42151968319206,
        "步道名称": "潮宗街",
        "道路等级": "一般",
        "步道长度": 405.42151968319206,
        "街巷简介": "因邻古城潮宗门得名，明清时期长沙县署和临湘驿站设于此，是长沙现存少数麻石大街之一。",
        "名称": "潮宗街",
        "来源图层": "教堂公馆主题支步道",
        "来源文件": "历史步道.gdb",
        "数据来源": "H:\\26.5长沙历史步道专项规划\\ArcGISPro历史步道\\历史步道\\历史步道.gdb",
        "坐标系统": "EPSG:4326",
        "几何类型": "MultiLineString",
        "GIS分类": "ArcGIS历史步道"
      },
      "geometry": {
        "type": "MultiLineString",
        "coordinates": [
          [
            [
              112.96848109700011,
              28.206505665000066,
              0.0
            ],
            [
              112.96834756200008,
              28.206527804000075,
              99.0
            ],
            [
              112.96798887000011,
              28.206569917000024,
              99.0
            ],
            [
              112.96757209100008,
              28.206625101000043,
              99.0
            ],
            [
              112.96718871300004,
              28.20666721400005,
              99.0
            ],
            [
              112.96677774300008,
              28.206718041000045,
              99.0
            ],
            [
              112.96641759900001,
              28.206761607000033,
              99.0
            ],
            [
              112.9660661690001,
              28.206793555000047,
              99.0
            ],
            [
              112.96558894200007,
              28.206838482000023,
              99.0
            ],
            [
              112.9651056350001,
              28.206881594000038,
              99.0
            ],
            [
              112.96445668700005,
              28.206985970000062,
              99.0
            ]
          ]
        ]
      }
    },
    {
      "type": "Feature",
      "id": "历史步道.gdb:教堂公馆主题支步道:13",
      "properties": {
        "Shape_Length": 540.3108386409854,
        "步道名称": "西长街",
        "道路等级": "一般",
        "步道长度": 540.3108386409854,
        "街巷简介": "西长街位于潮宗街—中山亭历史城区，街巷线长约540米，邻近永兴街、落棚桥巷。",
        "名称": "西长街",
        "来源图层": "教堂公馆主题支步道",
        "来源文件": "历史步道.gdb",
        "数据来源": "H:\\26.5长沙历史步道专项规划\\ArcGISPro历史步道\\历史步道\\历史步道.gdb",
        "坐标系统": "EPSG:4326",
        "几何类型": "MultiLineString",
        "GIS分类": "ArcGIS历史步道"
      },
      "geometry": {
        "type": "MultiLineString",
        "coordinates": [
          [
            [
              112.96628154000007,
              28.198769411000058,
              0.0
            ],
            [
              112.96631393000007,
              28.199157068000034,
              99.0
            ],
            [
              112.96634162900011,
              28.199378655000032,
              99.0
            ],
            [
              112.96634716800008,
              28.19996032000006,
              99.0
            ],
            [
              112.96634716800008,
              28.200331478000066,
              99.0
            ],
            [
              112.96641364400011,
              28.200780192000025,
              99.0
            ],
            [
              112.96651889800012,
              28.20123444500007,
              99.0
            ],
            [
              112.96660753300011,
              28.20172747500004,
              99.0
            ],
            [
              112.96660753300011,
              28.202093094000077,
              99.0
            ],
            [
              112.96665185000006,
              28.20278555300007,
              99.0
            ],
            [
              112.9667349450001,
              28.20350571000006,
              99.0
            ],
            [
              112.966784802,
              28.204103994000036,
              99.0
            ],
            [
              112.96678064700006,
              28.20413604500004,
              99.0
            ]
          ]
        ]
      }
    },
    {
      "type": "Feature",
      "id": "历史步道.gdb:教堂公馆主题支步道:14",
      "properties": {
        "Shape_Length": 283.0683052756771,
        "步道名称": "福庆街",
        "道路等级": "一般",
        "步道长度": 283.0683052756771,
        "街巷简介": "潮宗街历史文化街区的传统历史街巷，是街区近代建筑、传统生活与街巷网络的重要组成。",
        "名称": "福庆街",
        "来源图层": "教堂公馆主题支步道",
        "来源文件": "历史步道.gdb",
        "数据来源": "H:\\26.5长沙历史步道专项规划\\ArcGISPro历史步道\\历史步道\\历史步道.gdb",
        "坐标系统": "EPSG:4326",
        "几何类型": "MultiLineString",
        "GIS分类": "ArcGIS历史步道"
      },
      "geometry": {
        "type": "MultiLineString",
        "coordinates": [
          [
            [
              112.96678064700006,
              28.20413604500004,
              99.0
            ],
            [
              112.96679366600006,
              28.20448689600005,
              99.0
            ],
            [
              112.9668007570001,
              28.20485207100006,
              99.0
            ],
            [
              112.96677593900006,
              28.20507188600004,
              99.0
            ],
            [
              112.96668375900003,
              28.20529524500006,
              99.0
            ],
            [
              112.96648521700001,
              28.20563205700006,
              99.0
            ],
            [
              112.9662866750001,
              28.205919234000078,
              99.0
            ],
            [
              112.96618385900001,
              28.206131957000025,
              99.0
            ],
            [
              112.9661094060001,
              28.20629149900003,
              99.0
            ],
            [
              112.96610586000008,
              28.20650776800005,
              99.0
            ],
            [
              112.96614840500001,
              28.20671694600003,
              99.0
            ],
            [
              112.9661626300001,
              28.20678478600007,
              99.0
            ]
          ]
        ]
      }
    },
    {
      "type": "Feature",
      "id": "历史步道.gdb:教堂公馆主题支步道:15",
      "properties": {
        "Shape_Length": 100.68815633986533,
        "步道名称": "黄兴中路",
        "道路等级": "一般",
        "步道长度": 100.68815633986533,
        "街巷简介": "",
        "名称": "黄兴中路",
        "来源图层": "教堂公馆主题支步道",
        "来源文件": "历史步道.gdb",
        "数据来源": "H:\\26.5长沙历史步道专项规划\\ArcGISPro历史步道\\历史步道\\历史步道.gdb",
        "坐标系统": "EPSG:4326",
        "几何类型": "MultiLineString",
        "GIS分类": "ArcGIS历史步道"
      },
      "geometry": {
        "type": "MultiLineString",
        "coordinates": [
          [
            [
              112.97063938200006,
              28.20845984600004,
              99.0
            ],
            [
              112.97051051000005,
              28.208127302000037,
              99.0
            ],
            [
              112.97035394600005,
              28.207782407000025,
              99.0
            ],
            [
              112.97027906700009,
              28.20752146600006,
              99.0
            ]
          ]
        ]
      }
    },
    {
      "type": "Feature",
      "id": "历史步道.gdb:教堂公馆主题支步道:16",
      "properties": {
        "Shape_Length": 280.661305744757,
        "步道名称": "左局街",
        "道路等级": "一般",
        "步道长度": 280.661305744757,
        "街巷简介": "左局街位于潮宗街—中山亭历史城区，街巷线长约281米，邻近文兴路、六堆子巷。",
        "名称": "左局街",
        "来源图层": "教堂公馆主题支步道",
        "来源文件": "历史步道.gdb",
        "数据来源": "H:\\26.5长沙历史步道专项规划\\ArcGISPro历史步道\\历史步道\\历史步道.gdb",
        "坐标系统": "EPSG:4326",
        "几何类型": "MultiLineString",
        "GIS分类": "ArcGIS历史步道"
      },
      "geometry": {
        "type": "MultiLineString",
        "coordinates": [
          [
            [
              112.97027906700009,
              28.20752146600006,
              99.0
            ],
            [
              112.97056950500007,
              28.20743524200003,
              99.0
            ],
            [
              112.97091440100007,
              28.20732405900003,
              99.0
            ],
            [
              112.97119349400009,
              28.207242373000042,
              99.0
            ],
            [
              112.97152477500003,
              28.207187916000066,
              99.0
            ],
            [
              112.97176756300007,
              28.207162956000047,
              99.0
            ],
            [
              112.97189916800005,
              28.207149342000037,
              99.0
            ],
            [
              112.97201725000002,
              28.20710577600005,
              99.0
            ],
            [
              112.97213632900002,
              28.207082541000034,
              99.0
            ],
            [
              112.97218570400003,
              28.207056402000035,
              99.0
            ],
            [
              112.97221474800006,
              28.207012836000047,
              99.0
            ],
            [
              112.972256861,
              28.20697798300006,
              99.0
            ],
            [
              112.97297279200006,
              28.206844382000043,
              99.0
            ]
          ]
        ]
      }
    },
    {
      "type": "Feature",
      "id": "历史步道.gdb:教堂公馆主题支步道:17",
      "properties": {
        "Shape_Length": 86.23522727028268,
        "步道名称": "文兴路",
        "道路等级": "一般",
        "步道长度": 86.23522727028268,
        "街巷简介": "",
        "名称": "文兴路",
        "来源图层": "教堂公馆主题支步道",
        "来源文件": "历史步道.gdb",
        "数据来源": "H:\\26.5长沙历史步道专项规划\\ArcGISPro历史步道\\历史步道\\历史步道.gdb",
        "坐标系统": "EPSG:4326",
        "几何类型": "MultiLineString",
        "GIS分类": "ArcGIS历史步道"
      },
      "geometry": {
        "type": "MultiLineString",
        "coordinates": [
          [
            [
              112.9720080830001,
              28.20799796600005,
              99.0
            ],
            [
              112.97200127500003,
              28.207664416000057,
              99.0
            ],
            [
              112.97198312300009,
              28.207501044000026,
              99.0
            ],
            [
              112.97191959000008,
              28.207280947000072,
              99.0
            ],
            [
              112.97188138500007,
              28.207151182000075,
              99.0
            ]
          ]
        ]
      }
    },
    {
      "type": "Feature",
      "id": "历史步道.gdb:教堂公馆主题支步道:18",
      "properties": {
        "Shape_Length": 91.01846116612585,
        "步道名称": "赐闲湖巷",
        "道路等级": "一般",
        "步道长度": 91.01846116612585,
        "街巷简介": "赐闲湖巷位于潮宗街—中山亭历史城区，街巷线长约91米，邻近五堆子巷、文兴路。",
        "名称": "赐闲湖巷",
        "来源图层": "教堂公馆主题支步道",
        "来源文件": "历史步道.gdb",
        "数据来源": "H:\\26.5长沙历史步道专项规划\\ArcGISPro历史步道\\历史步道\\历史步道.gdb",
        "坐标系统": "EPSG:4326",
        "几何类型": "MultiLineString",
        "GIS分类": "ArcGIS历史步道"
      },
      "geometry": {
        "type": "MultiLineString",
        "coordinates": [
          [
            [
              112.97355103600012,
              28.207809635000046,
              99.0
            ],
            [
              112.9735238070001,
              28.20766895400004,
              99.0
            ],
            [
              112.97346935000007,
              28.207419359000028,
              99.0
            ],
            [
              112.97341489300004,
              28.20711757500004,
              99.0
            ],
            [
              112.97336951200009,
              28.206917899000075,
              99.0
            ]
          ]
        ]
      }
    },
    {
      "type": "Feature",
      "id": "历史步道.gdb:教堂公馆主题支步道:19",
      "properties": {
        "Shape_Length": 120.35138099800697,
        "步道名称": "五堆子巷",
        "道路等级": "一般",
        "步道长度": 120.35138099800697,
        "街巷简介": "五堆子巷位于潮宗街—中山亭历史城区，街巷线长约120米，邻近赐闲湖巷、六堆子巷。",
        "名称": "五堆子巷",
        "来源图层": "教堂公馆主题支步道",
        "来源文件": "历史步道.gdb",
        "数据来源": "H:\\26.5长沙历史步道专项规划\\ArcGISPro历史步道\\历史步道\\历史步道.gdb",
        "坐标系统": "EPSG:4326",
        "几何类型": "MultiLineString",
        "GIS分类": "ArcGIS历史步道"
      },
      "geometry": {
        "type": "MultiLineString",
        "coordinates": [
          [
            [
              112.97336951200009,
              28.206917899000075,
              99.0
            ],
            [
              112.9729883120001,
              28.20697008700006,
              99.0
            ],
            [
              112.97297279200006,
              28.206844382000043,
              99.0
            ],
            [
              112.97286578300009,
              28.206411901000024,
              99.0
            ],
            [
              112.97280225000009,
              28.20617365100003,
              99.0
            ]
          ]
        ]
      }
    },
    {
      "type": "Feature",
      "id": "历史步道.gdb:教堂公馆主题支步道:20",
      "properties": {
        "Shape_Length": 201.68470474690164,
        "步道名称": "六堆子巷",
        "道路等级": "一般",
        "步道长度": 201.68470474690164,
        "街巷简介": "六堆子巷位于潮宗街—中山亭历史城区，街巷线长约202米，邻近五堆子巷、左局街。",
        "名称": "六堆子巷",
        "来源图层": "教堂公馆主题支步道",
        "来源文件": "历史步道.gdb",
        "数据来源": "H:\\26.5长沙历史步道专项规划\\ArcGISPro历史步道\\历史步道\\历史步道.gdb",
        "坐标系统": "EPSG:4326",
        "几何类型": "MultiLineString",
        "GIS分类": "ArcGIS历史步道"
      },
      "geometry": {
        "type": "MultiLineString",
        "coordinates": [
          [
            [
              112.97155534900003,
              28.20718477300005,
              99.0
            ],
            [
              112.971499816,
              28.207042697000077,
              99.0
            ],
            [
              112.97146578000002,
              28.206906554000057,
              99.0
            ],
            [
              112.9715066230001,
              28.20668872500005,
              99.0
            ],
            [
              112.97155654200003,
              28.20650493200003,
              99.0
            ],
            [
              112.9716019230001,
              28.206443668000077,
              99.0
            ],
            [
              112.97173125900008,
              28.206382403000077,
              99.0
            ],
            [
              112.97190824400002,
              28.20633248400003,
              99.0
            ],
            [
              112.97213288000012,
              28.206278027000053,
              99.0
            ],
            [
              112.97240062800006,
              28.206232646000046,
              99.0
            ],
            [
              112.97262299500005,
              28.206198610000058,
              99.0
            ],
            [
              112.97280225000009,
              28.20617365100003,
              99.0
            ]
          ]
        ]
      }
    },
    {
      "type": "Feature",
      "id": "历史步道.gdb:教堂公馆主题支步道:21",
      "properties": {
        "Shape_Length": 274.7186404243736,
        "步道名称": "又一村巷",
        "道路等级": "一般",
        "步道长度": 274.7186404243736,
        "街巷简介": "又一村巷位于潮宗街—中山亭历史城区，街巷线长约275米，邻近六堆子巷、教育街。",
        "名称": "又一村巷",
        "来源图层": "教堂公馆主题支步道",
        "来源文件": "历史步道.gdb",
        "数据来源": "H:\\26.5长沙历史步道专项规划\\ArcGISPro历史步道\\历史步道\\历史步道.gdb",
        "坐标系统": "EPSG:4326",
        "几何类型": "MultiLineString",
        "GIS分类": "ArcGIS历史步道"
      },
      "geometry": {
        "type": "MultiLineString",
        "coordinates": [
          [
            [
              112.97261340200009,
              28.20620007800005,
              99.0
            ],
            [
              112.97258360400008,
              28.205806065000047,
              99.0
            ],
            [
              112.97256182100011,
              28.205549027000075,
              99.0
            ],
            [
              112.97253277800007,
              28.205299250000053,
              99.0
            ],
            [
              112.9724845830001,
              28.204907521000052,
              99.0
            ],
            [
              112.97247096900003,
              28.204744150000067,
              99.0
            ],
            [
              112.97243012600006,
              28.20462389000005,
              99.0
            ],
            [
              112.9723575160001,
              28.204510438000057,
              99.0
            ],
            [
              112.97221002800006,
              28.20437656400003,
              99.0
            ],
            [
              112.97200581400011,
              28.204188233000025,
              99.0
            ],
            [
              112.97186967100004,
              28.204056628000046,
              99.0
            ],
            [
              112.97177210100006,
              28.203906871000072,
              99.0
            ],
            [
              112.97168587800002,
              28.203807032000043,
              99.0
            ],
            [
              112.97165934600002,
              28.20377030000003,
              99.0
            ]
          ]
        ]
      }
    },
    {
      "type": "Feature",
      "id": "历史步道.gdb:教堂公馆主题支步道:22",
      "properties": {
        "Shape_Length": 247.9230318508757,
        "步道名称": "教育街",
        "道路等级": "一般",
        "步道长度": 247.9230318508757,
        "街巷简介": "教育街位于潮宗街—中山亭历史城区，街巷线长约248米，邻近五堆子巷、又一村巷。",
        "名称": "教育街",
        "来源图层": "教堂公馆主题支步道",
        "来源文件": "历史步道.gdb",
        "数据来源": "H:\\26.5长沙历史步道专项规划\\ArcGISPro历史步道\\历史步道\\历史步道.gdb",
        "坐标系统": "EPSG:4326",
        "几何类型": "MultiLineString",
        "GIS分类": "ArcGIS历史步道"
      },
      "geometry": {
        "type": "MultiLineString",
        "coordinates": [
          [
            [
              112.97257852400003,
              28.205746119000025,
              99.0
            ],
            [
              112.97292632100005,
              28.205666654000026,
              99.0
            ],
            [
              112.97303814000009,
              28.205646324000043,
              99.0
            ],
            [
              112.9733401960001,
              28.205607115000078,
              99.0
            ],
            [
              112.97339537900007,
              28.205611471000054,
              99.0
            ],
            [
              112.97345346700001,
              28.20562599300007,
              99.0
            ],
            [
              112.9735246240001,
              28.20571893300007,
              99.0
            ],
            [
              112.97358706900002,
              28.20573636000006,
              99.0
            ],
            [
              112.97384120200002,
              28.20571022000007,
              99.0
            ],
            [
              112.97409388300002,
              28.205676820000065,
              99.0
            ],
            [
              112.97456003700006,
              28.205624541000077,
              99.0
            ],
            [
              112.97487661500008,
              28.205585332000055,
              99.0
            ],
            [
              112.97498492000011,
              28.205576204000067,
              99.0
            ]
          ]
        ]
      }
    },
    {
      "type": "Feature",
      "id": "历史步道.gdb:教堂公馆主题支步道:23",
      "properties": {
        "Shape_Length": 232.882269120062,
        "步道名称": "戥子桥巷",
        "道路等级": "一般",
        "步道长度": 232.882269120062,
        "街巷简介": "戥子桥巷位于潮宗街—中山亭历史城区，街巷线长约233米，邻近望麓园巷、司马里。",
        "名称": "戥子桥巷",
        "来源图层": "教堂公馆主题支步道",
        "来源文件": "历史步道.gdb",
        "数据来源": "H:\\26.5长沙历史步道专项规划\\ArcGISPro历史步道\\历史步道\\历史步道.gdb",
        "坐标系统": "EPSG:4326",
        "几何类型": "MultiLineString",
        "GIS分类": "ArcGIS历史步道"
      },
      "geometry": {
        "type": "MultiLineString",
        "coordinates": [
          [
            [
              112.97791497500009,
              28.20481305000004,
              99.0
            ],
            [
              112.97795526000004,
              28.20485778400007,
              99.0
            ],
            [
              112.97805691400004,
              28.205010264000066,
              99.0
            ],
            [
              112.97809321900002,
              28.205091587000027,
              99.0
            ],
            [
              112.97812661900002,
              28.205270206000023,
              99.0
            ],
            [
              112.97822045600003,
              28.20574905500007,
              99.0
            ],
            [
              112.97833390800008,
              28.206277318000048,
              99.0
            ],
            [
              112.97839418000001,
              28.206667311000047,
              99.0
            ],
            [
              112.97842963400001,
              28.206869398000038,
              99.0
            ],
            [
              112.97840127000006,
              28.20705375800003,
              99.0
            ]
          ]
        ]
      }
    },
    {
      "type": "Feature",
      "id": "历史步道.gdb:教堂公馆主题支步道:24",
      "properties": {
        "Shape_Length": 109.32905494823144,
        "步道名称": "司马里",
        "道路等级": "一般",
        "步道长度": 109.32905494823144,
        "街巷简介": "司马里位于潮宗街—中山亭历史城区，街巷线长约109米，邻近望麓园巷、教育街。",
        "名称": "司马里",
        "来源图层": "教堂公馆主题支步道",
        "来源文件": "历史步道.gdb",
        "数据来源": "H:\\26.5长沙历史步道专项规划\\ArcGISPro历史步道\\历史步道\\历史步道.gdb",
        "坐标系统": "EPSG:4326",
        "几何类型": "MultiLineString",
        "GIS分类": "ArcGIS历史步道"
      },
      "geometry": {
        "type": "MultiLineString",
        "coordinates": [
          [
            [
              112.97595849700008,
              28.206195252000043,
              99.0
            ],
            [
              112.97625038800004,
              28.20619380000005,
              99.0
            ],
            [
              112.97663667100005,
              28.20620251300005,
              99.0
            ],
            [
              112.97697503100005,
              28.206215583000073,
              99.0
            ],
            [
              112.97705054500011,
              28.206227200000058,
              99.0
            ]
          ]
        ]
      }
    },
    {
      "type": "Feature",
      "id": "历史步道.gdb:教堂公馆主题支步道:25",
      "properties": {
        "Shape_Length": 492.67460093040376,
        "步道名称": "文运街",
        "道路等级": "一般",
        "步道长度": 482.4613234690335,
        "街巷简介": "文运街位于潮宗街—中山亭历史城区，街巷线长约482米，邻近澡堂巷、南阳路。",
        "名称": "文运街",
        "来源图层": "教堂公馆主题支步道",
        "来源文件": "历史步道.gdb",
        "数据来源": "H:\\26.5长沙历史步道专项规划\\ArcGISPro历史步道\\历史步道\\历史步道.gdb",
        "坐标系统": "EPSG:4326",
        "几何类型": "MultiLineString",
        "GIS分类": "ArcGIS历史步道"
      },
      "geometry": {
        "type": "MultiLineString",
        "coordinates": [
          [
            [
              112.97361847800005,
              28.198671701000023,
              99.0
            ],
            [
              112.97362579900005,
              28.19897474000004,
              99.0
            ],
            [
              112.97362300900011,
              28.199271726000063,
              99.0
            ],
            [
              112.97363314200004,
              28.19968502100005,
              99.0
            ],
            [
              112.97360413700005,
              28.20059738300006,
              99.0
            ],
            [
              112.97363981300009,
              28.20149813300003,
              99.0
            ],
            [
              112.97364690300003,
              28.201827854000044,
              99.0
            ],
            [
              112.9737107200001,
              28.202182393000044,
              99.0
            ],
            [
              112.97368590300005,
              28.202600749000055,
              99.0
            ],
            [
              112.973834667,
              28.20297202200004,
              99.0
            ],
            [
              112.97393904300009,
              28.203015134000054,
              99.0
            ],
            [
              112.97404115100005,
              28.20304690100005,
              99.0
            ],
            [
              112.97412737500008,
              28.203126318000045,
              99.0
            ],
            [
              112.97432251300006,
              28.203235232000054,
              99.0
            ],
            [
              112.9743410530001,
              28.20325787300004,
              99.0
            ]
          ]
        ]
      }
    },
    {
      "type": "Feature",
      "id": "历史步道.gdb:教堂公馆主题支步道:26",
      "properties": {
        "Shape_Length": 303.9605186315212,
        "步道名称": "府后街",
        "道路等级": "一般",
        "步道长度": 303.9605186315212,
        "街巷简介": "府后街位于潮宗街—中山亭历史城区，街巷线长约304米，邻近县府坪巷、长治街。",
        "名称": "府后街",
        "来源图层": "教堂公馆主题支步道",
        "来源文件": "历史步道.gdb",
        "数据来源": "H:\\26.5长沙历史步道专项规划\\ArcGISPro历史步道\\历史步道\\历史步道.gdb",
        "坐标系统": "EPSG:4326",
        "几何类型": "MultiLineString",
        "GIS分类": "ArcGIS历史步道"
      },
      "geometry": {
        "type": "MultiLineString",
        "coordinates": [
          [
            [
              112.9736890590001,
              28.202547552000055,
              99.0
            ],
            [
              112.97309949500004,
              28.202577208000037,
              99.0
            ],
            [
              112.9728930120001,
              28.202565863000075,
              99.0
            ],
            [
              112.97275006200005,
              28.202445603000058,
              99.0
            ],
            [
              112.97229171400011,
              28.20247510100006,
              99.0
            ],
            [
              112.97180386800005,
              28.202504598000075,
              99.0
            ],
            [
              112.9715996540001,
              28.202518213000076,
              99.0
            ],
            [
              112.97142039900007,
              28.20255905500005,
              99.0
            ],
            [
              112.97107777200006,
              28.20254317200005,
              99.0
            ],
            [
              112.97070337900004,
              28.202506867000068,
              99.0
            ]
          ]
        ]
      }
    },
    {
      "type": "Feature",
      "id": "历史步道.gdb:教堂公馆主题支步道:27",
      "properties": {
        "Shape_Length": 286.4756508200494,
        "步道名称": "长治街",
        "道路等级": "一般",
        "步道长度": 286.4756508200494,
        "街巷简介": "长治街位于潮宗街—中山亭历史城区，街巷线长约286米，邻近南阳路、县府坪巷。",
        "名称": "长治街",
        "来源图层": "教堂公馆主题支步道",
        "来源文件": "历史步道.gdb",
        "数据来源": "H:\\26.5长沙历史步道专项规划\\ArcGISPro历史步道\\历史步道\\历史步道.gdb",
        "坐标系统": "EPSG:4326",
        "几何类型": "MultiLineString",
        "GIS分类": "ArcGIS历史步道"
      },
      "geometry": {
        "type": "MultiLineString",
        "coordinates": [
          [
            [
              112.9708100250001,
              28.200891304000038,
              99.0
            ],
            [
              112.971218453,
              28.200934416000052,
              99.0
            ],
            [
              112.97182429000009,
              28.20096845200004,
              99.0
            ],
            [
              112.97231440400003,
              28.20100248800003,
              99.0
            ],
            [
              112.97247323800002,
              28.201013833000047,
              99.0
            ],
            [
              112.97250273500003,
              28.200970721000033,
              99.0
            ],
            [
              112.97262072600006,
              28.201009295000063,
              99.0
            ],
            [
              112.97288166700002,
              28.201084173000027,
              99.0
            ],
            [
              112.973235638,
              28.201136362000057,
              99.0
            ],
            [
              112.97344330200008,
              28.20114307800003,
              99.0
            ],
            [
              112.97362622600008,
              28.20115510000005,
              99.0
            ]
          ]
        ]
      }
    },
    {
      "type": "Feature",
      "id": "历史步道.gdb:教堂公馆主题支步道:28",
      "properties": {
        "Shape_Length": 139.9892764070056,
        "步道名称": "县府坪巷",
        "道路等级": "一般",
        "步道长度": 139.9892764070056,
        "街巷简介": "县府坪巷位于潮宗街—中山亭历史城区，街巷线长约140米，邻近府后街、长治街。",
        "名称": "县府坪巷",
        "来源图层": "教堂公馆主题支步道",
        "来源文件": "历史步道.gdb",
        "数据来源": "H:\\26.5长沙历史步道专项规划\\ArcGISPro历史步道\\历史步道\\历史步道.gdb",
        "坐标系统": "EPSG:4326",
        "几何类型": "MultiLineString",
        "GIS分类": "ArcGIS历史步道"
      },
      "geometry": {
        "type": "MultiLineString",
        "coordinates": [
          [
            [
              112.97275006200005,
              28.202445603000058,
              99.0
            ],
            [
              112.97275641500005,
              28.20221479500003,
              99.0
            ],
            [
              112.97277238900006,
              28.20186626900005,
              99.0
            ],
            [
              112.97278981500006,
              28.201732668000034,
              99.0
            ],
            [
              112.97283483300009,
              28.201497413000027,
              99.0
            ],
            [
              112.9728842080001,
              28.20126506200006,
              99.0
            ],
            [
              112.97295391300008,
              28.201222948000066,
              99.0
            ],
            [
              112.9729669830001,
              28.20116050400003,
              99.0
            ],
            [
              112.97297553500005,
              28.201098013000035,
              99.0
            ]
          ]
        ]
      }
    },
    {
      "type": "Feature",
      "id": "历史步道.gdb:教堂公馆主题支步道:29",
      "properties": {
        "Shape_Length": 206.13163920969626,
        "步道名称": "顺星桥巷",
        "道路等级": "一般",
        "步道长度": 206.13163920969626,
        "街巷简介": "顺星桥巷位于潮宗街—中山亭历史城区，街巷线长约206米，邻近澡堂巷、邵阳坪巷。",
        "名称": "顺星桥巷",
        "来源图层": "教堂公馆主题支步道",
        "来源文件": "历史步道.gdb",
        "数据来源": "H:\\26.5长沙历史步道专项规划\\ArcGISPro历史步道\\历史步道\\历史步道.gdb",
        "坐标系统": "EPSG:4326",
        "几何类型": "MultiLineString",
        "GIS分类": "ArcGIS历史步道"
      },
      "geometry": {
        "type": "MultiLineString",
        "coordinates": [
          [
            [
              112.97369681500004,
              28.202105145000075,
              99.0
            ],
            [
              112.97397761700006,
              28.202048519000073,
              99.0
            ],
            [
              112.97433612700002,
              28.202009945000043,
              99.0
            ],
            [
              112.9745970680001,
              28.201975910000044,
              99.0
            ],
            [
              112.97471052000003,
              28.201955488000067,
              99.0
            ],
            [
              112.97473774900004,
              28.201921453000068,
              99.0
            ],
            [
              112.97474455600002,
              28.201789848000033,
              99.0
            ],
            [
              112.97476043900008,
              28.20176261900008,
              99.0
            ],
            [
              112.97480582000003,
              28.20175127400006,
              99.0
            ],
            [
              112.97519155900011,
              28.20172404500005,
              99.0
            ],
            [
              112.97538896600008,
              28.20170362400006,
              99.0
            ],
            [
              112.97558410400006,
              28.20167639500005,
              99.0
            ]
          ]
        ]
      }
    },
    {
      "type": "Feature",
      "id": "历史步道.gdb:教堂公馆主题支步道:30",
      "properties": {
        "Shape_Length": 162.3911623217967,
        "步道名称": "伍家井巷",
        "道路等级": "一般",
        "步道长度": 162.3911623217967,
        "街巷简介": "伍家井巷位于潮宗街—中山亭历史城区，街巷线长约162米，邻近宝南街、顺星桥巷。",
        "名称": "伍家井巷",
        "来源图层": "教堂公馆主题支步道",
        "来源文件": "历史步道.gdb",
        "数据来源": "H:\\26.5长沙历史步道专项规划\\ArcGISPro历史步道\\历史步道\\历史步道.gdb",
        "坐标系统": "EPSG:4326",
        "几何类型": "MultiLineString",
        "GIS分类": "ArcGIS历史步道"
      },
      "geometry": {
        "type": "MultiLineString",
        "coordinates": [
          [
            [
              112.97558410400006,
              28.20167639500005,
              99.0
            ],
            [
              112.97577261700008,
              28.20166441500004,
              99.0
            ],
            [
              112.97587281800008,
              28.20165570200004,
              99.0
            ],
            [
              112.97608774200012,
              28.201660058000073,
              99.0
            ],
            [
              112.97663086200009,
              28.20166441500004,
              99.0
            ],
            [
              112.97696486600012,
              28.201667319000023,
              99.0
            ],
            [
              112.97714929400001,
              28.20166441500004,
              99.0
            ],
            [
              112.97720716000003,
              28.201664290000053,
              99.0
            ]
          ]
        ]
      }
    },
    {
      "type": "Feature",
      "id": "历史步道.gdb:教堂公馆主题支步道:31",
      "properties": {
        "Shape_Length": 288.7254334909229,
        "步道名称": "黄泥街巷",
        "道路等级": "一般",
        "步道长度": 287.84657247120424,
        "街巷简介": "黄泥街巷位于潮宗街—中山亭历史城区，街巷线长约288米，邻近邵阳坪巷、澡堂巷。",
        "名称": "黄泥街巷",
        "来源图层": "教堂公馆主题支步道",
        "来源文件": "历史步道.gdb",
        "数据来源": "H:\\26.5长沙历史步道专项规划\\ArcGISPro历史步道\\历史步道\\历史步道.gdb",
        "坐标系统": "EPSG:4326",
        "几何类型": "MultiLineString",
        "GIS分类": "ArcGIS历史步道"
      },
      "geometry": {
        "type": "MultiLineString",
        "coordinates": [
          [
            [
              112.9736303300001,
              28.199773470000025,
              99.0
            ],
            [
              112.97428620800008,
              28.199838465000028,
              99.0
            ],
            [
              112.97470144400006,
              28.199877039000057,
              99.0
            ],
            [
              112.97492154200006,
              28.199938304000057,
              99.0
            ],
            [
              112.97515979200011,
              28.19995418700006,
              99.0
            ],
            [
              112.97535039200011,
              28.199949649000075,
              99.0
            ],
            [
              112.97557956600008,
              28.199983685000063,
              99.0
            ],
            [
              112.9760469900001,
              28.199988223000048,
              99.0
            ],
            [
              112.9763623880001,
              28.199997299000074,
              99.0
            ],
            [
              112.97650080000005,
              28.19999049200004,
              99.0
            ]
          ]
        ]
      }
    },
    {
      "type": "Feature",
      "id": "历史步道.gdb:教堂公馆主题支步道:32",
      "properties": {
        "Shape_Length": 238.61557947286667,
        "步道名称": "宝南街",
        "道路等级": "一般",
        "步道长度": 238.61557947286667,
        "街巷简介": "宝南街位于潮宗街—中山亭历史城区，街巷线长约239米，邻近黄泥街巷、伍家井巷。",
        "名称": "宝南街",
        "来源图层": "教堂公馆主题支步道",
        "来源文件": "历史步道.gdb",
        "数据来源": "H:\\26.5长沙历史步道专项规划\\ArcGISPro历史步道\\历史步道\\历史步道.gdb",
        "坐标系统": "EPSG:4326",
        "几何类型": "MultiLineString",
        "GIS分类": "ArcGIS历史步道"
      },
      "geometry": {
        "type": "MultiLineString",
        "coordinates": [
          [
            [
              112.97640323100006,
              28.198649484000043,
              99.0
            ],
            [
              112.9764259210001,
              28.198978496000052,
              99.0
            ],
            [
              112.97647584000003,
              28.19940280800006,
              99.0
            ],
            [
              112.97650306900005,
              28.199690977000046,
              99.0
            ],
            [
              112.97651441400001,
              28.19980443000003,
              99.0
            ],
            [
              112.97650080000005,
              28.19999049200004,
              99.0
            ],
            [
              112.97653710500003,
              28.20016067000006,
              99.0
            ],
            [
              112.97657114000003,
              28.200401190000036,
              99.0
            ],
            [
              112.97658702400008,
              28.200591790000033,
              99.0
            ],
            [
              112.9766142520001,
              28.20063717100004,
              99.0
            ],
            [
              112.97668459300007,
              28.200666668000054,
              99.0
            ],
            [
              112.9767730860001,
              28.20066439900006,
              99.0
            ],
            [
              112.97685250300003,
              28.200657592000027,
              99.0
            ],
            [
              112.9769803370001,
              28.200619179000057,
              99.0
            ]
          ]
        ]
      }
    },
    {
      "type": "Feature",
      "id": "历史步道.gdb:教堂公馆主题支步道:33",
      "properties": {
        "Shape_Length": 187.31854908306852,
        "步道名称": "邵阳坪巷",
        "道路等级": "一般",
        "步道长度": 187.31854908306852,
        "街巷简介": "邵阳坪巷位于潮宗街—中山亭历史城区，街巷线长约187米，邻近澡堂巷、黄泥街巷。",
        "名称": "邵阳坪巷",
        "来源图层": "教堂公馆主题支步道",
        "来源文件": "历史步道.gdb",
        "数据来源": "H:\\26.5长沙历史步道专项规划\\ArcGISPro历史步道\\历史步道\\历史步道.gdb",
        "坐标系统": "EPSG:4326",
        "几何类型": "MultiLineString",
        "GIS分类": "ArcGIS历史步道"
      },
      "geometry": {
        "type": "MultiLineString",
        "coordinates": [
          [
            [
              112.97476416500001,
              28.19989449800005,
              99.0
            ],
            [
              112.97477178400004,
              28.200124366000068,
              99.0
            ],
            [
              112.97478993700008,
              28.200412535000055,
              99.0
            ],
            [
              112.9748171650001,
              28.20060086600006,
              99.0
            ],
            [
              112.9748171650001,
              28.200832309000077,
              99.0
            ],
            [
              112.97483078000005,
              28.200927609000075,
              99.0
            ],
            [
              112.97485573900008,
              28.20104333100005,
              99.0
            ],
            [
              112.97492608000005,
              28.20119989500006,
              99.0
            ],
            [
              112.97494650100009,
              28.20129973300004,
              99.0
            ],
            [
              112.9749593890001,
              28.201507578000076,
              99.0
            ],
            [
              112.97497826800009,
              28.201632466000035,
              99.0
            ],
            [
              112.97501360400008,
              28.201736607000043,
              99.0
            ]
          ]
        ]
      }
    },
    {
      "type": "Feature",
      "id": "历史步道.gdb:教堂公馆主题支步道:34",
      "properties": {
        "Shape_Length": 198.50168937336448,
        "步道名称": "如意街",
        "道路等级": "一般",
        "步道长度": 198.50168937336448,
        "街巷简介": "如意街位于潮宗街—中山亭历史城区，街巷线长约199米，邻近永兴街、茶馆巷。",
        "名称": "如意街",
        "来源图层": "教堂公馆主题支步道",
        "来源文件": "历史步道.gdb",
        "数据来源": "H:\\26.5长沙历史步道专项规划\\ArcGISPro历史步道\\历史步道\\历史步道.gdb",
        "坐标系统": "EPSG:4326",
        "几何类型": "MultiLineString",
        "GIS分类": "ArcGIS历史步道"
      },
      "geometry": {
        "type": "MultiLineString",
        "coordinates": [
          [
            [
              112.9666401290001,
              28.20260240700003,
              99.0
            ],
            [
              112.9670312070001,
              28.202572386000043,
              99.0
            ],
            [
              112.96717500800003,
              28.202586284000063,
              99.0
            ],
            [
              112.96727484600001,
              28.20260670500005,
              99.0
            ],
            [
              112.96742006500006,
              28.202645279000023,
              99.0
            ],
            [
              112.96749494400001,
              28.202645279000023,
              99.0
            ],
            [
              112.96763335600008,
              28.20260443600006,
              99.0
            ],
            [
              112.96771277300002,
              28.202581746000078,
              99.0
            ],
            [
              112.9677876510001,
              28.20262032000005,
              99.0
            ],
            [
              112.96791471800009,
              28.202683853000053,
              99.0
            ],
            [
              112.96810758700008,
              28.20270200500005,
              99.0
            ],
            [
              112.96828684200011,
              28.20269292900008,
              99.0
            ],
            [
              112.96840483300002,
              28.202688391000038,
              99.0
            ],
            [
              112.968504671,
              28.20266797000005,
              99.0
            ],
            [
              112.9685783000001,
              28.202654300000063,
              0.0
            ]
          ]
        ]
      }
    },
    {
      "type": "Feature",
      "id": "历史步道.gdb:教堂公馆主题支步道:35",
      "properties": {
        "Shape_Length": 161.4000314139149,
        "步道名称": "茶馆巷",
        "道路等级": "一般",
        "步道长度": 161.4000314139149,
        "街巷简介": "茶馆巷位于潮宗街—中山亭历史城区，街巷线长约161米，邻近如意街、吉祥巷。",
        "名称": "茶馆巷",
        "来源图层": "教堂公馆主题支步道",
        "来源文件": "历史步道.gdb",
        "数据来源": "H:\\26.5长沙历史步道专项规划\\ArcGISPro历史步道\\历史步道\\历史步道.gdb",
        "坐标系统": "EPSG:4326",
        "几何类型": "MultiLineString",
        "GIS分类": "ArcGIS历史步道"
      },
      "geometry": {
        "type": "MultiLineString",
        "coordinates": [
          [
            [
              112.96814107700004,
              28.20270030900008,
              99.0
            ],
            [
              112.96818019700004,
              28.202856301000054,
              99.0
            ],
            [
              112.96824826800002,
              28.203049170000043,
              99.0
            ],
            [
              112.9682891110001,
              28.203146739000033,
              99.0
            ],
            [
              112.96832768500008,
              28.20315581500006,
              99.0
            ],
            [
              112.96836625900005,
              28.203151277000075,
              99.0
            ],
            [
              112.96840483300002,
              28.203171699000052,
              99.0
            ],
            [
              112.96841164000011,
              28.20321934900005,
              99.0
            ],
            [
              112.96853643700001,
              28.203591473000074,
              99.0
            ],
            [
              112.96861358500007,
              28.203786611000055,
              99.0
            ],
            [
              112.96864308300007,
              28.20393863700008,
              99.0
            ],
            [
              112.96867938700007,
              28.20405209000006,
              99.0
            ],
            [
              112.96868619500003,
              28.20408612500006,
              99.0
            ],
            [
              112.96874757500007,
              28.204080801000032,
              0.0
            ]
          ]
        ]
      }
    },
    {
      "type": "Feature",
      "id": "历史步道.gdb:教堂公馆主题支步道:36",
      "properties": {
        "Shape_Length": 214.00891478193495,
        "步道名称": "吉祥巷",
        "道路等级": "一般",
        "步道长度": 214.00891478193495,
        "街巷简介": "吉祥巷位于潮宗街—中山亭历史城区，街巷线长约214米，邻近李公庙巷、黄兴中路。",
        "名称": "吉祥巷",
        "来源图层": "教堂公馆主题支步道",
        "来源文件": "历史步道.gdb",
        "数据来源": "H:\\26.5长沙历史步道专项规划\\ArcGISPro历史步道\\历史步道\\历史步道.gdb",
        "坐标系统": "EPSG:4326",
        "几何类型": "MultiLineString",
        "GIS分类": "ArcGIS历史步道"
      },
      "geometry": {
        "type": "MultiLineString",
        "coordinates": [
          [
            [
              112.9685783000001,
              28.202654300000063,
              0.0
            ],
            [
              112.96862493000003,
              28.20263166500007,
              99.0
            ],
            [
              112.96914454300008,
              28.20255905500005,
              99.0
            ],
            [
              112.96940548300006,
              28.202525020000053,
              99.0
            ],
            [
              112.96955750900008,
              28.202506867000068,
              99.0
            ],
            [
              112.96978668300005,
              28.20249779100004,
              99.0
            ],
            [
              112.96999770500008,
              28.20248190800004,
              99.0
            ],
            [
              112.97012250300008,
              28.20248190800004,
              99.0
            ],
            [
              112.970301758,
              28.202493253000057,
              99.0
            ],
            [
              112.97048782000002,
              28.202500060000034,
              99.0
            ],
            [
              112.9705921960001,
              28.202500060000034,
              99.0
            ],
            [
              112.97070337900004,
              28.202506867000068,
              99.0
            ]
          ]
        ]
      }
    },
    {
      "type": "Feature",
      "id": "历史步道.gdb:教堂公馆主题支步道:37",
      "properties": {
        "Shape_Length": 386.74023965835755,
        "步道名称": "一路吉祥街",
        "道路等级": "一般",
        "步道长度": 386.74023965835755,
        "街巷简介": "一路吉祥街位于潮宗街—中山亭历史城区，街巷线长约387米，邻近李公庙巷、黄兴中路。",
        "名称": "一路吉祥街",
        "来源图层": "教堂公馆主题支步道",
        "来源文件": "历史步道.gdb",
        "数据来源": "H:\\26.5长沙历史步道专项规划\\ArcGISPro历史步道\\历史步道\\历史步道.gdb",
        "坐标系统": "EPSG:4326",
        "几何类型": "MultiLineString",
        "GIS分类": "ArcGIS历史步道"
      },
      "geometry": {
        "type": "MultiLineString",
        "coordinates": [
          [
            [
              112.96955750900008,
              28.202506867000068,
              99.0
            ],
            [
              112.96956703900003,
              28.202300838000042,
              99.0
            ],
            [
              112.9695761160001,
              28.202122944000052,
              99.0
            ],
            [
              112.96960879000005,
              28.201841582000043,
              99.0
            ],
            [
              112.96961968100004,
              28.201694548000035,
              99.0
            ],
            [
              112.96963057300002,
              28.201453121000043,
              99.0
            ],
            [
              112.96962512700009,
              28.201269782000054,
              99.0
            ],
            [
              112.96964691000005,
              28.201240738000024,
              99.0
            ],
            [
              112.96986292400004,
              28.201220770000077,
              99.0
            ],
            [
              112.96991375000005,
              28.20121532400003,
              99.0
            ],
            [
              112.96993008700008,
              28.201188096000067,
              99.0
            ],
            [
              112.96990467400008,
              28.20083049400006,
              99.0
            ],
            [
              112.96987744500007,
              28.200530979000064,
              99.0
            ],
            [
              112.96986473900006,
              28.20038031400003,
              99.0
            ],
            [
              112.96986655400008,
              28.20022783400003,
              99.0
            ],
            [
              112.96988107600009,
              28.20001363600005,
              99.0
            ],
            [
              112.96987381500003,
              28.19977039400004,
              99.0
            ],
            [
              112.96985566300009,
              28.199507184000026,
              99.0
            ],
            [
              112.96985566300009,
              28.19934562800006,
              99.0
            ],
            [
              112.96985929300001,
              28.199089679000053,
              99.0
            ],
            [
              112.96985929300001,
              28.198900894000076,
              99.0
            ]
          ]
        ]
      }
    },
    {
      "type": "Feature",
      "id": "历史步道.gdb:教堂公馆主题支步道:38",
      "properties": {
        "Shape_Length": 97.33870354725012,
        "步道名称": "李公庙巷",
        "道路等级": "一般",
        "步道长度": 97.33870354725012,
        "街巷简介": "李公庙巷位于潮宗街—中山亭历史城区，街巷线长约97米，邻近黄兴中路、吉祥巷。",
        "名称": "李公庙巷",
        "来源图层": "教堂公馆主题支步道",
        "来源文件": "历史步道.gdb",
        "数据来源": "H:\\26.5长沙历史步道专项规划\\ArcGISPro历史步道\\历史步道\\历史步道.gdb",
        "坐标系统": "EPSG:4326",
        "几何类型": "MultiLineString",
        "GIS分类": "ArcGIS历史步道"
      },
      "geometry": {
        "type": "MultiLineString",
        "coordinates": [
          [
            [
              112.96961525000006,
              28.20175437000006,
              99.0
            ],
            [
              112.96973279400004,
              28.201765455000043,
              99.0
            ],
            [
              112.9701667490001,
              28.201796655000066,
              99.0
            ],
            [
              112.97047307100001,
              28.20181367300006,
              99.0
            ],
            [
              112.97058652300007,
              28.20181367300006,
              99.0
            ]
          ]
        ]
      }
    },
    {
      "type": "Feature",
      "id": "历史步道.gdb:教堂公馆主题支步道:39",
      "properties": {
        "Shape_Length": 145.33305692440288,
        "步道名称": "永兴街",
        "道路等级": "一般",
        "步道长度": 145.33305692440288,
        "街巷简介": "永兴街位于潮宗街—中山亭历史城区，街巷线长约145米，邻近如意街、西长街。",
        "名称": "永兴街",
        "来源图层": "教堂公馆主题支步道",
        "来源文件": "历史步道.gdb",
        "数据来源": "H:\\26.5长沙历史步道专项规划\\ArcGISPro历史步道\\历史步道\\历史步道.gdb",
        "坐标系统": "EPSG:4326",
        "几何类型": "MultiLineString",
        "GIS分类": "ArcGIS历史步道"
      },
      "geometry": {
        "type": "MultiLineString",
        "coordinates": [
          [
            [
              112.96771277300002,
              28.202581746000078,
              99.0
            ],
            [
              112.96771005000005,
              28.20251685100004,
              99.0
            ],
            [
              112.96767193000005,
              28.202436981000062,
              99.0
            ],
            [
              112.96756301500011,
              28.20230628300004,
              99.0
            ],
            [
              112.96738693700001,
              28.202146542000037,
              99.0
            ],
            [
              112.96718726100005,
              28.201975910000044,
              99.0
            ],
            [
              112.967029335,
              28.201879702000042,
              99.0
            ],
            [
              112.96687140900008,
              28.201807092000024,
              99.0
            ],
            [
              112.96676794000007,
              28.201770788000033,
              99.0
            ],
            [
              112.96665358000007,
              28.201759896000056,
              99.0
            ],
            [
              112.96660753300011,
              28.201758081000037,
              99.0
            ]
          ]
        ]
      }
    },
    {
      "type": "Feature",
      "id": "历史步道.gdb:教堂公馆主题支步道:40",
      "properties": {
        "Shape_Length": 248.7753065047049,
        "步道名称": "落棚桥巷",
        "道路等级": "一般",
        "步道长度": 248.7753065047049,
        "街巷简介": "落棚桥巷位于潮宗街—中山亭历史城区，街巷线长约249米，邻近西长街、永兴街。",
        "名称": "落棚桥巷",
        "来源图层": "教堂公馆主题支步道",
        "来源文件": "历史步道.gdb",
        "数据来源": "H:\\26.5长沙历史步道专项规划\\ArcGISPro历史步道\\历史步道\\历史步道.gdb",
        "坐标系统": "EPSG:4326",
        "几何类型": "MultiLineString",
        "GIS分类": "ArcGIS历史步道"
      },
      "geometry": {
        "type": "MultiLineString",
        "coordinates": [
          [
            [
              112.96640536100006,
              28.200724279000042,
              99.0
            ],
            [
              112.96514931400009,
              28.20106772300005,
              99.0
            ],
            [
              112.96422184000005,
              28.20132299100004,
              99.0
            ],
            [
              112.96400628100002,
              28.20138255300003,
              99.0
            ]
          ]
        ]
      }
    },
    {
      "type": "Feature",
      "id": "历史步道.gdb:教堂公馆主题支步道:41",
      "properties": {
        "Shape_Length": 313.94339832749245,
        "步道名称": "南阳路",
        "道路等级": "一般",
        "步道长度": 313.94339832749245,
        "街巷简介": "",
        "名称": "南阳路",
        "来源图层": "教堂公馆主题支步道",
        "来源文件": "历史步道.gdb",
        "数据来源": "H:\\26.5长沙历史步道专项规划\\ArcGISPro历史步道\\历史步道\\历史步道.gdb",
        "坐标系统": "EPSG:4326",
        "几何类型": "MultiLineString",
        "GIS分类": "ArcGIS历史步道"
      },
      "geometry": {
        "type": "MultiLineString",
        "coordinates": [
          [
            [
              112.97277275200008,
              28.198791980000067,
              99.0
            ],
            [
              112.97274007800002,
              28.198971689000075,
              99.0
            ],
            [
              112.97272737100002,
              28.199398270000074,
              99.0
            ],
            [
              112.9727100340001,
              28.199840664000078,
              99.0
            ],
            [
              112.97273219300007,
              28.200084409000056,
              99.0
            ],
            [
              112.97270117100004,
              28.200310428000023,
              99.0
            ],
            [
              112.97258215200009,
              28.200730656000076,
              99.0
            ],
            [
              112.97250273500003,
              28.200970721000033,
              99.0
            ],
            [
              112.97247323800002,
              28.201013833000047,
              99.0
            ],
            [
              112.97242967200009,
              28.201090073000046,
              99.0
            ],
            [
              112.97221184300008,
              28.20138595700007,
              99.0
            ],
            [
              112.97203939500002,
              28.201582003000055,
              99.0
            ],
            [
              112.97194137300005,
              28.20170362400006,
              99.0
            ]
          ]
        ]
      }
    },
    {
      "type": "Feature",
      "id": "历史步道.gdb:教堂公馆主题支步道:42",
      "properties": {
        "Shape_Length": 222.41138752941407,
        "步道名称": "澡堂巷",
        "道路等级": "一般",
        "步道长度": 222.41138752941407,
        "街巷简介": "澡堂巷位于潮宗街—中山亭历史城区，街巷线长约222米，邻近邵阳坪巷、文运街。",
        "名称": "澡堂巷",
        "来源图层": "教堂公馆主题支步道",
        "来源文件": "历史步道.gdb",
        "数据来源": "H:\\26.5长沙历史步道专项规划\\ArcGISPro历史步道\\历史步道\\历史步道.gdb",
        "坐标系统": "EPSG:4326",
        "几何类型": "MultiLineString",
        "GIS分类": "ArcGIS历史步道"
      },
      "geometry": {
        "type": "MultiLineString",
        "coordinates": [
          [
            [
              112.97552647000009,
              28.200837755000066,
              99.0
            ],
            [
              112.97482397300007,
              28.200879959000076,
              99.0
            ],
            [
              112.9745335340001,
              28.200888581000072,
              99.0
            ],
            [
              112.97416322600009,
              28.200910364000038,
              99.0
            ],
            [
              112.97410150700011,
              28.200870429000076,
              99.0
            ],
            [
              112.97407972400003,
              28.200806896000074,
              99.0
            ],
            [
              112.97405612600005,
              28.200665307000065,
              99.0
            ],
            [
              112.97404523500006,
              28.200529164000045,
              99.0
            ],
            [
              112.97382740600005,
              28.200529164000045,
              99.0
            ],
            [
              112.97360759000003,
              28.200515988000063,
              99.0
            ]
          ]
        ]
      }
    },
    {
      "type": "Feature",
      "id": "历史步道.gdb:教堂公馆主题支步道:43",
      "properties": {
        "Shape_Length": 178.9729520761021,
        "步道名称": "黄兴中路",
        "道路等级": "一般",
        "步道长度": 178.9729520761021,
        "街巷简介": "",
        "名称": "黄兴中路",
        "来源图层": "教堂公馆主题支步道",
        "来源文件": "历史步道.gdb",
        "数据来源": "H:\\26.5长沙历史步道专项规划\\ArcGISPro历史步道\\历史步道\\历史步道.gdb",
        "坐标系统": "EPSG:4326",
        "几何类型": "MultiLineString",
        "GIS分类": "ArcGIS历史步道"
      },
      "geometry": {
        "type": "MultiLineString",
        "coordinates": [
          [
            [
              112.97054000800006,
              28.202500060000034,
              99.0
            ],
            [
              112.97054397900001,
              28.20222777400005,
              99.0
            ],
            [
              112.97058652300007,
              28.20181367300006,
              99.0
            ],
            [
              112.97058936000008,
              28.20149600600007,
              99.0
            ],
            [
              112.97061205000011,
              28.201121613000055,
              99.0
            ],
            [
              112.97062339500008,
              28.200900380000064,
              99.0
            ],
            [
              112.9708100250001,
              28.200891304000038,
              99.0
            ]
          ]
        ]
      }
    },
    {
      "type": "Feature",
      "id": "历史步道.gdb:教堂公馆主题支步道:44",
      "properties": {
        "Shape_Length": 434.168412436095,
        "步道名称": "民主西街",
        "道路等级": "一般",
        "步道长度": 434.168412436095,
        "街巷简介": "民主西街位于潮宗街—中山亭历史城区，街巷线长约434米，邻近高升门巷、民主东街。",
        "名称": "民主西街",
        "来源图层": "教堂公馆主题支步道",
        "来源文件": "历史步道.gdb",
        "数据来源": "H:\\26.5长沙历史步道专项规划\\ArcGISPro历史步道\\历史步道\\历史步道.gdb",
        "坐标系统": "EPSG:4326",
        "几何类型": "MultiLineString",
        "GIS分类": "ArcGIS历史步道"
      },
      "geometry": {
        "type": "MultiLineString",
        "coordinates": [
          [
            [
              112.9732338230001,
              28.21196154100005,
              99.0
            ],
            [
              112.97294520000003,
              28.211977879000074,
              99.0
            ],
            [
              112.9727237410001,
              28.211977879000074,
              99.0
            ],
            [
              112.97266202300011,
              28.211950650000063,
              99.0
            ],
            [
              112.97265113100002,
              28.211874410000064,
              99.0
            ],
            [
              112.97262753300004,
              28.211634798000034,
              99.0
            ],
            [
              112.97260575000007,
              28.211598494000043,
              99.0
            ],
            [
              112.97250409700007,
              28.211585787000047,
              99.0
            ],
            [
              112.97247323800002,
              28.211533145000033,
              99.0
            ],
            [
              112.97247686800006,
              28.211342545000036,
              99.0
            ],
            [
              112.97247323800002,
              28.211182804000032,
              99.0
            ],
            [
              112.97247505300004,
              28.21108659600003,
              99.0
            ],
            [
              112.97247323800002,
              28.210968605000062,
              99.0
            ],
            [
              112.972458716,
              28.21080160300005,
              99.0
            ],
            [
              112.97243330200001,
              28.210534763000055,
              99.0
            ],
            [
              112.9724060740001,
              28.210378653000078,
              99.0
            ],
            [
              112.97234617100003,
              28.21003012700004,
              99.0
            ],
            [
              112.97226993100003,
              28.20970701400006,
              99.0
            ],
            [
              112.97221002800006,
              28.20943109800004,
              99.0
            ],
            [
              112.97216827700004,
              28.20928950900003,
              99.0
            ],
            [
              112.97212108100007,
              28.209207823000042,
              99.0
            ],
            [
              112.97212834200002,
              28.209151551000048,
              99.0
            ],
            [
              112.97213378800006,
              28.209077126000068,
              99.0
            ],
            [
              112.97211382000012,
              28.20890104800003,
              99.0
            ],
            [
              112.97208477600009,
              28.208655991000057,
              99.0
            ],
            [
              112.97206843900005,
              28.20849806500007,
              99.0
            ],
            [
              112.9720357650001,
              28.208392781000043,
              99.0
            ],
            [
              112.97201573200005,
              28.208350229000075,
              99.0
            ]
          ]
        ]
      }
    },
    {
      "type": "Feature",
      "id": "历史步道.gdb:教堂公馆主题支步道:45",
      "properties": {
        "Shape_Length": 252.45164932657408,
        "步道名称": "西园巷",
        "道路等级": "一般",
        "步道长度": 252.45164932657408,
        "街巷简介": "西园巷位于潮宗街—中山亭历史城区，街巷线长约252米，邻近高升门巷、通泰街。",
        "名称": "西园巷",
        "来源图层": "教堂公馆主题支步道",
        "来源文件": "历史步道.gdb",
        "数据来源": "H:\\26.5长沙历史步道专项规划\\ArcGISPro历史步道\\历史步道\\历史步道.gdb",
        "坐标系统": "EPSG:4326",
        "几何类型": "MultiLineString",
        "GIS分类": "ArcGIS历史步道"
      },
      "geometry": {
        "type": "MultiLineString",
        "coordinates": [
          [
            [
              112.96908421100011,
              28.211502764000045,
              0.0
            ],
            [
              112.96918039400009,
              28.211484133000056,
              99.0
            ],
            [
              112.9694218200001,
              28.21146779600008,
              99.0
            ],
            [
              112.96950350600002,
              28.21146598100006,
              99.0
            ],
            [
              112.96962149700005,
              28.21149865500007,
              99.0
            ],
            [
              112.96979031400008,
              28.21150047100008,
              99.0
            ],
            [
              112.97008801300001,
              28.211511362000067,
              99.0
            ],
            [
              112.9703784510001,
              28.211527699000044,
              99.0
            ],
            [
              112.97055089900005,
              28.211556743000074,
              99.0
            ],
            [
              112.97060172600004,
              28.21163842900006,
              99.0
            ],
            [
              112.97064347600008,
              28.211729191000074,
              99.0
            ],
            [
              112.97068704200001,
              28.211740082000063,
              99.0
            ],
            [
              112.97079595700006,
              28.211729191000074,
              99.0
            ],
            [
              112.97098474100005,
              28.21168562500003,
              99.0
            ],
            [
              112.97106279700006,
              28.211640244000023,
              99.0
            ],
            [
              112.97115900400001,
              28.21160938500003,
              99.0
            ],
            [
              112.97131148500011,
              28.211580341000058,
              99.0
            ],
            [
              112.97146759500004,
              28.211562189000063,
              99.0
            ]
          ]
        ]
      }
    },
    {
      "type": "Feature",
      "id": "历史步道.gdb:教堂公馆主题支步道:46",
      "properties": {
        "Shape_Length": 92.41605051179704,
        "步道名称": "高升门巷",
        "道路等级": "一般",
        "步道长度": 92.41605051179704,
        "街巷简介": "高升门巷位于潮宗街—中山亭历史城区，街巷线长约92米，邻近民主西街、民主东街。",
        "名称": "高升门巷",
        "来源图层": "教堂公馆主题支步道",
        "来源文件": "历史步道.gdb",
        "数据来源": "H:\\26.5长沙历史步道专项规划\\ArcGISPro历史步道\\历史步道\\历史步道.gdb",
        "坐标系统": "EPSG:4326",
        "几何类型": "MultiLineString",
        "GIS分类": "ArcGIS历史步道"
      },
      "geometry": {
        "type": "MultiLineString",
        "coordinates": [
          [
            [
              112.97247386100003,
              28.21121022400007,
              99.0
            ],
            [
              112.97231168100006,
              28.211215478000042,
              99.0
            ],
            [
              112.97208296100007,
              28.211210032000054,
              99.0
            ],
            [
              112.97183790400004,
              28.21121184800006,
              99.0
            ],
            [
              112.97165819500003,
              28.21121184800006,
              99.0
            ],
            [
              112.9715510960001,
              28.21122818500004,
              99.0
            ]
          ]
        ]
      }
    },
    {
      "type": "Feature",
      "id": "历史步道.gdb:教堂公馆主题支步道:47",
      "properties": {
        "Shape_Length": 97.61390634918448,
        "步道名称": "民主东街",
        "道路等级": "一般",
        "步道长度": 97.61390634918448,
        "街巷简介": "民主东街位于潮宗街—中山亭历史城区，街巷线长约98米，邻近高升门巷、东兴园巷。",
        "名称": "民主东街",
        "来源图层": "教堂公馆主题支步道",
        "来源文件": "历史步道.gdb",
        "数据来源": "H:\\26.5长沙历史步道专项规划\\ArcGISPro历史步道\\历史步道\\历史步道.gdb",
        "坐标系统": "EPSG:4326",
        "几何类型": "MultiLineString",
        "GIS分类": "ArcGIS历史步道"
      },
      "geometry": {
        "type": "MultiLineString",
        "coordinates": [
          [
            [
              112.97345855200001,
              28.211170586000037,
              99.0
            ],
            [
              112.97345970700007,
              28.21139756900004,
              99.0
            ],
            [
              112.97347105200004,
              28.211794653000027,
              99.0
            ],
            [
              112.97346537900012,
              28.211899596000023,
              99.0
            ],
            [
              112.97340865300009,
              28.211942141000065,
              99.0
            ],
            [
              112.9732338230001,
              28.21196154100005,
              99.0
            ]
          ]
        ]
      }
    },
    {
      "type": "Feature",
      "id": "历史步道.gdb:教堂公馆主题支步道:48",
      "properties": {
        "Shape_Length": 280.4402999034979,
        "步道名称": "东兴园巷",
        "道路等级": "一般",
        "步道长度": 280.4402999034979,
        "街巷简介": "东兴园巷位于潮宗街—中山亭历史城区，街巷线长约280米，邻近民主东街、红墙巷。",
        "名称": "东兴园巷",
        "来源图层": "教堂公馆主题支步道",
        "来源文件": "历史步道.gdb",
        "数据来源": "H:\\26.5长沙历史步道专项规划\\ArcGISPro历史步道\\历史步道\\历史步道.gdb",
        "坐标系统": "EPSG:4326",
        "几何类型": "MultiLineString",
        "GIS分类": "ArcGIS历史步道"
      },
      "geometry": {
        "type": "MultiLineString",
        "coordinates": [
          [
            [
              112.97372449500006,
              28.21118735700003,
              99.0
            ],
            [
              112.97390364600005,
              28.211191880000058,
              99.0
            ],
            [
              112.97412329000008,
              28.211191880000058,
              99.0
            ],
            [
              112.97423946600009,
              28.21118824900003,
              99.0
            ],
            [
              112.97438650000004,
              28.211237261000065,
              99.0
            ],
            [
              112.97461340500001,
              28.21128808800006,
              99.0
            ],
            [
              112.97470235200001,
              28.211304425000037,
              99.0
            ],
            [
              112.9749419630001,
              28.211275381000064,
              99.0
            ],
            [
              112.9750817370001,
              28.211246337000034,
              99.0
            ],
            [
              112.97517794400005,
              28.21121729300006,
              99.0
            ],
            [
              112.97531045700009,
              28.21121729300006,
              99.0
            ],
            [
              112.97546475200011,
              28.211242707000054,
              99.0
            ],
            [
              112.97576426700005,
              28.21130260900003,
              99.0
            ],
            [
              112.97588951800003,
              28.211318947000052,
              99.0
            ],
            [
              112.97608737900009,
              28.211304425000037,
              99.0
            ],
            [
              112.976268903,
              28.211280827000053,
              99.0
            ],
            [
              112.97648854700003,
              28.211233630000038,
              99.0
            ]
          ]
        ]
      }
    },
    {
      "type": "Feature",
      "id": "历史步道.gdb:教堂公馆主题支步道:49",
      "properties": {
        "Shape_Length": 710.2264827923517,
        "步道名称": "红墙巷",
        "道路等级": "一般",
        "步道长度": 710.2264827923517,
        "街巷简介": "红墙巷位于潮宗街—中山亭历史城区，街巷线长约710米，邻近稻谷仓巷、茅亭子巷。",
        "名称": "红墙巷",
        "来源图层": "教堂公馆主题支步道",
        "来源文件": "历史步道.gdb",
        "数据来源": "H:\\26.5长沙历史步道专项规划\\ArcGISPro历史步道\\历史步道\\历史步道.gdb",
        "坐标系统": "EPSG:4326",
        "几何类型": "MultiLineString",
        "GIS分类": "ArcGIS历史步道"
      },
      "geometry": {
        "type": "MultiLineString",
        "coordinates": [
          [
            [
              112.97348490700006,
              28.210512917000074,
              99.0
            ],
            [
              112.9740127880001,
              28.210450241000046,
              99.0
            ],
            [
              112.97461408600009,
              28.210350970000036,
              99.0
            ],
            [
              112.97518418400011,
              28.210240354000064,
              99.0
            ],
            [
              112.97543661600002,
              28.210177955000063,
              99.0
            ],
            [
              112.97600104200001,
              28.210098539000057,
              99.0
            ],
            [
              112.97626198300009,
              28.210073012000066,
              99.0
            ],
            [
              112.97649172400008,
              28.21002479400005,
              99.0
            ],
            [
              112.97666757500008,
              28.21002479400005,
              99.0
            ],
            [
              112.9769909150001,
              28.210044649000054,
              99.0
            ],
            [
              112.9775751950001,
              28.210155265000026,
              99.0
            ],
            [
              112.97776522800007,
              28.21018646400006,
              99.0
            ],
            [
              112.97797511500005,
              28.210172283000077,
              99.0
            ],
            [
              112.97819918300002,
              28.210092866000025,
              99.0
            ],
            [
              112.97859910300008,
              28.209973741000056,
              99.0
            ],
            [
              112.97881182700007,
              28.20989148800004,
              99.0
            ],
            [
              112.97946134200004,
              28.209837598000036,
              99.0
            ],
            [
              112.98026118200005,
              28.209775199000035,
              99.0
            ],
            [
              112.98047957800009,
              28.20975818100004,
              99.0
            ]
          ]
        ]
      }
    },
    {
      "type": "Feature",
      "id": "历史步道.gdb:教堂公馆主题支步道:50",
      "properties": {
        "Shape_Length": 273.57599431477666,
        "步道名称": "茅亭子巷",
        "道路等级": "一般",
        "步道长度": 273.57599431477666,
        "街巷简介": "茅亭子巷位于潮宗街—中山亭历史城区，街巷线长约274米，邻近稻谷仓巷、红墙巷。",
        "名称": "茅亭子巷",
        "来源图层": "教堂公馆主题支步道",
        "来源文件": "历史步道.gdb",
        "数据来源": "H:\\26.5长沙历史步道专项规划\\ArcGISPro历史步道\\历史步道\\历史步道.gdb",
        "坐标系统": "EPSG:4326",
        "几何类型": "MultiLineString",
        "GIS分类": "ArcGIS历史步道"
      },
      "geometry": {
        "type": "MultiLineString",
        "coordinates": [
          [
            [
              112.97881182700007,
              28.20989148800004,
              99.0
            ],
            [
              112.97875510000006,
              28.20974683600008,
              99.0
            ],
            [
              112.97856435800009,
              28.209187196000073,
              99.0
            ],
            [
              112.97845356500011,
              28.208899133000045,
              99.0
            ],
            [
              112.97836493000011,
              28.20878834000007,
              99.0
            ],
            [
              112.97828959100002,
              28.20872186400004,
              99.0
            ],
            [
              112.97817436600008,
              28.208287554000037,
              99.0
            ],
            [
              112.97804318600004,
              28.207755745000043,
              99.0
            ],
            [
              112.97792689700009,
              28.207330299000034,
              99.0
            ]
          ]
        ]
      }
    },
    {
      "type": "Feature",
      "id": "历史步道.gdb:教堂公馆主题支步道:51",
      "properties": {
        "Shape_Length": 219.29858532296046,
        "步道名称": "稻谷仓巷",
        "道路等级": "一般",
        "步道长度": 219.29858532296046,
        "街巷简介": "稻谷仓巷位于潮宗街—中山亭历史城区，街巷线长约219米，邻近红墙巷、茅亭子巷。",
        "名称": "稻谷仓巷",
        "来源图层": "教堂公馆主题支步道",
        "来源文件": "历史步道.gdb",
        "数据来源": "H:\\26.5长沙历史步道专项规划\\ArcGISPro历史步道\\历史步道\\历史步道.gdb",
        "坐标系统": "EPSG:4326",
        "几何类型": "MultiLineString",
        "GIS分类": "ArcGIS历史步道"
      },
      "geometry": {
        "type": "MultiLineString",
        "coordinates": [
          [
            [
              112.97618903300008,
              28.20917333400007,
              99.0
            ],
            [
              112.97642682900005,
              28.209124322000036,
              99.0
            ],
            [
              112.9765212210001,
              28.209131583000044,
              99.0
            ],
            [
              112.97663921200001,
              28.209131583000044,
              99.0
            ],
            [
              112.97692420500005,
              28.209086202000037,
              99.0
            ],
            [
              112.97729088300002,
              28.209013593000066,
              99.0
            ],
            [
              112.97757587500007,
              28.208926461000033,
              99.0
            ],
            [
              112.97768660500003,
              28.20889741700006,
              99.0
            ],
            [
              112.977888097,
              28.208882895000045,
              99.0
            ],
            [
              112.97798430400007,
              28.208873819000075,
              99.0
            ],
            [
              112.97810592500002,
              28.208833884000057,
              99.0
            ],
            [
              112.97827292700003,
              28.20878487300007,
              99.0
            ],
            [
              112.97832726000001,
              28.208755102000055,
              99.0
            ]
          ]
        ]
      }
    },
    {
      "type": "Feature",
      "id": "历史步道.gdb:教堂公馆主题支步道:52",
      "properties": {
        "Shape_Length": 271.3469482816762,
        "步道名称": "学宫街",
        "道路等级": "一般",
        "步道长度": 271.3469482816762,
        "街巷简介": "学宫街位于潮宗街—中山亭历史城区，街巷线长约271米，邻近民主东街、赐闲湖巷。",
        "名称": "学宫街",
        "来源图层": "教堂公馆主题支步道",
        "来源文件": "历史步道.gdb",
        "数据来源": "H:\\26.5长沙历史步道专项规划\\ArcGISPro历史步道\\历史步道\\历史步道.gdb",
        "坐标系统": "EPSG:4326",
        "几何类型": "MultiLineString",
        "GIS分类": "ArcGIS历史步道"
      },
      "geometry": {
        "type": "MultiLineString",
        "coordinates": [
          [
            [
              112.97331000700001,
              28.20901189700004,
              99.0
            ],
            [
              112.97377476400004,
              28.208986364000054,
              99.0
            ],
            [
              112.9740107450001,
              28.208951875000025,
              99.0
            ],
            [
              112.97453535000011,
              28.208855667000023,
              99.0
            ],
            [
              112.97487116900004,
              28.20879031800007,
              99.0
            ],
            [
              112.97516886800008,
              28.208732231000056,
              99.0
            ],
            [
              112.97567168900002,
              28.208659621000038,
              99.0
            ],
            [
              112.97592582300001,
              28.208619686000077,
              99.0
            ],
            [
              112.97598754100011,
              28.208597903000054,
              99.0
            ]
          ]
        ]
      }
    },
    {
      "type": "Feature",
      "id": "历史步道.gdb:教堂公馆主题支步道:53",
      "properties": {
        "Shape_Length": 456.3648532939025,
        "步道名称": "通泰街",
        "道路等级": "一般",
        "步道长度": 456.3648532939025,
        "街巷简介": "通泰街位于潮宗街—中山亭历史城区，街巷线长约456米，邻近新风街、富裕街。",
        "名称": "通泰街",
        "来源图层": "教堂公馆主题支步道",
        "来源文件": "历史步道.gdb",
        "数据来源": "H:\\26.5长沙历史步道专项规划\\ArcGISPro历史步道\\历史步道\\历史步道.gdb",
        "坐标系统": "EPSG:4326",
        "几何类型": "MultiLineString",
        "GIS分类": "ArcGIS历史步道"
      },
      "geometry": {
        "type": "MultiLineString",
        "coordinates": [
          [
            [
              112.97082863100002,
              28.20946377200005,
              99.0
            ],
            [
              112.97056179100002,
              28.209549088000074,
              99.0
            ],
            [
              112.97030947200005,
              28.209592654000062,
              99.0
            ],
            [
              112.96995005500003,
              28.209645296000076,
              99.0
            ],
            [
              112.9695379960001,
              28.209690677000026,
              99.0
            ],
            [
              112.9692693400001,
              28.209726982000063,
              99.0
            ],
            [
              112.96903637500009,
              28.209765094000034,
              0.0
            ],
            [
              112.96847063500002,
              28.20985461600003,
              99.0
            ],
            [
              112.96789486400007,
              28.209959559000026,
              99.0
            ],
            [
              112.96742403600001,
              28.21000210400007,
              99.0
            ],
            [
              112.96715558000005,
              28.21005277200004,
              99.0
            ],
            [
              112.96694469900001,
              28.21011272000004,
              99.0
            ],
            [
              112.96654761600007,
              28.210200646000033,
              99.0
            ],
            [
              112.96634623800003,
              28.210268717000076,
              99.0
            ]
          ]
        ]
      }
    },
    {
      "type": "Feature",
      "id": "历史步道.gdb:教堂公馆主题支步道:54",
      "properties": {
        "Shape_Length": 108.19709715268277,
        "步道名称": "富裕街",
        "道路等级": "一般",
        "步道长度": 108.19709715268277,
        "街巷简介": "富裕街位于潮宗街—中山亭历史城区，街巷线长约108米，邻近新风街、绥福巷。",
        "名称": "富裕街",
        "来源图层": "教堂公馆主题支步道",
        "来源文件": "历史步道.gdb",
        "数据来源": "H:\\26.5长沙历史步道专项规划\\ArcGISPro历史步道\\历史步道\\历史步道.gdb",
        "坐标系统": "EPSG:4326",
        "几何类型": "MultiLineString",
        "GIS分类": "ArcGIS历史步道"
      },
      "geometry": {
        "type": "MultiLineString",
        "coordinates": [
          [
            [
              112.9683653510001,
              28.209483740000053,
              99.0
            ],
            [
              112.9681094020001,
              28.209518229000025,
              99.0
            ],
            [
              112.96798415100011,
              28.209520044000044,
              99.0
            ],
            [
              112.96755938500007,
              28.20959991500007,
              99.0
            ],
            [
              112.9673706000001,
              28.209621698000035,
              99.0
            ],
            [
              112.96729617500011,
              28.209605361000058,
              99.0
            ]
          ]
        ]
      }
    },
    {
      "type": "Feature",
      "id": "历史步道.gdb:教堂公馆主题支步道:55",
      "properties": {
        "Shape_Length": 77.90870925152969,
        "步道名称": "绥福巷",
        "道路等级": "一般",
        "步道长度": 77.90870925152969,
        "街巷简介": "绥福巷位于潮宗街—中山亭历史城区，街巷线长约78米，邻近富裕街、草墙湾巷。",
        "名称": "绥福巷",
        "来源图层": "教堂公馆主题支步道",
        "来源文件": "历史步道.gdb",
        "数据来源": "H:\\26.5长沙历史步道专项规划\\ArcGISPro历史步道\\历史步道\\历史步道.gdb",
        "坐标系统": "EPSG:4326",
        "几何类型": "MultiLineString",
        "GIS分类": "ArcGIS历史步道"
      },
      "geometry": {
        "type": "MultiLineString",
        "coordinates": [
          [
            [
              112.96729617500011,
              28.209605361000058,
              99.0
            ],
            [
              112.96726531600007,
              28.209525490000033,
              99.0
            ],
            [
              112.9672562400001,
              28.209380271000043,
              99.0
            ],
            [
              112.96721993500012,
              28.209229606000065,
              99.0
            ],
            [
              112.96718907600007,
              28.20911343100005,
              99.0
            ],
            [
              112.96716910800001,
              28.208997256000032,
              99.0
            ],
            [
              112.9671800000001,
              28.20889378700008,
              99.0
            ],
            [
              112.96717818500008,
              28.208842960000027,
              99.0
            ]
          ]
        ]
      }
    },
    {
      "type": "Feature",
      "id": "历史步道.gdb:教堂公馆主题支步道:56",
      "properties": {
        "Shape_Length": 327.44628483313795,
        "步道名称": "草墙湾巷",
        "道路等级": "一般",
        "步道长度": 327.44628483313795,
        "街巷简介": "草墙湾巷位于潮宗街—中山亭历史城区，街巷线长约327米，邻近富裕街、绥福巷。",
        "名称": "草墙湾巷",
        "来源图层": "教堂公馆主题支步道",
        "来源文件": "历史步道.gdb",
        "数据来源": "H:\\26.5长沙历史步道专项规划\\ArcGISPro历史步道\\历史步道\\历史步道.gdb",
        "坐标系统": "EPSG:4326",
        "几何类型": "MultiLineString",
        "GIS分类": "ArcGIS历史步道"
      },
      "geometry": {
        "type": "MultiLineString",
        "coordinates": [
          [
            [
              112.966646319,
              28.20889560200004,
              99.0
            ],
            [
              112.96676794000007,
              28.209256835000076,
              99.0
            ],
            [
              112.96686233300011,
              28.209521860000052,
              99.0
            ],
            [
              112.96693131200004,
              28.209683416000075,
              99.0
            ],
            [
              112.96700029100009,
              28.20985223300005,
              99.0
            ],
            [
              112.96707069800004,
              28.210076902000026,
              99.0
            ],
            [
              112.96710739000002,
              28.21020802000004,
              99.0
            ],
            [
              112.96711828200011,
              28.210394990000054,
              99.0
            ],
            [
              112.96710650700004,
              28.21051375600007,
              99.0
            ],
            [
              112.96713461900003,
              28.210600112000066,
              99.0
            ],
            [
              112.96720178300006,
              28.210779821000074,
              99.0
            ],
            [
              112.96726713100009,
              28.210915964000037,
              99.0
            ],
            [
              112.9673960130001,
              28.211215478000042,
              99.0
            ],
            [
              112.96745954700009,
              28.211346175000074,
              99.0
            ],
            [
              112.96749222100004,
              28.21143149100004,
              99.0
            ],
            [
              112.9674740690001,
              28.211458720000053,
              99.0
            ],
            [
              112.96721448900007,
              28.21153496000005,
              99.0
            ],
            [
              112.9669894000001,
              28.211603939000042,
              99.0
            ],
            [
              112.96695309500001,
              28.211622092000027,
              99.0
            ]
          ]
        ]
      }
    },
    {
      "type": "Feature",
      "id": "历史步道.gdb:教堂公馆主题支步道:57",
      "properties": {
        "Shape_Length": 205.4689109775122,
        "步道名称": "连升街",
        "道路等级": "一般",
        "步道长度": 205.4689109775122,
        "街巷简介": "潮宗街历史文化街区的传统历史街巷，是街区近代建筑、传统生活与街巷网络的重要组成。",
        "名称": "连升街",
        "来源图层": "教堂公馆主题支步道",
        "来源文件": "历史步道.gdb",
        "数据来源": "H:\\26.5长沙历史步道专项规划\\ArcGISPro历史步道\\历史步道\\历史步道.gdb",
        "坐标系统": "EPSG:4326",
        "几何类型": "MultiLineString",
        "GIS分类": "ArcGIS历史步道"
      },
      "geometry": {
        "type": "MultiLineString",
        "coordinates": [
          [
            [
              112.9667298490001,
              28.205183566000073,
              99.0
            ],
            [
              112.96698213900004,
              28.205263308000042,
              99.0
            ],
            [
              112.96719633700002,
              28.205285091000064,
              99.0
            ],
            [
              112.96757390700009,
              28.205254232000073,
              99.0
            ],
            [
              112.96790246500007,
              28.20520159000006,
              99.0
            ],
            [
              112.96814389200006,
              28.20513079600005,
              99.0
            ],
            [
              112.9682509910001,
              28.20509267600005,
              99.0
            ],
            [
              112.96833449200005,
              28.20502006600003,
              99.0
            ],
            [
              112.96845611300012,
              28.20498013100007,
              99.0
            ],
            [
              112.96864126700007,
              28.20494927200008,
              99.0
            ],
            [
              112.9687126130001,
              28.204943610000043,
              0.0
            ]
          ]
        ]
      }
    },
    {
      "type": "Feature",
      "id": "历史步道.gdb:教堂公馆主题支步道:58",
      "properties": {
        "Shape_Length": 109.54937559802325,
        "步道名称": "水道巷",
        "道路等级": "一般",
        "步道长度": 109.54937559802325,
        "街巷简介": "潮宗街历史文化街区的传统历史街巷，是规划明确保护的街巷和传统生活环境之一。",
        "名称": "水道巷",
        "来源图层": "教堂公馆主题支步道",
        "来源文件": "历史步道.gdb",
        "数据来源": "H:\\26.5长沙历史步道专项规划\\ArcGISPro历史步道\\历史步道\\历史步道.gdb",
        "坐标系统": "EPSG:4326",
        "几何类型": "MultiLineString",
        "GIS分类": "ArcGIS历史步道"
      },
      "geometry": {
        "type": "MultiLineString",
        "coordinates": [
          [
            [
              112.96874333700009,
              28.205458343000032,
              0.0
            ],
            [
              112.96900794600003,
              28.205439386000023,
              99.0
            ],
            [
              112.96946720100004,
              28.205392190000055,
              99.0
            ],
            [
              112.96975037900006,
              28.205361331000063,
              99.0
            ],
            [
              112.96983388000001,
              28.205355885000074,
              99.0
            ]
          ]
        ]
      }
    },
    {
      "type": "Feature",
      "id": "历史步道.gdb:教堂公馆主题支步道:59",
      "properties": {
        "Shape_Length": 121.67084252137798,
        "步道名称": "新风街",
        "道路等级": "一般",
        "步道长度": 121.67084252137798,
        "街巷简介": "新风街位于潮宗街—中山亭历史城区，街巷线长约122米，邻近富裕街、通泰街。",
        "名称": "新风街",
        "来源图层": "教堂公馆主题支步道",
        "来源文件": "历史步道.gdb",
        "数据来源": "H:\\26.5长沙历史步道专项规划\\ArcGISPro历史步道\\历史步道\\历史步道.gdb",
        "坐标系统": "EPSG:4326",
        "几何类型": "MultiLineString",
        "GIS分类": "ArcGIS历史步道"
      },
      "geometry": {
        "type": "MultiLineString",
        "coordinates": [
          [
            [
              112.96813554200003,
              28.20870757600005,
              99.0
            ],
            [
              112.96811488800006,
              28.20883562700004,
              99.0
            ],
            [
              112.96812108400002,
              28.208876933000056,
              99.0
            ],
            [
              112.968156195,
              28.208988462000036,
              99.0
            ],
            [
              112.9682429390001,
              28.209254890000068,
              99.0
            ],
            [
              112.9682759850001,
              28.209292067000035,
              99.0
            ],
            [
              112.9683110960001,
              28.20933337300005,
              99.0
            ],
            [
              112.9683653510001,
              28.209483740000053,
              99.0
            ],
            [
              112.96841642800007,
              28.209684481000068,
              99.0
            ],
            [
              112.9684531690001,
              28.209857799000076,
              99.0
            ]
          ]
        ]
      }
    },
    {
      "type": "Feature",
      "id": "历史步道.gdb:教堂公馆主题支步道:60",
      "properties": {
        "Shape_Length": 728.5058026267649,
        "步道名称": "建湘街",
        "道路等级": "一般",
        "步道长度": 728.5058026267649,
        "街巷简介": "",
        "名称": "建湘街",
        "来源图层": "教堂公馆主题支步道",
        "来源文件": "历史步道.gdb",
        "数据来源": "H:\\26.5长沙历史步道专项规划\\ArcGISPro历史步道\\历史步道\\历史步道.gdb",
        "坐标系统": "EPSG:4326",
        "几何类型": "MultiLineString",
        "GIS分类": "ArcGIS历史步道"
      },
      "geometry": {
        "type": "MultiLineString",
        "coordinates": [
          [
            [
              112.97906457300007,
              28.19858847200004,
              99.0
            ],
            [
              112.97887982200007,
              28.198850874000073,
              99.0
            ],
            [
              112.97867651600006,
              28.199215536000054,
              99.0
            ],
            [
              112.97854743200003,
              28.199560835000057,
              99.0
            ],
            [
              112.97839253100005,
              28.199996492000025,
              99.0
            ],
            [
              112.97834735200001,
              28.200261114000057,
              99.0
            ],
            [
              112.97834412500004,
              28.20057091500007,
              99.0
            ],
            [
              112.97832476300005,
              28.20100334500006,
              99.0
            ],
            [
              112.97834089800006,
              28.20125828500005,
              99.0
            ],
            [
              112.9783860770001,
              28.201487409000038,
              99.0
            ],
            [
              112.97856679400002,
              28.201658445000078,
              99.0
            ],
            [
              112.97866845500005,
              28.20176237100003,
              99.0
            ],
            [
              112.9788410970001,
              28.201874660000044,
              99.0
            ],
            [
              112.97893791000001,
              28.20199406200004,
              99.0
            ],
            [
              112.9790089060001,
              28.20225868400007,
              99.0
            ],
            [
              112.97902181400002,
              28.202461991000064,
              99.0
            ],
            [
              112.97910995400002,
              28.202904707000073,
              99.0
            ],
            [
              112.9792460970001,
              28.203504745000032,
              99.0
            ],
            [
              112.97939736700005,
              28.20400393500006,
              99.0
            ],
            [
              112.97950523300005,
              28.204426128000023,
              99.0
            ],
            [
              112.97955273600007,
              28.204578963000074,
              99.0
            ],
            [
              112.97961263000002,
              28.204804085000035,
              99.0
            ],
            [
              112.97969524400003,
              28.204925940000066,
              99.0
            ],
            [
              112.97976340000002,
              28.204963116000044,
              99.0
            ],
            [
              112.97998026100004,
              28.204979639000044,
              99.0
            ],
            [
              112.98010418100012,
              28.204992031000074,
              99.0
            ]
          ]
        ]
      }
    },
    {
      "type": "Feature",
      "id": "历史步道.gdb:教堂公馆主题支步道:61",
      "properties": {
        "Shape_Length": 182.42986521523815,
        "步道名称": "北正街",
        "道路等级": "一般",
        "步道长度": 182.42986521523815,
        "街巷简介": "北正街位于潮宗街—中山亭历史城区，街巷线长约182米，邻近水道巷、楠木厅。",
        "名称": "北正街",
        "来源图层": "教堂公馆主题支步道",
        "来源文件": "历史步道.gdb",
        "数据来源": "H:\\26.5长沙历史步道专项规划\\ArcGISPro历史步道\\历史步道\\历史步道.gdb",
        "坐标系统": "EPSG:4326",
        "几何类型": "MultiLineString",
        "GIS分类": "ArcGIS历史步道"
      },
      "geometry": {
        "type": "MultiLineString",
        "coordinates": [
          [
            [
              112.9695439730001,
              28.204042793000042,
              99.0
            ],
            [
              112.96957482100004,
              28.204265367000062,
              99.0
            ],
            [
              112.96965352400002,
              28.20459869900003,
              99.0
            ],
            [
              112.96983253600001,
              28.205310116000078,
              99.0
            ],
            [
              112.96983388000001,
              28.205355885000074,
              99.0
            ],
            [
              112.9698695730001,
              28.205459807000068,
              99.0
            ],
            [
              112.96989735000011,
              28.20558326300005,
              99.0
            ],
            [
              112.97003315200004,
              28.20558326300005,
              99.0
            ],
            [
              112.97013809000009,
              28.20559406600006,
              99.0
            ]
          ]
        ]
      }
    },
    {
      "type": "Feature",
      "id": "历史步道.gdb:教堂公馆主题支步道:62",
      "properties": {
        "Shape_Length": 116.09029496836843,
        "步道名称": "楠木厅",
        "道路等级": "一般",
        "步道长度": 116.09029496836843,
        "街巷简介": "潮宗街历史文化街区的传统历史街巷，是规划明确保护的街巷和传统生活环境之一。",
        "名称": "楠木厅",
        "来源图层": "教堂公馆主题支步道",
        "来源文件": "历史步道.gdb",
        "数据来源": "H:\\26.5长沙历史步道专项规划\\ArcGISPro历史步道\\历史步道\\历史步道.gdb",
        "坐标系统": "EPSG:4326",
        "几何类型": "MultiLineString",
        "GIS分类": "ArcGIS历史步道"
      },
      "geometry": {
        "type": "MultiLineString",
        "coordinates": [
          [
            [
              112.96873832800009,
              28.205359113000043,
              0.0
            ],
            [
              112.96834025700002,
              28.20537493100005,
              99.0
            ],
            [
              112.96788192500003,
              28.205418140000063,
              99.0
            ],
            [
              112.96777544400004,
              28.20541968300006,
              99.0
            ],
            [
              112.9677569260001,
              28.205351782000037,
              99.0
            ],
            [
              112.96773818600002,
              28.205227911000065,
              99.0
            ]
          ]
        ]
      }
    },
    {
      "type": "Feature",
      "id": "历史步道.gdb:教堂公馆主题支步道:63",
      "properties": {
        "Shape_Length": 67.50915767217653,
        "步道名称": "九如里",
        "道路等级": "一般",
        "步道长度": 67.50915767217653,
        "街巷简介": "潮宗街历史文化街区的传统历史里巷，保留老城小尺度居住空间和连续街巷肌理。",
        "名称": "九如里",
        "来源图层": "教堂公馆主题支步道",
        "来源文件": "历史步道.gdb",
        "数据来源": "H:\\26.5长沙历史步道专项规划\\ArcGISPro历史步道\\历史步道\\历史步道.gdb",
        "坐标系统": "EPSG:4326",
        "几何类型": "MultiLineString",
        "GIS分类": "ArcGIS历史步道"
      },
      "geometry": {
        "type": "MultiLineString",
        "coordinates": [
          [
            [
              112.96712208400004,
              28.205277540000054,
              99.0
            ],
            [
              112.96711958200001,
              28.205367215000024,
              99.0
            ],
            [
              112.96713501400006,
              28.205563201000075,
              99.0
            ],
            [
              112.96716896500004,
              28.20572986800005,
              99.0
            ],
            [
              112.96720291500003,
              28.205945916000076,
              99.0
            ]
          ]
        ]
      }
    },
    {
      "type": "Feature",
      "id": "历史步道.gdb:教堂公馆主题支步道:64",
      "properties": {
        "Shape_Length": 73.35960211241225,
        "步道名称": "潮宗里",
        "道路等级": "一般",
        "步道长度": 73.35960211241225,
        "街巷简介": "潮宗街历史文化街区的传统历史里巷，与潮宗街共同延续片区近代城市生活和空间脉络。",
        "名称": "潮宗里",
        "来源图层": "教堂公馆主题支步道",
        "来源文件": "历史步道.gdb",
        "数据来源": "H:\\26.5长沙历史步道专项规划\\ArcGISPro历史步道\\历史步道\\历史步道.gdb",
        "坐标系统": "EPSG:4326",
        "几何类型": "MultiLineString",
        "GIS分类": "ArcGIS历史步道"
      },
      "geometry": {
        "type": "MultiLineString",
        "coordinates": [
          [
            [
              112.96710816400002,
              28.206677176000028,
              99.0
            ],
            [
              112.96707945900005,
              28.20637492700007,
              99.0
            ],
            [
              112.9670532240001,
              28.20614961900003,
              99.0
            ],
            [
              112.96702081700005,
              28.206023076000065,
              99.0
            ],
            [
              112.96702081700005,
              28.205950546000054,
              99.0
            ]
          ]
        ]
      }
    },
    {
      "type": "Feature",
      "id": "历史步道.gdb:教堂公馆主题支步道:65",
      "properties": {
        "Shape_Length": 46.02969996561351,
        "步道名称": "及第巷",
        "道路等级": "一般",
        "步道长度": 46.02969996561351,
        "街巷简介": "及第巷位于潮宗街—中山亭历史城区，街巷线长约46米，邻近九如里、潮宗里。",
        "名称": "及第巷",
        "来源图层": "教堂公馆主题支步道",
        "来源文件": "历史步道.gdb",
        "数据来源": "H:\\26.5长沙历史步道专项规划\\ArcGISPro历史步道\\历史步道\\历史步道.gdb",
        "坐标系统": "EPSG:4326",
        "几何类型": "MultiLineString",
        "GIS分类": "ArcGIS历史步道"
      },
      "geometry": {
        "type": "MultiLineString",
        "coordinates": [
          [
            [
              112.96702081700005,
              28.205950546000054,
              99.0
            ],
            [
              112.9671118660001,
              28.205961348000073,
              99.0
            ],
            [
              112.96720291500003,
              28.205945916000076,
              99.0
            ],
            [
              112.96735414900002,
              28.205930484000078,
              99.0
            ],
            [
              112.96741742100005,
              28.20590425000006,
              99.0
            ],
            [
              112.96745908700007,
              28.205867213000033,
              99.0
            ]
          ]
        ]
      }
    },
    {
      "type": "Feature",
      "id": "历史步道.gdb:教堂公馆主题支步道:66",
      "properties": {
        "Shape_Length": 67.51154340406946,
        "步道名称": "群胜里",
        "道路等级": "一般",
        "步道长度": 67.51154340406946,
        "街巷简介": "潮宗街历史文化街区的传统历史里巷，保留老城小尺度居住空间和连续街巷肌理。",
        "名称": "群胜里",
        "来源图层": "教堂公馆主题支步道",
        "来源文件": "历史步道.gdb",
        "数据来源": "H:\\26.5长沙历史步道专项规划\\ArcGISPro历史步道\\历史步道\\历史步道.gdb",
        "坐标系统": "EPSG:4326",
        "几何类型": "MultiLineString",
        "GIS分类": "ArcGIS历史步道"
      },
      "geometry": {
        "type": "MultiLineString",
        "coordinates": [
          [
            [
              112.96777544400004,
              28.20541968300006,
              99.0
            ],
            [
              112.96767822200002,
              28.205475239000066,
              99.0
            ],
            [
              112.9674914950001,
              28.20556474500006,
              99.0
            ],
            [
              112.96742359400002,
              28.20559097900008,
              99.0
            ],
            [
              112.96741124800008,
              28.205621843000074,
              99.0
            ],
            [
              112.96742668000002,
              28.205712892000065,
              99.0
            ],
            [
              112.96745908700007,
              28.205867213000033,
              99.0
            ]
          ]
        ]
      }
    },
    {
      "type": "Feature",
      "id": "历史步道.gdb:千年古刹主题支布道:1",
      "properties": {
        "Shape_Length": 128.92682360179015,
        "步道名称": "",
        "步道长度": 128.92682360179015,
        "等级": "主要",
        "街巷简介": "",
        "名称": "未命名要素",
        "来源图层": "千年古刹主题支布道",
        "来源文件": "历史步道.gdb",
        "数据来源": "H:\\26.5长沙历史步道专项规划\\ArcGISPro历史步道\\历史步道\\历史步道.gdb",
        "坐标系统": "EPSG:4326",
        "几何类型": "MultiLineString",
        "GIS分类": "ArcGIS历史步道"
      },
      "geometry": {
        "type": "MultiLineString",
        "coordinates": [
          [
            [
              112.97401123400005,
              28.212825948000045,
              99.0
            ],
            [
              112.97408866900003,
              28.212871661000065,
              99.0
            ],
            [
              112.9742108590001,
              28.213163959000042,
              99.0
            ],
            [
              112.9743570070001,
              28.21349459100003,
              99.0
            ],
            [
              112.97449596800004,
              28.213830014000052,
              99.0
            ],
            [
              112.9745325780001,
              28.21389623600004,
              99.0
            ],
            [
              112.97456477800006,
              28.21392383700004,
              99.0
            ],
            [
              112.9746046460001,
              28.213925370000027,
              99.0
            ]
          ]
        ]
      }
    },
    {
      "type": "Feature",
      "id": "历史步道.gdb:千年古刹主题支布道:2",
      "properties": {
        "Shape_Length": 158.2943535777675,
        "步道名称": "长春巷",
        "步道长度": 158.2943535777675,
        "等级": "主要",
        "街巷简介": "长春巷位于开福寺—麻园岭历史城区，街巷线长约158米，邻近蔡锷北路、湘春巷。",
        "名称": "长春巷",
        "来源图层": "千年古刹主题支布道",
        "来源文件": "历史步道.gdb",
        "数据来源": "H:\\26.5长沙历史步道专项规划\\ArcGISPro历史步道\\历史步道\\历史步道.gdb",
        "坐标系统": "EPSG:4326",
        "几何类型": "MultiLineString",
        "GIS分类": "ArcGIS历史步道"
      },
      "geometry": {
        "type": "MultiLineString",
        "coordinates": [
          [
            [
              112.9746046460001,
              28.213925370000027,
              99.0
            ],
            [
              112.97489445100007,
              28.21383950200004,
              99.0
            ],
            [
              112.975023254,
              28.213805768000043,
              99.0
            ],
            [
              112.97522412500007,
              28.213767433000044,
              99.0
            ],
            [
              112.97544952900012,
              28.213750566000044,
              99.0
            ],
            [
              112.9756304660001,
              28.213726033000057,
              99.0
            ],
            [
              112.97577460200012,
              28.213701499000024,
              99.0
            ],
            [
              112.97591260500008,
              28.213698432000058,
              99.0
            ],
            [
              112.9761625430001,
              28.213709166000058,
              99.0
            ]
          ]
        ]
      }
    },
    {
      "type": "Feature",
      "id": "历史步道.gdb:千年古刹主题支布道:3",
      "properties": {
        "Shape_Length": 355.43519019449803,
        "步道名称": "蔡锷北路",
        "步道长度": 355.43519019449803,
        "等级": "主要",
        "街巷简介": "",
        "名称": "蔡锷北路",
        "来源图层": "千年古刹主题支布道",
        "来源文件": "历史步道.gdb",
        "数据来源": "H:\\26.5长沙历史步道专项规划\\ArcGISPro历史步道\\历史步道\\历史步道.gdb",
        "坐标系统": "EPSG:4326",
        "几何类型": "MultiLineString",
        "GIS分类": "ArcGIS历史步道"
      },
      "geometry": {
        "type": "MultiLineString",
        "coordinates": [
          [
            [
              112.97613778800007,
              28.213708103000045,
              99.0
            ],
            [
              112.97605753900007,
              28.214062187000025,
              99.0
            ],
            [
              112.97596332900002,
              28.21450881100003,
              99.0
            ],
            [
              112.97583712900007,
              28.21516398700004,
              99.0
            ],
            [
              112.9757902770001,
              28.215445104000025,
              99.0
            ],
            [
              112.97579998800006,
              28.21565841200004,
              99.0
            ],
            [
              112.97594446500011,
              28.21649256200004,
              99.0
            ],
            [
              112.97602880000011,
              28.21708921100003,
              99.0
            ],
            [
              112.97604157800004,
              28.21720847200004,
              99.0
            ]
          ]
        ]
      }
    },
    {
      "type": "Feature",
      "id": "历史步道.gdb:千年古刹主题支布道:4",
      "properties": {
        "Shape_Length": 317.58432350531797,
        "步道名称": "",
        "步道长度": 317.58432350531797,
        "等级": "主要",
        "街巷简介": "",
        "名称": "未命名要素",
        "来源图层": "千年古刹主题支布道",
        "来源文件": "历史步道.gdb",
        "数据来源": "H:\\26.5长沙历史步道专项规划\\ArcGISPro历史步道\\历史步道\\历史步道.gdb",
        "坐标系统": "EPSG:4326",
        "几何类型": "MultiLineString",
        "GIS分类": "ArcGIS历史步道"
      },
      "geometry": {
        "type": "MultiLineString",
        "coordinates": [
          [
            [
              112.97604157800004,
              28.21720847200004,
              99.0
            ],
            [
              112.97640853700011,
              28.217165993000037,
              99.0
            ],
            [
              112.97647037000002,
              28.21736179900006,
              99.0
            ],
            [
              112.97649956900011,
              28.21746485400007,
              99.0
            ],
            [
              112.97650987400004,
              28.217569627000046,
              99.0
            ],
            [
              112.97647037000002,
              28.217664095000032,
              99.0
            ],
            [
              112.97651527200003,
              28.21793713900007,
              99.0
            ],
            [
              112.97653090500012,
              28.218073935000064,
              99.0
            ],
            [
              112.97656217300005,
              28.218230274000064,
              99.0
            ],
            [
              112.97663716700004,
              28.21854197500005,
              99.0
            ],
            [
              112.97663106000005,
              28.218835111000033,
              99.0
            ],
            [
              112.97669213000006,
              28.21903664200005,
              99.0
            ],
            [
              112.97671350500002,
              28.219384741000056,
              99.0
            ],
            [
              112.97675320000008,
              28.219519095000066,
              99.0
            ],
            [
              112.97677152100005,
              28.21977864200005,
              99.0
            ],
            [
              112.97681732300009,
              28.219909942000072,
              99.0
            ]
          ]
        ]
      }
    },
    {
      "type": "Feature",
      "id": "历史步道.gdb:千年古刹主题支布道:5",
      "properties": {
        "Shape_Length": 250.09615326314784,
        "步道名称": "十间头巷",
        "步道长度": 250.09615326314784,
        "等级": "主要",
        "街巷简介": "十间头巷位于开福寺—麻园岭历史城区，街巷线长约250米，邻近工农街、鸳鸯井巷。",
        "名称": "十间头巷",
        "来源图层": "千年古刹主题支布道",
        "来源文件": "历史步道.gdb",
        "数据来源": "H:\\26.5长沙历史步道专项规划\\ArcGISPro历史步道\\历史步道\\历史步道.gdb",
        "坐标系统": "EPSG:4326",
        "几何类型": "MultiLineString",
        "GIS分类": "ArcGIS历史步道"
      },
      "geometry": {
        "type": "MultiLineString",
        "coordinates": [
          [
            [
              112.97681732300009,
              28.219909942000072,
              99.0
            ],
            [
              112.97628076300009,
              28.219996906000063,
              99.0
            ],
            [
              112.97625144900007,
              28.22007312100004,
              99.0
            ],
            [
              112.97629835100008,
              28.22020210100004,
              99.0
            ],
            [
              112.97639020000008,
              28.220573406000028,
              99.0
            ],
            [
              112.97648595800001,
              28.220970117000036,
              99.0
            ],
            [
              112.97655631100008,
              28.221208534000027,
              99.0
            ],
            [
              112.97660712100003,
              28.221290612000075,
              99.0
            ],
            [
              112.97678300200005,
              28.22148017300003,
              99.0
            ],
            [
              112.97684553800002,
              28.221542708000072,
              99.0
            ],
            [
              112.97700578500007,
              28.221742041000027,
              99.0
            ]
          ]
        ]
      }
    },
    {
      "type": "Feature",
      "id": "历史步道.gdb:千年古刹主题支布道:6",
      "properties": {
        "Shape_Length": 333.9306873272518,
        "步道名称": "黄兴北路",
        "步道长度": 333.9306873272518,
        "等级": "主要",
        "街巷简介": "",
        "名称": "黄兴北路",
        "来源图层": "千年古刹主题支布道",
        "来源文件": "历史步道.gdb",
        "数据来源": "H:\\26.5长沙历史步道专项规划\\ArcGISPro历史步道\\历史步道\\历史步道.gdb",
        "坐标系统": "EPSG:4326",
        "几何类型": "MultiLineString",
        "GIS分类": "ArcGIS历史步道"
      },
      "geometry": {
        "type": "MultiLineString",
        "coordinates": [
          [
            [
              112.97376224800007,
              28.226669230000027,
              99.0
            ],
            [
              112.97375691200011,
              28.226430872000037,
              99.0
            ],
            [
              112.97375869100006,
              28.226169389000063,
              99.0
            ],
            [
              112.97379604500009,
              28.22597372200005,
              99.0
            ],
            [
              112.97385474500004,
              28.22572469200003,
              99.0
            ],
            [
              112.9739098880001,
              28.225473882000074,
              99.0
            ],
            [
              112.97399527000005,
              28.225224851000064,
              99.0
            ],
            [
              112.97414468800002,
              28.22480861400004,
              99.0
            ],
            [
              112.97423184900003,
              28.224470644000064,
              99.0
            ],
            [
              112.97428877000004,
              28.224234065000076,
              99.0
            ],
            [
              112.97433324000008,
              28.22389075800004,
              99.0
            ],
            [
              112.97435280700006,
              28.223620382000036,
              99.0
            ],
            [
              112.97433501900002,
              28.223408705000054,
              99.0
            ]
          ]
        ]
      }
    },
    {
      "type": "Feature",
      "id": "历史步道.gdb:千年古刹主题支布道:7",
      "properties": {
        "Shape_Length": 63.36821701230309,
        "步道名称": "潘家坪路",
        "步道长度": 63.36821701230309,
        "等级": "主要",
        "街巷简介": "",
        "名称": "潘家坪路",
        "来源图层": "千年古刹主题支布道",
        "来源文件": "历史步道.gdb",
        "数据来源": "H:\\26.5长沙历史步道专项规划\\ArcGISPro历史步道\\历史步道\\历史步道.gdb",
        "坐标系统": "EPSG:4326",
        "几何类型": "MultiLineString",
        "GIS分类": "ArcGIS历史步道"
      },
      "geometry": {
        "type": "MultiLineString",
        "coordinates": [
          [
            [
              112.97433501900002,
              28.223408705000054,
              99.0
            ],
            [
              112.97443107400011,
              28.223389139000062,
              99.0
            ],
            [
              112.9745040040001,
              28.223353563000046,
              99.0
            ],
            [
              112.9745911650001,
              28.223426493000034,
              99.0
            ],
            [
              112.97472991100005,
              28.22354745100006,
              99.0
            ],
            [
              112.97479216800002,
              28.22359725700005,
              99.0
            ],
            [
              112.97486509900011,
              28.223622160000048,
              99.0
            ]
          ]
        ]
      }
    },
    {
      "type": "Feature",
      "id": "历史步道.gdb:千年古刹主题支布道:8",
      "properties": {
        "Shape_Length": 710.9447474073056,
        "步道名称": "鸳鸯井巷",
        "步道长度": 710.9447474073056,
        "等级": "主要",
        "街巷简介": "鸳鸯井巷位于开福寺—麻园岭历史城区，街巷线长约711米，邻近十间头巷、南园路。",
        "名称": "鸳鸯井巷",
        "来源图层": "千年古刹主题支布道",
        "来源文件": "历史步道.gdb",
        "数据来源": "H:\\26.5长沙历史步道专项规划\\ArcGISPro历史步道\\历史步道\\历史步道.gdb",
        "坐标系统": "EPSG:4326",
        "几何类型": "MultiLineString",
        "GIS分类": "ArcGIS历史步道"
      },
      "geometry": {
        "type": "MultiLineString",
        "coordinates": [
          [
            [
              112.97486509900011,
              28.223622160000048,
              99.0
            ],
            [
              112.97498249900002,
              28.223495866000064,
              99.0
            ],
            [
              112.9751817240001,
              28.223291305000032,
              99.0
            ],
            [
              112.9753987360001,
              28.22307073500008,
              99.0
            ],
            [
              112.97562997900002,
              28.22283059800003,
              99.0
            ],
            [
              112.97583454000005,
              28.22262248000004,
              99.0
            ],
            [
              112.97603020700001,
              28.22242859200003,
              99.0
            ],
            [
              112.97614405000002,
              28.222327200000052,
              99.0
            ],
            [
              112.97627568000007,
              28.22223114600007,
              99.0
            ],
            [
              112.97661020400005,
              28.222017024000024,
              99.0
            ],
            [
              112.97685478800008,
              28.221844703000045,
              99.0
            ],
            [
              112.97700578500007,
              28.221742041000027,
              99.0
            ],
            [
              112.9773717490001,
              28.221502842000064,
              99.0
            ],
            [
              112.97774418300003,
              28.221255479000035,
              99.0
            ],
            [
              112.97800544300003,
              28.221088717000043,
              99.0
            ],
            [
              112.97826670300003,
              28.220949749000056,
              99.0
            ],
            [
              112.9786836080001,
              28.220641240000077,
              99.0
            ],
            [
              112.9791186430001,
              28.220314361000078,
              99.0
            ],
            [
              112.97947149100003,
              28.22000901100006,
              99.0
            ],
            [
              112.98002790600003,
              28.21962223500003,
              99.0
            ],
            [
              112.98047575300006,
              28.219303314000058,
              99.0
            ]
          ]
        ]
      }
    },
    {
      "type": "Feature",
      "id": "历史步道.gdb:千年古刹主题支布道:9",
      "properties": {
        "Shape_Length": 443.05297836081184,
        "步道名称": "开福寺路",
        "步道长度": 443.05297836081184,
        "等级": "主要",
        "街巷简介": "",
        "名称": "开福寺路",
        "来源图层": "千年古刹主题支布道",
        "来源文件": "历史步道.gdb",
        "数据来源": "H:\\26.5长沙历史步道专项规划\\ArcGISPro历史步道\\历史步道\\历史步道.gdb",
        "坐标系统": "EPSG:4326",
        "几何类型": "MultiLineString",
        "GIS分类": "ArcGIS历史步道"
      },
      "geometry": {
        "type": "MultiLineString",
        "coordinates": [
          [
            [
              112.97376224800007,
              28.226669230000027,
              99.0
            ],
            [
              112.97306373900005,
              28.22674749600003,
              99.0
            ],
            [
              112.97244116200011,
              28.226794746000053,
              99.0
            ],
            [
              112.97198974800006,
              28.22682505100005,
              0.0
            ],
            [
              112.97132108000005,
              28.226864230000047,
              99.0
            ],
            [
              112.97050672700004,
              28.226922596000065,
              99.0
            ],
            [
              112.96974518200011,
              28.226994860000048,
              99.0
            ],
            [
              112.96934773300006,
              28.227036550000037,
              99.0
            ]
          ]
        ]
      }
    },
    {
      "type": "Feature",
      "id": "历史步道.gdb:千年古刹主题支布道:10",
      "properties": {
        "Shape_Length": 523.1711391500745,
        "步道名称": "湘雅路",
        "步道长度": 523.1711391500745,
        "等级": "主要",
        "街巷简介": "",
        "名称": "湘雅路",
        "来源图层": "千年古刹主题支布道",
        "来源文件": "历史步道.gdb",
        "数据来源": "H:\\26.5长沙历史步道专项规划\\ArcGISPro历史步道\\历史步道\\历史步道.gdb",
        "坐标系统": "EPSG:4326",
        "几何类型": "MultiLineString",
        "GIS分类": "ArcGIS历史步道"
      },
      "geometry": {
        "type": "MultiLineString",
        "coordinates": [
          [
            [
              112.97086376700008,
              28.21762079900003,
              0.0
            ],
            [
              112.97157611400007,
              28.217563598000027,
              99.0
            ],
            [
              112.97206350300007,
              28.217512013000032,
              99.0
            ],
            [
              112.97274122200008,
              28.21747287900007,
              99.0
            ],
            [
              112.9734527390001,
              28.21742485200008,
              99.0
            ],
            [
              112.97389387900012,
              28.217398170000024,
              99.0
            ],
            [
              112.97435636500006,
              28.217353700000047,
              99.0
            ],
            [
              112.97462496200001,
              28.217321682000033,
              99.0
            ],
            [
              112.975139033,
              28.217302115000052,
              99.0
            ],
            [
              112.97560685500002,
              28.217273655000042,
              99.0
            ],
            [
              112.976026649,
              28.217261203000078,
              99.0
            ],
            [
              112.97604157800004,
              28.21720847200004,
              99.0
            ]
          ]
        ]
      }
    },
    {
      "type": "Feature",
      "id": "历史步道.gdb:千年古刹主题支布道:11",
      "properties": {
        "Shape_Length": 236.01530922417314,
        "步道名称": "长春巷",
        "步道长度": 236.01530922417314,
        "等级": "一般",
        "街巷简介": "长春巷位于开福寺—麻园岭历史城区，街巷线长约236米，邻近湘春巷、蔡锷北路。",
        "名称": "长春巷",
        "来源图层": "千年古刹主题支布道",
        "来源文件": "历史步道.gdb",
        "数据来源": "H:\\26.5长沙历史步道专项规划\\ArcGISPro历史步道\\历史步道\\历史步道.gdb",
        "坐标系统": "EPSG:4326",
        "几何类型": "MultiLineString",
        "GIS分类": "ArcGIS历史步道"
      },
      "geometry": {
        "type": "MultiLineString",
        "coordinates": [
          [
            [
              112.97237031300006,
              28.214704907000055,
              99.0
            ],
            [
              112.97266243400009,
              28.21457272500004,
              99.0
            ],
            [
              112.97291093600006,
              28.21446433600005,
              99.0
            ],
            [
              112.97311449600011,
              28.214378418000024,
              99.0
            ],
            [
              112.97326650500008,
              28.214329511000074,
              99.0
            ],
            [
              112.97354144300004,
              28.214258133000044,
              99.0
            ],
            [
              112.97380448400008,
              28.214180146000047,
              99.0
            ],
            [
              112.97407413500002,
              28.214106124000068,
              99.0
            ],
            [
              112.97442045100001,
              28.214005666000048,
              99.0
            ],
            [
              112.97455659800005,
              28.21396072400006,
              99.0
            ],
            [
              112.97458471200002,
              28.213924603000066,
              99.0
            ]
          ]
        ]
      }
    },
    {
      "type": "Feature",
      "id": "历史步道.gdb:千年古刹主题支布道:12",
      "properties": {
        "Shape_Length": 227.2009386494646,
        "步道名称": "湘春巷",
        "步道长度": 227.2009386494646,
        "等级": "一般",
        "街巷简介": "湘春巷位于开福寺—麻园岭历史城区，街巷线长约227米，邻近长春巷、蔡锷北路。",
        "名称": "湘春巷",
        "来源图层": "千年古刹主题支布道",
        "来源文件": "历史步道.gdb",
        "数据来源": "H:\\26.5长沙历史步道专项规划\\ArcGISPro历史步道\\历史步道\\历史步道.gdb",
        "坐标系统": "EPSG:4326",
        "几何类型": "MultiLineString",
        "GIS分类": "ArcGIS历史步道"
      },
      "geometry": {
        "type": "MultiLineString",
        "coordinates": [
          [
            [
              112.97220508600003,
              28.213918426000077,
              99.0
            ],
            [
              112.97228042900008,
              28.213876128000038,
              99.0
            ],
            [
              112.97234255500007,
              28.213874806000035,
              99.0
            ],
            [
              112.97239278400002,
              28.213894633000052,
              99.0
            ],
            [
              112.97249456400004,
              28.213958080000054,
              99.0
            ],
            [
              112.97255404500004,
              28.21396468900008,
              99.0
            ],
            [
              112.97261220500002,
              28.213996413000075,
              99.0
            ],
            [
              112.97269019300006,
              28.213997735000078,
              99.0
            ],
            [
              112.97276421400011,
              28.213995091000072,
              99.0
            ],
            [
              112.97286070700011,
              28.213959402000057,
              99.0
            ],
            [
              112.97323478100009,
              28.213839117000077,
              99.0
            ],
            [
              112.97347270800003,
              28.213758486000074,
              99.0
            ],
            [
              112.97359695900002,
              28.213704292000045,
              99.0
            ],
            [
              112.97372914100004,
              28.213663315000076,
              99.0
            ],
            [
              112.97391419500002,
              28.21361440800007,
              99.0
            ],
            [
              112.97410718000003,
              28.21356021300005,
              99.0
            ],
            [
              112.97423671800004,
              28.213533777000066,
              99.0
            ],
            [
              112.97429355600002,
              28.213507341000025,
              99.0
            ],
            [
              112.97434831900011,
              28.21347493500008,
              99.0
            ]
          ]
        ]
      }
    },
    {
      "type": "Feature",
      "id": "历史步道.gdb:千年古刹主题支布道:13",
      "properties": {
        "Shape_Length": 422.4323774477303,
        "步道名称": "晴佳巷",
        "步道长度": 422.4323774477303,
        "等级": "一般",
        "街巷简介": "晴佳巷位于开福寺—麻园岭历史城区，街巷线长约422米，邻近湘雅路、湘春巷。",
        "名称": "晴佳巷",
        "来源图层": "千年古刹主题支布道",
        "来源文件": "历史步道.gdb",
        "数据来源": "H:\\26.5长沙历史步道专项规划\\ArcGISPro历史步道\\历史步道\\历史步道.gdb",
        "坐标系统": "EPSG:4326",
        "几何类型": "MultiLineString",
        "GIS分类": "ArcGIS历史步道"
      },
      "geometry": {
        "type": "MultiLineString",
        "coordinates": [
          [
            [
              112.96801988300001,
              28.214548354000044,
              99.0
            ],
            [
              112.96815206400004,
              28.21444095700008,
              99.0
            ],
            [
              112.96828218100006,
              28.214327363000052,
              99.0
            ],
            [
              112.96835859800001,
              28.21426953300005,
              99.0
            ],
            [
              112.9684969760001,
              28.214242684000055,
              99.0
            ],
            [
              112.96911038200005,
              28.21420137700005,
              99.0
            ],
            [
              112.96937061400001,
              28.214199312000062,
              99.0
            ],
            [
              112.96959573600009,
              28.214207573000067,
              99.0
            ],
            [
              112.97009554800002,
              28.214244749000045,
              99.0
            ],
            [
              112.9703186050001,
              28.214261272000044,
              99.0
            ],
            [
              112.9704858980001,
              28.21429844800008,
              99.0
            ],
            [
              112.97070920200008,
              28.21434576300004,
              0.0
            ],
            [
              112.97087211600001,
              28.21437693100006,
              99.0
            ],
            [
              112.9710786500001,
              28.214418238000064,
              99.0
            ],
            [
              112.97124800800009,
              28.214451283000074,
              99.0
            ],
            [
              112.97150411000007,
              28.214453349000053,
              99.0
            ],
            [
              112.97168999000007,
              28.214432695000028,
              99.0
            ],
            [
              112.9719564190001,
              28.214389323000034,
              99.0
            ],
            [
              112.97211131900008,
              28.21436040800006,
              99.0
            ]
          ]
        ]
      }
    },
    {
      "type": "Feature",
      "id": "历史步道.gdb:千年古刹主题支布道:14",
      "properties": {
        "Shape_Length": 475.1644031262945,
        "步道名称": "留芳岭巷",
        "步道长度": 475.1644031262945,
        "等级": "一般",
        "街巷简介": "留芳岭巷位于开福寺—麻园岭历史城区，街巷线长约475米，邻近长春巷、蔡锷北路。",
        "名称": "留芳岭巷",
        "来源图层": "千年古刹主题支布道",
        "来源文件": "历史步道.gdb",
        "数据来源": "H:\\26.5长沙历史步道专项规划\\ArcGISPro历史步道\\历史步道\\历史步道.gdb",
        "坐标系统": "EPSG:4326",
        "几何类型": "MultiLineString",
        "GIS分类": "ArcGIS历史步道"
      },
      "geometry": {
        "type": "MultiLineString",
        "coordinates": [
          [
            [
              112.9761625430001,
              28.213709166000058,
              99.0
            ],
            [
              112.97621424400006,
              28.21371163400005,
              99.0
            ],
            [
              112.97632073800003,
              28.213398606000055,
              99.0
            ],
            [
              112.97634978200006,
              28.213340518000052,
              99.0
            ],
            [
              112.97681448300011,
              28.21340506000007,
              99.0
            ],
            [
              112.97709846800001,
              28.213450239000053,
              99.0
            ],
            [
              112.97739858700004,
              28.213421195000024,
              99.0
            ],
            [
              112.97774711300008,
              28.213443785000038,
              99.0
            ],
            [
              112.9779794640001,
              28.213472829000068,
              99.0
            ],
            [
              112.9783183080001,
              28.213482510000063,
              99.0
            ],
            [
              112.97887659500009,
              28.213463148000073,
              99.0
            ],
            [
              112.97938647600006,
              28.213430877000064,
              99.0
            ],
            [
              112.97968659500009,
              28.21340506000007,
              99.0
            ],
            [
              112.98008030100004,
              28.21339215200004,
              99.0
            ],
            [
              112.98038364700005,
              28.21337278900006,
              99.0
            ],
            [
              112.98063858800003,
              28.213366335000046,
              99.0
            ]
          ]
        ]
      }
    },
    {
      "type": "Feature",
      "id": "历史步道.gdb:千年古刹主题支布道:15",
      "properties": {
        "Shape_Length": 826.9918769660441,
        "步道名称": "上麻园岭巷",
        "步道长度": 827.0,
        "等级": "一般",
        "街巷简介": "上麻园岭巷位于开福寺—麻园岭历史城区，街巷线长约827米，邻近下麻园岭巷、鸳鸯井巷。",
        "名称": "上麻园岭巷",
        "来源图层": "千年古刹主题支布道",
        "来源文件": "历史步道.gdb",
        "数据来源": "H:\\26.5长沙历史步道专项规划\\ArcGISPro历史步道\\历史步道\\历史步道.gdb",
        "坐标系统": "EPSG:4326",
        "几何类型": "MultiLineString",
        "GIS分类": "ArcGIS历史步道"
      },
      "geometry": {
        "type": "MultiLineString",
        "coordinates": [
          [
            [
              112.98021364400006,
              28.216902841000035,
              99.0
            ],
            [
              112.98023636300002,
              28.217369607000023,
              99.0
            ],
            [
              112.98025288600002,
              28.217706258000078,
              99.0
            ],
            [
              112.98027213500006,
              28.21799623100003,
              99.0
            ],
            [
              112.98029196200002,
              28.21833461600005,
              99.0
            ],
            [
              112.9803117890001,
              28.218671680000057,
              99.0
            ]
          ],
          [
            [
              112.97887943500007,
              28.217030892000025,
              99.0
            ],
            [
              112.97893933000012,
              28.21730971200003,
              99.0
            ],
            [
              112.97900542100001,
              28.217602991000035,
              99.0
            ],
            [
              112.97907357700001,
              28.217885942000066,
              99.0
            ],
            [
              112.97913553700005,
              28.218115195000053,
              99.0
            ],
            [
              112.97923054300009,
              28.218482825000024,
              99.0
            ],
            [
              112.9792801110001,
              28.218679032000068,
              99.0
            ]
          ],
          [
            [
              112.9803117890001,
              28.218671680000057,
              99.0
            ],
            [
              112.98034582600008,
              28.219054924000034,
              99.0
            ],
            [
              112.98036201800005,
              28.219312761000026,
              99.0
            ],
            [
              112.98037598400003,
              28.219374361000064,
              99.0
            ]
          ],
          [
            [
              112.9792801110001,
              28.218679032000068,
              99.0
            ],
            [
              112.97970830600002,
              28.218627619000074,
              99.0
            ],
            [
              112.97984930000007,
              28.218615870000065,
              99.0
            ],
            [
              112.9800466910001,
              28.218629969000062,
              99.0
            ],
            [
              112.98024643300005,
              28.21864406800006,
              99.0
            ],
            [
              112.9803117890001,
              28.218671680000057,
              99.0
            ]
          ],
          [
            [
              112.9803768060001,
              28.219385378000027,
              99.0
            ],
            [
              112.98038506700004,
              28.219521691000068,
              99.0
            ],
            [
              112.9804098510001,
              28.21970963600006,
              99.0
            ],
            [
              112.98042282200004,
              28.219898326000077,
              99.0
            ],
            [
              112.98042810900006,
              28.220141540000043,
              99.0
            ],
            [
              112.98043075300006,
              28.22034906500005,
              99.0
            ],
            [
              112.9804418650001,
              28.22044283200006,
              99.0
            ]
          ],
          [
            [
              112.97915071400007,
              28.220286607000048,
              99.0
            ],
            [
              112.97916548,
              28.22017855100006,
              99.0
            ],
            [
              112.97902918600005,
              28.219673323000052,
              99.0
            ],
            [
              112.97897513800001,
              28.21928089000005,
              99.0
            ],
            [
              112.97891404100005,
              28.218937805000053,
              99.0
            ],
            [
              112.97889289200009,
              28.218829710000023,
              99.0
            ],
            [
              112.9788529440001,
              28.21877801200003,
              99.0
            ],
            [
              112.97889289200009,
              28.21875451300008,
              99.0
            ],
            [
              112.9792801110001,
              28.218679032000068,
              99.0
            ]
          ]
        ]
      }
    },
    {
      "type": "Feature",
      "id": "历史步道.gdb:千年古刹主题支布道:16",
      "properties": {
        "Shape_Length": 305.107229624135,
        "步道名称": "下麻园岭巷",
        "步道长度": 305.107229624135,
        "等级": "一般",
        "街巷简介": "下麻园岭巷位于开福寺—麻园岭历史城区，街巷线长约305米，邻近上麻园岭巷、鸳鸯井巷。",
        "名称": "下麻园岭巷",
        "来源图层": "千年古刹主题支布道",
        "来源文件": "历史步道.gdb",
        "数据来源": "H:\\26.5长沙历史步道专项规划\\ArcGISPro历史步道\\历史步道\\历史步道.gdb",
        "坐标系统": "EPSG:4326",
        "几何类型": "MultiLineString",
        "GIS分类": "ArcGIS历史步道"
      },
      "geometry": {
        "type": "MultiLineString",
        "coordinates": [
          [
            [
              112.97952795200001,
              28.22155811500005,
              99.0
            ],
            [
              112.97951762500008,
              28.22141354100006,
              99.0
            ],
            [
              112.97948664500007,
              28.221374300000036,
              99.0
            ],
            [
              112.97942675000002,
              28.22132473100004,
              99.0
            ],
            [
              112.97938131300009,
              28.221281359000045,
              99.0
            ],
            [
              112.97936272400011,
              28.221157439000024,
              99.0
            ],
            [
              112.9793296790001,
              28.220934382000053,
              99.0
            ],
            [
              112.9792966340001,
              28.22078154700006,
              99.0
            ],
            [
              112.97926978400005,
              28.22063490800008,
              99.0
            ],
            [
              112.97928424200006,
              28.220599797000034,
              99.0
            ],
            [
              112.97933381000007,
              28.22058740500006,
              99.0
            ],
            [
              112.98038093700006,
              28.220449028000075,
              99.0
            ],
            [
              112.98050279200004,
              28.220436636000045,
              99.0
            ],
            [
              112.98129175100007,
              28.220372610000027,
              99.0
            ]
          ]
        ]
      }
    },
    {
      "type": "Feature",
      "id": "历史步道.gdb:千年古刹主题支布道:17",
      "properties": {
        "Shape_Length": 484.48887803260976,
        "步道名称": "庆和里路",
        "步道长度": 484.48887803260976,
        "等级": "一般",
        "街巷简介": "庆和里路位于开福寺—麻园岭历史城区，街巷线长约484米，邻近百善台街、风华巷。",
        "名称": "庆和里路",
        "来源图层": "千年古刹主题支布道",
        "来源文件": "历史步道.gdb",
        "数据来源": "H:\\26.5长沙历史步道专项规划\\ArcGISPro历史步道\\历史步道\\历史步道.gdb",
        "坐标系统": "EPSG:4326",
        "几何类型": "MultiLineString",
        "GIS分类": "ArcGIS历史步道"
      },
      "geometry": {
        "type": "MultiLineString",
        "coordinates": [
          [
            [
              112.969033964,
              28.222026947000074,
              99.0
            ],
            [
              112.96945942400009,
              28.22198564000007,
              99.0
            ],
            [
              112.9704714400001,
              28.22189683000005,
              99.0
            ],
            [
              112.97115501000007,
              28.221839884000076,
              0.0
            ],
            [
              112.97183869500009,
              28.221785302000058,
              99.0
            ],
            [
              112.9725966740001,
              28.22173779900004,
              99.0
            ],
            [
              112.97327617000008,
              28.221690296000077,
              99.0
            ],
            [
              112.97371815300005,
              28.22166964300004,
              99.0
            ],
            [
              112.97386479200009,
              28.22166964300004,
              99.0
            ]
          ]
        ]
      }
    },
    {
      "type": "Feature",
      "id": "历史步道.gdb:千年古刹主题支布道:18",
      "properties": {
        "Shape_Length": 374.6936788483962,
        "步道名称": "工农街",
        "步道长度": 374.6936788483962,
        "等级": "一般",
        "街巷简介": "工农街位于开福寺—麻园岭历史城区，街巷线长约375米，邻近十间头巷、风华巷。",
        "名称": "工农街",
        "来源图层": "千年古刹主题支布道",
        "来源文件": "历史步道.gdb",
        "数据来源": "H:\\26.5长沙历史步道专项规划\\ArcGISPro历史步道\\历史步道\\历史步道.gdb",
        "坐标系统": "EPSG:4326",
        "几何类型": "MultiLineString",
        "GIS分类": "ArcGIS历史步道"
      },
      "geometry": {
        "type": "MultiLineString",
        "coordinates": [
          [
            [
              112.97386479200009,
              28.22166964300004,
              99.0
            ],
            [
              112.97410024100009,
              28.221675839000056,
              99.0
            ],
            [
              112.974331559,
              28.221665512000072,
              99.0
            ],
            [
              112.97441623800012,
              28.221648990000062,
              99.0
            ],
            [
              112.9745050470001,
              28.22160561800007,
              99.0
            ],
            [
              112.97457526900007,
              28.221584964000044,
              99.0
            ],
            [
              112.97470332000012,
              28.22157670300004,
              99.0
            ],
            [
              112.97484995900004,
              28.22157670300004,
              99.0
            ],
            [
              112.97503583900004,
              28.22159116000006,
              99.0
            ],
            [
              112.9751618250001,
              28.221599422000054,
              99.0
            ],
            [
              112.97531672500008,
              28.221587030000023,
              99.0
            ],
            [
              112.975463364,
              28.221551919000035,
              99.0
            ],
            [
              112.97556250100001,
              28.221502351000026,
              99.0
            ],
            [
              112.97562239600006,
              28.22145278200003,
              99.0
            ],
            [
              112.97563065700001,
              28.221394953000072,
              99.0
            ],
            [
              112.97562446100005,
              28.22117809200006,
              99.0
            ],
            [
              112.97560587300006,
              28.22110993600006,
              99.0
            ],
            [
              112.97554597800001,
              28.220919925000032,
              99.0
            ],
            [
              112.97541173100001,
              28.220533707000072,
              99.0
            ],
            [
              112.97536835900007,
              28.22042837400005,
              99.0
            ],
            [
              112.97537249000004,
              28.220263147000026,
              99.0
            ],
            [
              112.97534564000011,
              28.21993475800008,
              99.0
            ],
            [
              112.97530639900003,
              28.219624957000065,
              99.0
            ],
            [
              112.97530846400002,
              28.219560932000036,
              99.0
            ]
          ]
        ]
      }
    },
    {
      "type": "Feature",
      "id": "历史步道.gdb:千年古刹主题支布道:19",
      "properties": {
        "Shape_Length": 564.2984530566252,
        "步道名称": "风华巷",
        "步道长度": 564.2984530566252,
        "等级": "一般",
        "街巷简介": "风华巷位于开福寺—麻园岭历史城区，街巷线长约564米，邻近文昌阁街、大王家巷。",
        "名称": "风华巷",
        "来源图层": "千年古刹主题支布道",
        "来源文件": "历史步道.gdb",
        "数据来源": "H:\\26.5长沙历史步道专项规划\\ArcGISPro历史步道\\历史步道\\历史步道.gdb",
        "坐标系统": "EPSG:4326",
        "几何类型": "MultiLineString",
        "GIS分类": "ArcGIS历史步道"
      },
      "geometry": {
        "type": "MultiLineString",
        "coordinates": [
          [
            [
              112.9710050650001,
              28.219949838000048,
              0.0
            ],
            [
              112.97107228900006,
              28.219951198000047,
              99.0
            ],
            [
              112.97139481200009,
              28.219903613000042,
              99.0
            ],
            [
              112.97167768100007,
              28.219881142000077,
              99.0
            ],
            [
              112.97184687300012,
              28.219859993000057,
              99.0
            ],
            [
              112.9719711240001,
              28.219838844000037,
              99.0
            ],
            [
              112.9720649730001,
              28.21979390200005,
              99.0
            ],
            [
              112.97217864900006,
              28.219762179000043,
              99.0
            ],
            [
              112.97228968200011,
              28.219747639000047,
              99.0
            ],
            [
              112.97237956600009,
              28.219741030000023,
              99.0
            ],
            [
              112.9724773800001,
              28.219738386000074,
              99.0
            ],
            [
              112.97258973400005,
              28.219725168000025,
              99.0
            ],
            [
              112.97262938900008,
              28.219563906000076,
              99.0
            ],
            [
              112.97265450300006,
              28.219480632000057,
              99.0
            ],
            [
              112.97269283600008,
              28.219454195000026,
              99.0
            ],
            [
              112.97277346700002,
              28.219452873000023,
              99.0
            ],
            [
              112.97295984300001,
              28.21945551700003,
              99.0
            ],
            [
              112.97307880700009,
              28.219454195000026,
              99.0
            ],
            [
              112.9732691480001,
              28.21946477000006,
              99.0
            ],
            [
              112.9733973650001,
              28.219421150000073,
              99.0
            ],
            [
              112.97349385700011,
              28.219411897000043,
              99.0
            ],
            [
              112.97370534800007,
              28.21941982800007,
              99.0
            ],
            [
              112.97402522800007,
              28.21943172400006,
              99.0
            ],
            [
              112.97432660200002,
              28.21943701200007,
              99.0
            ],
            [
              112.97451958700003,
              28.219440977000033,
              99.0
            ],
            [
              112.9745698160001,
              28.21948195300007,
              99.0
            ],
            [
              112.97463722900011,
              28.21951103300006,
              99.0
            ],
            [
              112.97477205400003,
              28.219524252000042,
              99.0
            ],
            [
              112.97501262500009,
              28.219509712000047,
              99.0
            ],
            [
              112.97512630100005,
              28.219504424000036,
              99.0
            ],
            [
              112.97521089700001,
              28.219504424000036,
              99.0
            ],
            [
              112.97526641400009,
              28.219530861000067,
              99.0
            ],
            [
              112.97530846400002,
              28.219560932000036,
              99.0
            ],
            [
              112.97543825000002,
              28.21963131900003,
              99.0
            ],
            [
              112.9758744500001,
              28.21986924600003,
              99.0
            ],
            [
              112.97603703300001,
              28.219956486000058,
              99.0
            ],
            [
              112.97617053700003,
              28.220026542000028,
              99.0
            ],
            [
              112.97625144900007,
              28.22007312100004,
              99.0
            ]
          ]
        ]
      }
    },
    {
      "type": "Feature",
      "id": "历史步道.gdb:千年古刹主题支布道:20",
      "properties": {
        "Shape_Length": 244.33022251992494,
        "步道名称": "百善台街",
        "步道长度": 244.33022251992494,
        "等级": "一般",
        "街巷简介": "百善台街位于开福寺—麻园岭历史城区，街巷线长约244米，邻近风华巷、庆和里路。",
        "名称": "百善台街",
        "来源图层": "千年古刹主题支布道",
        "来源文件": "历史步道.gdb",
        "数据来源": "H:\\26.5长沙历史步道专项规划\\ArcGISPro历史步道\\历史步道\\历史步道.gdb",
        "坐标系统": "EPSG:4326",
        "几何类型": "MultiLineString",
        "GIS分类": "ArcGIS历史步道"
      },
      "geometry": {
        "type": "MultiLineString",
        "coordinates": [
          [
            [
              112.97335465300011,
              28.22042837400005,
              99.0
            ],
            [
              112.97301593800012,
              28.220438701000035,
              99.0
            ],
            [
              112.97272472500003,
              28.22046142000005,
              99.0
            ],
            [
              112.9725285180001,
              28.220436636000045,
              99.0
            ],
            [
              112.97246655800006,
              28.22044283200006,
              99.0
            ],
            [
              112.97243557800005,
              28.220467616000064,
              99.0
            ],
            [
              112.97242112000004,
              28.220508923000068,
              99.0
            ],
            [
              112.97241285900009,
              28.220599797000034,
              99.0
            ],
            [
              112.97236329100008,
              28.220649366000032,
              99.0
            ],
            [
              112.97229100400011,
              28.220667954000078,
              99.0
            ],
            [
              112.97186967500011,
              28.220670019000067,
              99.0
            ],
            [
              112.9718552170001,
              28.220649366000032,
              99.0
            ],
            [
              112.97183043300004,
              28.220230102000073,
              99.0
            ],
            [
              112.97180771400008,
              28.22006487500005,
              99.0
            ],
            [
              112.97176227700004,
              28.219870568000033,
              99.0
            ]
          ]
        ]
      }
    },
    {
      "type": "Feature",
      "id": "历史步道.gdb:千年古刹主题支布道:21",
      "properties": {
        "Shape_Length": 251.6006802857462,
        "步道名称": "文昌阁街",
        "步道长度": 251.6006802857462,
        "等级": "一般",
        "街巷简介": "文昌阁街位于开福寺—麻园岭历史城区，街巷线长约252米，邻近风华巷、湘雅路。",
        "名称": "文昌阁街",
        "来源图层": "千年古刹主题支布道",
        "来源文件": "历史步道.gdb",
        "数据来源": "H:\\26.5长沙历史步道专项规划\\ArcGISPro历史步道\\历史步道\\历史步道.gdb",
        "坐标系统": "EPSG:4326",
        "几何类型": "MultiLineString",
        "GIS分类": "ArcGIS历史步道"
      },
      "geometry": {
        "type": "MultiLineString",
        "coordinates": [
          [
            [
              112.97349223100002,
              28.217422463000048,
              99.0
            ],
            [
              112.97355705700011,
              28.217633971000055,
              99.0
            ],
            [
              112.97359629800007,
              28.21777234800004,
              99.0
            ],
            [
              112.97369543400009,
              28.217972686000053,
              99.0
            ],
            [
              112.97384000800002,
              28.218319663000045,
              99.0
            ],
            [
              112.97388957600003,
              28.21842086500004,
              99.0
            ],
            [
              112.97435634300007,
              28.218493152000065,
              99.0
            ],
            [
              112.97440384600009,
              28.218670771000063,
              99.0
            ],
            [
              112.97445134800012,
              28.218844259000036,
              99.0
            ],
            [
              112.97447200200008,
              28.218972310000026,
              99.0
            ],
            [
              112.97452157000009,
              28.219269719000067,
              99.0
            ],
            [
              112.97452570100006,
              28.219342006000034,
              99.0
            ],
            [
              112.97451958700003,
              28.219440977000033,
              99.0
            ]
          ]
        ]
      }
    },
    {
      "type": "Feature",
      "id": "历史步道.gdb:千年古刹主题支布道:22",
      "properties": {
        "Shape_Length": 298.13227032009223,
        "步道名称": "大王家巷",
        "步道长度": 298.13227032009223,
        "等级": "一般",
        "街巷简介": "大王家巷位于开福寺—麻园岭历史城区，街巷线长约298米，邻近风华巷、湘雅路。",
        "名称": "大王家巷",
        "来源图层": "千年古刹主题支布道",
        "来源文件": "历史步道.gdb",
        "数据来源": "H:\\26.5长沙历史步道专项规划\\ArcGISPro历史步道\\历史步道\\历史步道.gdb",
        "坐标系统": "EPSG:4326",
        "几何类型": "MultiLineString",
        "GIS分类": "ArcGIS历史步道"
      },
      "geometry": {
        "type": "MultiLineString",
        "coordinates": [
          [
            [
              112.97094374400001,
              28.218723831000034,
              0.0
            ],
            [
              112.97140290800007,
              28.218689359000052,
              99.0
            ],
            [
              112.9719398960001,
              28.21864805200005,
              99.0
            ],
            [
              112.9723777480001,
              28.218625333000034,
              99.0
            ],
            [
              112.97270613700005,
              28.218606745000045,
              99.0
            ],
            [
              112.97283831900006,
              28.218592288000025,
              99.0
            ],
            [
              112.97307789800004,
              28.218546851000042,
              99.0
            ],
            [
              112.97322660200007,
              28.21853445800008,
              99.0
            ],
            [
              112.97338356800003,
              28.218557177000037,
              99.0
            ],
            [
              112.9734889,
              28.218538589000048,
              99.0
            ],
            [
              112.97355705700011,
              28.218507609000028,
              99.0
            ],
            [
              112.9736933690001,
              28.21849108600003,
              99.0
            ],
            [
              112.97375119800006,
              28.21845597600003,
              99.0
            ],
            [
              112.97381315900009,
              28.218447714000035,
              99.0
            ],
            [
              112.97388957600003,
              28.21842086500004,
              99.0
            ]
          ]
        ]
      }
    },
    {
      "type": "Feature",
      "id": "历史步道.gdb:千年古刹主题支布道:23",
      "properties": {
        "Shape_Length": 1232.6219709353245,
        "步道名称": "潘家坪路",
        "步道长度": 1232.6,
        "等级": "一般",
        "街巷简介": "",
        "名称": "潘家坪路",
        "来源图层": "千年古刹主题支布道",
        "来源文件": "历史步道.gdb",
        "数据来源": "H:\\26.5长沙历史步道专项规划\\ArcGISPro历史步道\\历史步道\\历史步道.gdb",
        "坐标系统": "EPSG:4326",
        "几何类型": "MultiLineString",
        "GIS分类": "ArcGIS历史步道"
      },
      "geometry": {
        "type": "MultiLineString",
        "coordinates": [
          [
            [
              112.9745040040001,
              28.223353563000046,
              99.0
            ],
            [
              112.97422635600003,
              28.223141197000075,
              99.0
            ],
            [
              112.97397464200003,
              28.223034703000053,
              99.0
            ],
            [
              112.973522849,
              28.222899165000058,
              99.0
            ],
            [
              112.97326468200004,
              28.222883030000048,
              99.0
            ],
            [
              112.9719544830001,
              28.222934663000046,
              99.0
            ],
            [
              112.97107994100008,
              28.222963707000076,
              99.0
            ],
            [
              112.97077014000001,
              28.22298952400007,
              99.0
            ],
            [
              112.97050229100012,
              28.22310569900003,
              99.0
            ],
            [
              112.97012472100005,
              28.22324446400006,
              99.0
            ],
            [
              112.96982782900011,
              28.22330900600008,
              99.0
            ],
            [
              112.96951802800004,
              28.223292870000023,
              99.0
            ],
            [
              112.9692727690001,
              28.223318687000074,
              99.0
            ]
          ],
          [
            [
              112.97486509900011,
              28.223622160000048,
              99.0
            ],
            [
              112.97524673300006,
              28.223828381000033,
              99.0
            ],
            [
              112.97541563200002,
              28.223923846000048,
              99.0
            ],
            [
              112.97548172300003,
              28.22404134100003,
              99.0
            ],
            [
              112.97559187400009,
              28.224151492000033,
              99.0
            ],
            [
              112.97579381900005,
              28.224228598000025,
              99.0
            ],
            [
              112.97600310600001,
              28.224261643000034,
              99.0
            ],
            [
              112.97666768700003,
              28.224261643000034,
              99.0
            ],
            [
              112.97690017900004,
              28.224253272000055,
              99.0
            ],
            [
              112.97705527300002,
              28.22429322000005,
              99.0
            ],
            [
              112.97714926900005,
              28.224354318000053,
              99.0
            ],
            [
              112.9772033160001,
              28.224375467000073,
              99.0
            ],
            [
              112.97733491000008,
              28.224330819000045,
              99.0
            ],
            [
              112.97766389600008,
              28.224257972000032,
              99.0
            ],
            [
              112.97806337800012,
              28.22422742300006,
              99.0
            ],
            [
              112.97839706400009,
              28.224210974000073,
              99.0
            ],
            [
              112.97863910300009,
              28.224220373000037,
              99.0
            ],
            [
              112.97885059400005,
              28.224260322000077,
              99.0
            ],
            [
              112.97898453800008,
              28.224323769000023,
              99.0
            ],
            [
              112.97908323400009,
              28.22437781700006,
              99.0
            ],
            [
              112.97921247800002,
              28.224384866000037,
              99.0
            ],
            [
              112.97945921700011,
              28.22437076700004,
              99.0
            ],
            [
              112.97988689800002,
              28.224351968000065,
              99.0
            ],
            [
              112.98070701200004,
              28.224312019000024,
              99.0
            ],
            [
              112.98129213700008,
              28.224288520000073,
              99.0
            ],
            [
              112.98149892800006,
              28.22428382100003,
              99.0
            ]
          ]
        ]
      }
    },
    {
      "type": "Feature",
      "id": "历史步道.gdb:千年古刹主题支布道:24",
      "properties": {
        "Shape_Length": 252.26918823002373,
        "步道名称": "",
        "步道长度": 252.26918823002373,
        "等级": "一般",
        "街巷简介": "",
        "名称": "未命名要素",
        "来源图层": "千年古刹主题支布道",
        "来源文件": "历史步道.gdb",
        "数据来源": "H:\\26.5长沙历史步道专项规划\\ArcGISPro历史步道\\历史步道\\历史步道.gdb",
        "坐标系统": "EPSG:4326",
        "几何类型": "MultiLineString",
        "GIS分类": "ArcGIS历史步道"
      },
      "geometry": {
        "type": "MultiLineString",
        "coordinates": [
          [
            [
              112.97887943500007,
              28.217030892000025,
              99.0
            ],
            [
              112.97876599800009,
              28.21684874700003,
              99.0
            ],
            [
              112.97865790200001,
              28.216456314000027,
              99.0
            ],
            [
              112.97858270600011,
              28.216336470000044,
              99.0
            ],
            [
              112.97846521100007,
              28.215861791000066,
              99.0
            ],
            [
              112.97837826500006,
              28.215525755000044,
              99.0
            ],
            [
              112.97833361700009,
              28.215347163000047,
              99.0
            ],
            [
              112.97829836800008,
              28.214964130000055,
              99.0
            ],
            [
              112.97828426900003,
              28.214792587000034,
              99.0
            ],
            [
              112.97830894300012,
              28.214696829000047,
              99.0
            ],
            [
              112.97836034700003,
              28.21463073800004,
              99.0
            ]
          ]
        ]
      }
    },
    {
      "type": "Feature",
      "id": "历史步道.gdb:千年古刹主题支布道:25",
      "properties": {
        "Shape_Length": 268.5786620584399,
        "步道名称": "湘雅路",
        "步道长度": 268.5786620584399,
        "等级": "一般",
        "街巷简介": "",
        "名称": "湘雅路",
        "来源图层": "千年古刹主题支布道",
        "来源文件": "历史步道.gdb",
        "数据来源": "H:\\26.5长沙历史步道专项规划\\ArcGISPro历史步道\\历史步道\\历史步道.gdb",
        "坐标系统": "EPSG:4326",
        "几何类型": "MultiLineString",
        "GIS分类": "ArcGIS历史步道"
      },
      "geometry": {
        "type": "MultiLineString",
        "coordinates": [
          [
            [
              112.96839898700011,
              28.216940246000036,
              99.0
            ],
            [
              112.96932058700008,
              28.216896186000042,
              99.0
            ],
            [
              112.96961065300002,
              28.216899857000044,
              99.0
            ],
            [
              112.96976119300007,
              28.216932903000043,
              99.0
            ],
            [
              112.96993376400007,
              28.217017352000028,
              99.0
            ],
            [
              112.97028257600005,
              28.217186251000044,
              99.0
            ],
            [
              112.97053592500004,
              28.21732210400006,
              99.0
            ],
            [
              112.97072318200003,
              28.217446943000027,
              99.0
            ],
            [
              112.970811303,
              28.217582796000045,
              99.0
            ],
            [
              112.97086376700008,
              28.21762079900003,
              0.0
            ]
          ]
        ]
      }
    },
    {
      "type": "Feature",
      "id": "历史步道.gdb:千年古刹主题支布道:26",
      "properties": {
        "Shape_Length": 258.79852769576627,
        "步道名称": "新河巷",
        "步道长度": 258.79852769576627,
        "等级": "一般",
        "街巷简介": "新河巷位于开福寺—麻园岭历史城区，街巷线长约259米，邻近开福寺路、黄兴北路。",
        "名称": "新河巷",
        "来源图层": "千年古刹主题支布道",
        "来源文件": "历史步道.gdb",
        "数据来源": "H:\\26.5长沙历史步道专项规划\\ArcGISPro历史步道\\历史步道\\历史步道.gdb",
        "坐标系统": "EPSG:4326",
        "几何类型": "MultiLineString",
        "GIS分类": "ArcGIS历史步道"
      },
      "geometry": {
        "type": "MultiLineString",
        "coordinates": [
          [
            [
              112.97067295300008,
              28.22866872800006,
              99.0
            ],
            [
              112.97078104800005,
              28.228445488000034,
              99.0
            ],
            [
              112.97081159700008,
              28.228309194000076,
              99.0
            ],
            [
              112.97082334600009,
              28.228147051000064,
              99.0
            ],
            [
              112.97086329500007,
              28.227952010000024,
              99.0
            ],
            [
              112.97101368800008,
              28.22745148200005,
              99.0
            ],
            [
              112.97112648300003,
              28.22702615000003,
              99.0
            ],
            [
              112.9720011500001,
              28.22697876500007,
              0.0
            ]
          ]
        ]
      }
    },
    {
      "type": "Feature",
      "id": "历史步道.gdb:千年古刹主题支布道:27",
      "properties": {
        "Shape_Length": 262.8521467977377,
        "步道名称": "粮乳巷",
        "步道长度": 262.8521467977377,
        "等级": "一般",
        "街巷简介": "粮乳巷位于开福寺—麻园岭历史城区，街巷线长约263米，邻近开福寺东路、南园路。",
        "名称": "粮乳巷",
        "来源图层": "千年古刹主题支布道",
        "来源文件": "历史步道.gdb",
        "数据来源": "H:\\26.5长沙历史步道专项规划\\ArcGISPro历史步道\\历史步道\\历史步道.gdb",
        "坐标系统": "EPSG:4326",
        "几何类型": "MultiLineString",
        "GIS分类": "ArcGIS历史步道"
      },
      "geometry": {
        "type": "MultiLineString",
        "coordinates": [
          [
            [
              112.97818370200002,
              28.226570065000033,
              99.0
            ],
            [
              112.97854026100003,
              28.22793335700004,
              99.0
            ],
            [
              112.97877157900007,
              28.22875582100005,
              99.0
            ],
            [
              112.97880462400008,
              28.22911932100004,
              99.0
            ]
          ]
        ]
      }
    },
    {
      "type": "Feature",
      "id": "历史步道.gdb:千年古刹主题支布道:28",
      "properties": {
        "Shape_Length": 722.0908197996938,
        "步道名称": "开福寺东路",
        "步道长度": 722.0908197996938,
        "等级": "一般",
        "街巷简介": "",
        "名称": "开福寺东路",
        "来源图层": "千年古刹主题支布道",
        "来源文件": "历史步道.gdb",
        "数据来源": "H:\\26.5长沙历史步道专项规划\\ArcGISPro历史步道\\历史步道\\历史步道.gdb",
        "坐标系统": "EPSG:4326",
        "几何类型": "MultiLineString",
        "GIS分类": "ArcGIS历史步道"
      },
      "geometry": {
        "type": "MultiLineString",
        "coordinates": [
          [
            [
              112.97376224800007,
              28.226669230000027,
              99.0
            ],
            [
              112.97471634200008,
              28.226615785000035,
              99.0
            ],
            [
              112.97626973900003,
              28.226605090000078,
              99.0
            ],
            [
              112.97731514000009,
              28.226564986000028,
              99.0
            ],
            [
              112.97914392400003,
              28.226575680000053,
              99.0
            ],
            [
              112.98048075400004,
              28.226562312000055,
              99.0
            ],
            [
              112.98098072800008,
              28.226556965000043,
              99.0
            ]
          ]
        ]
      }
    },
    {
      "type": "Feature",
      "id": "历史步道.gdb:千年古刹主题支布道:29",
      "properties": {
        "Shape_Length": 274.6191497742157,
        "步道名称": "南园路",
        "步道长度": 274.6191497742157,
        "等级": "一般",
        "街巷简介": "",
        "名称": "南园路",
        "来源图层": "千年古刹主题支布道",
        "来源文件": "历史步道.gdb",
        "数据来源": "H:\\26.5长沙历史步道专项规划\\ArcGISPro历史步道\\历史步道\\历史步道.gdb",
        "坐标系统": "EPSG:4326",
        "几何类型": "MultiLineString",
        "GIS分类": "ArcGIS历史步道"
      },
      "geometry": {
        "type": "MultiLineString",
        "coordinates": [
          [
            [
              112.97655892500006,
              28.22204984700005,
              99.0
            ],
            [
              112.97679912300009,
              28.22206254200006,
              99.0
            ],
            [
              112.97687131200007,
              28.222089278000055,
              99.0
            ],
            [
              112.97694082700002,
              28.222148099000037,
              99.0
            ],
            [
              112.97697825900002,
              28.22223365600007,
              99.0
            ],
            [
              112.97709339300002,
              28.223083546000055,
              99.0
            ],
            [
              112.97717276800006,
              28.223167097000044,
              99.0
            ],
            [
              112.97721454300006,
              28.22404021500006,
              99.0
            ],
            [
              112.97735658200008,
              28.224194786000055,
              99.0
            ],
            [
              112.97747556000002,
              28.224238901000035,
              99.0
            ],
            [
              112.97749940300002,
              28.224294395000072,
              99.0
            ]
          ]
        ]
      }
    }
  ]
}
